 /* INSERT CATEGORY 1 */
INSERT INTO PI_CATEGORY_1 (PC1_ID,PC1_NAME) VALUES('G','GOVERN');
INSERT INTO PI_CATEGORY_1 (PC1_ID,PC1_NAME) VALUES('P','PLAN');
INSERT INTO PI_CATEGORY_1 (PC1_ID,PC1_NAME) VALUES('X','EXECUTE');
/* INSERT CATEGORY 2 */
INSERT INTO PI_CATEGORY_2 (PC2_ID,PC2_NAME,PC1_ID) VALUES('A','Acquire','X');
INSERT INTO PI_CATEGORY_2 (PC2_ID,PC2_NAME,PC1_ID) VALUES('B','Build','X');
INSERT INTO PI_CATEGORY_2 (PC2_ID,PC2_NAME,PC1_ID) VALUES('F','Fullfill','X');
INSERT INTO PI_CATEGORY_2 (PC2_ID,PC2_NAME,PC1_ID) VALUES('GC','Govern, Customer Relations','G');
INSERT INTO PI_CATEGORY_2 (PC2_ID,PC2_NAME,PC1_ID) VALUES('GP','Govern, Product Development','G');
INSERT INTO PI_CATEGORY_2 (PC2_ID,PC2_NAME,PC1_ID) VALUES('GS','Govern, Supply Chain','G');
INSERT INTO PI_CATEGORY_2 (PC2_ID,PC2_NAME,PC1_ID) VALUES('GV','Govern, Value Chain','G');
INSERT INTO PI_CATEGORY_2 (PC2_ID,PC2_NAME,PC1_ID) VALUES('M','Market','X');
INSERT INTO PI_CATEGORY_2 (PC2_ID,PC2_NAME,PC1_ID) VALUES('N','Brand','X');
INSERT INTO PI_CATEGORY_2 (PC2_ID,PC2_NAME,PC1_ID) VALUES('PC','Plan, Customer Relations','P');
INSERT INTO PI_CATEGORY_2 (PC2_ID,PC2_NAME,PC1_ID) VALUES('PP','Plan, Product Development','P');
INSERT INTO PI_CATEGORY_2 (PC2_ID,PC2_NAME,PC1_ID) VALUES('PS','Plan, Supply Chain','P');
INSERT INTO PI_CATEGORY_2 (PC2_ID,PC2_NAME,PC1_ID) VALUES('PV','Plan Value Chain','P');
INSERT INTO PI_CATEGORY_2 (PC2_ID,PC2_NAME,PC1_ID) VALUES('R','Research','X');
INSERT INTO PI_CATEGORY_2 (PC2_ID,PC2_NAME,PC1_ID) VALUES('S','Sell','X');
INSERT INTO PI_CATEGORY_2 (PC2_ID,PC2_NAME,PC1_ID) VALUES('U','Support','X');
/* INSERT CATEGORY 3 */
INSERT INTO PI_CATEGORY_3 (PC3_ID,PC3_NAME,PC2_ID) VALUES('A01','Qualify Supplier','A');
INSERT INTO PI_CATEGORY_3 (PC3_ID,PC3_NAME,PC2_ID) VALUES('A02','Issue Request','A');
INSERT INTO PI_CATEGORY_3 (PC3_ID,PC3_NAME,PC2_ID) VALUES('A03','Evaluate Proposal','A');
INSERT INTO PI_CATEGORY_3 (PC3_ID,PC3_NAME,PC2_ID) VALUES('A04','Negotiate Contract','A');
INSERT INTO PI_CATEGORY_3 (PC3_ID,PC3_NAME,PC2_ID) VALUES('A05','Place Order','A');
INSERT INTO PI_CATEGORY_3 (PC3_ID,PC3_NAME,PC2_ID) VALUES('A06','Receive Order','A');
INSERT INTO PI_CATEGORY_3 (PC3_ID,PC3_NAME,PC2_ID) VALUES('A07','Verify Order','A');
INSERT INTO PI_CATEGORY_3 (PC3_ID,PC3_NAME,PC2_ID) VALUES('A08','Transfer Inventory','A');
INSERT INTO PI_CATEGORY_3 (PC3_ID,PC3_NAME,PC2_ID) VALUES('A09','Authorize Payment','A');
INSERT INTO PI_CATEGORY_3 (PC3_ID,PC3_NAME,PC2_ID) VALUES('B01','Schedule Resource','B');
INSERT INTO PI_CATEGORY_3 (PC3_ID,PC3_NAME,PC2_ID) VALUES('B02','Issue Material','B');
INSERT INTO PI_CATEGORY_3 (PC3_ID,PC3_NAME,PC2_ID) VALUES('B03','Build Product','B');
INSERT INTO PI_CATEGORY_3 (PC3_ID,PC3_NAME,PC2_ID) VALUES('B04','Verify Product','B');
INSERT INTO PI_CATEGORY_3 (PC3_ID,PC3_NAME,PC2_ID) VALUES('B05','Package Product','B');
INSERT INTO PI_CATEGORY_3 (PC3_ID,PC3_NAME,PC2_ID) VALUES('B06','Stage Product','B');
INSERT INTO PI_CATEGORY_3 (PC3_ID,PC3_NAME,PC2_ID) VALUES('B07','Release Product','B');
INSERT INTO PI_CATEGORY_3 (PC3_ID,PC3_NAME,PC2_ID) VALUES('D01','Define Product Requirements','R');
INSERT INTO PI_CATEGORY_3 (PC3_ID,PC3_NAME,PC2_ID) VALUES('D02','Select Technology','R');
INSERT INTO PI_CATEGORY_3 (PC3_ID,PC3_NAME,PC2_ID) VALUES('D03','Design Product','R');
INSERT INTO PI_CATEGORY_3 (PC3_ID,PC3_NAME,PC2_ID) VALUES('D04','Design Process','R');
INSERT INTO PI_CATEGORY_3 (PC3_ID,PC3_NAME,PC2_ID) VALUES('D05','Validate Product / Process','R');
INSERT INTO PI_CATEGORY_3 (PC3_ID,PC3_NAME,PC2_ID) VALUES('D06','Align Supply Chain','R');
INSERT INTO PI_CATEGORY_3 (PC3_ID,PC3_NAME,PC2_ID) VALUES('D07','Define Product Lifecycle','R');
INSERT INTO PI_CATEGORY_3 (PC3_ID,PC3_NAME,PC2_ID) VALUES('D08','Launch Product','R');
INSERT INTO PI_CATEGORY_3 (PC3_ID,PC3_NAME,PC2_ID) VALUES('F01','Order Inquiry','F');
INSERT INTO PI_CATEGORY_3 (PC3_ID,PC3_NAME,PC2_ID) VALUES('F02','Confirm Order','F');
INSERT INTO PI_CATEGORY_3 (PC3_ID,PC3_NAME,PC2_ID) VALUES('F03','Plan Load','F');
INSERT INTO PI_CATEGORY_3 (PC3_ID,PC3_NAME,PC2_ID) VALUES('F04','Receive at Warehouse','F');
INSERT INTO PI_CATEGORY_3 (PC3_ID,PC3_NAME,PC2_ID) VALUES('F05','Fill Order','F');
INSERT INTO PI_CATEGORY_3 (PC3_ID,PC3_NAME,PC2_ID) VALUES('F06','Ship Order','F');
INSERT INTO PI_CATEGORY_3 (PC3_ID,PC3_NAME,PC2_ID) VALUES('F07','Deliver Order','F');
INSERT INTO PI_CATEGORY_3 (PC3_ID,PC3_NAME,PC2_ID) VALUES('F08','Verify Receipt','F');
INSERT INTO PI_CATEGORY_3 (PC3_ID,PC3_NAME,PC2_ID) VALUES('F09','Install & Test','F');
INSERT INTO PI_CATEGORY_3 (PC3_ID,PC3_NAME,PC2_ID) VALUES('F10','Invoice','F');
INSERT INTO PI_CATEGORY_3 (PC3_ID,PC3_NAME,PC2_ID) VALUES('GC01','Govern Customer Relations, Rules','GC');
INSERT INTO PI_CATEGORY_3 (PC3_ID,PC3_NAME,PC2_ID) VALUES('GC02','Govern Customer Relations, Process','GC');
INSERT INTO PI_CATEGORY_3 (PC3_ID,PC3_NAME,PC2_ID) VALUES('GC03','Govern Customer Relations, Information','GC');
INSERT INTO PI_CATEGORY_3 (PC3_ID,PC3_NAME,PC2_ID) VALUES('GC04','Govern Customer Relations, Finance','GC');
INSERT INTO PI_CATEGORY_3 (PC3_ID,PC3_NAME,PC2_ID) VALUES('GC05','Govern Customer Relations, Assets','GC');
INSERT INTO PI_CATEGORY_3 (PC3_ID,PC3_NAME,PC2_ID) VALUES('GC06','Govern Customer Relations, Personnel','GC');
INSERT INTO PI_CATEGORY_3 (PC3_ID,PC3_NAME,PC2_ID) VALUES('GC07','Govern Customer Relations, Network','GC');
INSERT INTO PI_CATEGORY_3 (PC3_ID,PC3_NAME,PC2_ID) VALUES('GC08','Govern Customer Relations, Change','GC');
INSERT INTO PI_CATEGORY_3 (PC3_ID,PC3_NAME,PC2_ID) VALUES('GC09','Govern Customer Relations, Compliance','GC');
INSERT INTO PI_CATEGORY_3 (PC3_ID,PC3_NAME,PC2_ID) VALUES('GC10','Govern Customer Relations, Lifecycle','GC');
INSERT INTO PI_CATEGORY_3 (PC3_ID,PC3_NAME,PC2_ID) VALUES('GP01','Govern Product Development, Rules','GP');
INSERT INTO PI_CATEGORY_3 (PC3_ID,PC3_NAME,PC2_ID) VALUES('GP02','Govern Product Development, Process','GP');
INSERT INTO PI_CATEGORY_3 (PC3_ID,PC3_NAME,PC2_ID) VALUES('GP03','Govern Product Development, Information','GP');
INSERT INTO PI_CATEGORY_3 (PC3_ID,PC3_NAME,PC2_ID) VALUES('GP04','Govern Product Development, Finance','GP');
INSERT INTO PI_CATEGORY_3 (PC3_ID,PC3_NAME,PC2_ID) VALUES('GP05','Govern Product Development, Assets','GP');
INSERT INTO PI_CATEGORY_3 (PC3_ID,PC3_NAME,PC2_ID) VALUES('GP06','Govern Product Development, Personnel','GP');
INSERT INTO PI_CATEGORY_3 (PC3_ID,PC3_NAME,PC2_ID) VALUES('GP07','Govern Product Development, Network','GP');
INSERT INTO PI_CATEGORY_3 (PC3_ID,PC3_NAME,PC2_ID) VALUES('GP08','Govern Product Development, Change','GP');
INSERT INTO PI_CATEGORY_3 (PC3_ID,PC3_NAME,PC2_ID) VALUES('GP09','Govern Product Development, Compliance','GP');
INSERT INTO PI_CATEGORY_3 (PC3_ID,PC3_NAME,PC2_ID) VALUES('GP10','Govern Product Development, Lifecycle','GP');
INSERT INTO PI_CATEGORY_3 (PC3_ID,PC3_NAME,PC2_ID) VALUES('GS01','Govern Supply Chain, Rules','GS');
INSERT INTO PI_CATEGORY_3 (PC3_ID,PC3_NAME,PC2_ID) VALUES('GS02','Govern Supply Chain, Process','GS');
INSERT INTO PI_CATEGORY_3 (PC3_ID,PC3_NAME,PC2_ID) VALUES('GS03','Govern Supply Chain, Information','GS');
INSERT INTO PI_CATEGORY_3 (PC3_ID,PC3_NAME,PC2_ID) VALUES('GS04','Govern Supply Chain, Finance','GS');
INSERT INTO PI_CATEGORY_3 (PC3_ID,PC3_NAME,PC2_ID) VALUES('GS05','Govern Supply Chain, Assets','GS');
INSERT INTO PI_CATEGORY_3 (PC3_ID,PC3_NAME,PC2_ID) VALUES('GS06','Govern Supply Chain, Personnel','GS');
INSERT INTO PI_CATEGORY_3 (PC3_ID,PC3_NAME,PC2_ID) VALUES('GS07','Govern Supply Chain, Network','GS');
INSERT INTO PI_CATEGORY_3 (PC3_ID,PC3_NAME,PC2_ID) VALUES('GS08','Govern Supply Chain, Change','GS');
INSERT INTO PI_CATEGORY_3 (PC3_ID,PC3_NAME,PC2_ID) VALUES('GS09','Govern Supply Chain, Compliance','GS');
INSERT INTO PI_CATEGORY_3 (PC3_ID,PC3_NAME,PC2_ID) VALUES('GS10','Govern Supply Chain, Lifecycle','GS');
INSERT INTO PI_CATEGORY_3 (PC3_ID,PC3_NAME,PC2_ID) VALUES('GV01','Set Strategy & Vision','GV');
INSERT INTO PI_CATEGORY_3 (PC3_ID,PC3_NAME,PC2_ID) VALUES('GV02','Set Process Policy','GV');
INSERT INTO PI_CATEGORY_3 (PC3_ID,PC3_NAME,PC2_ID) VALUES('GV03','Set Information Policy','GV');
INSERT INTO PI_CATEGORY_3 (PC3_ID,PC3_NAME,PC2_ID) VALUES('GV04','Set Financial Policy','GV');
INSERT INTO PI_CATEGORY_3 (PC3_ID,PC3_NAME,PC2_ID) VALUES('GV05','Set Asset Policy','GV');
INSERT INTO PI_CATEGORY_3 (PC3_ID,PC3_NAME,PC2_ID) VALUES('GV06','Set Organizational Policy','GV');
INSERT INTO PI_CATEGORY_3 (PC3_ID,PC3_NAME,PC2_ID) VALUES('GV07','Set Extended Network Policy','GV');
INSERT INTO PI_CATEGORY_3 (PC3_ID,PC3_NAME,PC2_ID) VALUES('GV08','Set Change Guidelines','GV');
INSERT INTO PI_CATEGORY_3 (PC3_ID,PC3_NAME,PC2_ID) VALUES('GV09','Set Compliance Policy','GV');
INSERT INTO PI_CATEGORY_3 (PC3_ID,PC3_NAME,PC2_ID) VALUES('GV10','Set Lifecycle Policy','GV');
INSERT INTO PI_CATEGORY_3 (PC3_ID,PC3_NAME,PC2_ID) VALUES('M01','Analyze Market','M');
INSERT INTO PI_CATEGORY_3 (PC3_ID,PC3_NAME,PC2_ID) VALUES('M02','Analyze Market Performance','M');
INSERT INTO PI_CATEGORY_3 (PC3_ID,PC3_NAME,PC2_ID) VALUES('M03','Define Customer Need','M');
INSERT INTO PI_CATEGORY_3 (PC3_ID,PC3_NAME,PC2_ID) VALUES('M04','Architect Solution','M');
INSERT INTO PI_CATEGORY_3 (PC3_ID,PC3_NAME,PC2_ID) VALUES('M05','Develop Business Case','M');
INSERT INTO PI_CATEGORY_3 (PC3_ID,PC3_NAME,PC2_ID) VALUES('M06','Validate Opportunity','M');
INSERT INTO PI_CATEGORY_3 (PC3_ID,PC3_NAME,PC2_ID) VALUES('M07','Create Product Roadmap','M');
INSERT INTO PI_CATEGORY_3 (PC3_ID,PC3_NAME,PC2_ID) VALUES('N01','Define Brand Requirements','N');
INSERT INTO PI_CATEGORY_3 (PC3_ID,PC3_NAME,PC2_ID) VALUES('N02','Differentiate Brand','N');
INSERT INTO PI_CATEGORY_3 (PC3_ID,PC3_NAME,PC2_ID) VALUES('N03','Select Channel','N');
INSERT INTO PI_CATEGORY_3 (PC3_ID,PC3_NAME,PC2_ID) VALUES('N04','Architect Brand','N');
INSERT INTO PI_CATEGORY_3 (PC3_ID,PC3_NAME,PC2_ID) VALUES('N05','Validate Brand','N');
INSERT INTO PI_CATEGORY_3 (PC3_ID,PC3_NAME,PC2_ID) VALUES('N06','Protect Brand','N');
INSERT INTO PI_CATEGORY_3 (PC3_ID,PC3_NAME,PC2_ID) VALUES('N07','Assess Network Capabilities','N');
INSERT INTO PI_CATEGORY_3 (PC3_ID,PC3_NAME,PC2_ID) VALUES('N08','Create Marketing Roadmap','N');
INSERT INTO PI_CATEGORY_3 (PC3_ID,PC3_NAME,PC2_ID) VALUES('N09','Launch Brand','N');
INSERT INTO PI_CATEGORY_3 (PC3_ID,PC3_NAME,PC2_ID) VALUES('PC1','Gather Requirements, Customer Relations','PC');
INSERT INTO PI_CATEGORY_3 (PC3_ID,PC3_NAME,PC2_ID) VALUES('PC2','Assess Resources, Customer Relations','PC');
INSERT INTO PI_CATEGORY_3 (PC3_ID,PC3_NAME,PC2_ID) VALUES('PC3','Align Resources, Customer Relations','PC');
INSERT INTO PI_CATEGORY_3 (PC3_ID,PC3_NAME,PC2_ID) VALUES('PC4','Create Plan, Customer Relations','PC');
INSERT INTO PI_CATEGORY_3 (PC3_ID,PC3_NAME,PC2_ID) VALUES('PP1','Gather Requirements, Product Development','PP');
INSERT INTO PI_CATEGORY_3 (PC3_ID,PC3_NAME,PC2_ID) VALUES('PP2','Assess Resources, Product Development','PP');
INSERT INTO PI_CATEGORY_3 (PC3_ID,PC3_NAME,PC2_ID) VALUES('PP3','Align Resources, Product Development','PP');
INSERT INTO PI_CATEGORY_3 (PC3_ID,PC3_NAME,PC2_ID) VALUES('PP4','Create Plan, Product Development','PP');
INSERT INTO PI_CATEGORY_3 (PC3_ID,PC3_NAME,PC2_ID) VALUES('PS1','Gather Requirements, Supply Chain','PS');
INSERT INTO PI_CATEGORY_3 (PC3_ID,PC3_NAME,PC2_ID) VALUES('PS2','Assess Resources, Supply Chain','PS');
INSERT INTO PI_CATEGORY_3 (PC3_ID,PC3_NAME,PC2_ID) VALUES('PS3','Align Resources, Supply Chain','PS');
INSERT INTO PI_CATEGORY_3 (PC3_ID,PC3_NAME,PC2_ID) VALUES('PS4','Create Plan, Supply Chain','PS');
INSERT INTO PI_CATEGORY_3 (PC3_ID,PC3_NAME,PC2_ID) VALUES('PV1','Gather Requirements, Value Chain','PV');
INSERT INTO PI_CATEGORY_3 (PC3_ID,PC3_NAME,PC2_ID) VALUES('PV2','Assess Resources, Value Chain','PV');
INSERT INTO PI_CATEGORY_3 (PC3_ID,PC3_NAME,PC2_ID) VALUES('PV3','Align Resources, Value Chain','PV');
INSERT INTO PI_CATEGORY_3 (PC3_ID,PC3_NAME,PC2_ID) VALUES('PV4','Create Plan, Value Chain','PV');
INSERT INTO PI_CATEGORY_3 (PC3_ID,PC3_NAME,PC2_ID) VALUES('R01','Define Research Opportunity','R');
INSERT INTO PI_CATEGORY_3 (PC3_ID,PC3_NAME,PC2_ID) VALUES('R02','Forecast Technology Lifecycle','R');
INSERT INTO PI_CATEGORY_3 (PC3_ID,PC3_NAME,PC2_ID) VALUES('R03','Acquire Technology','R');
INSERT INTO PI_CATEGORY_3 (PC3_ID,PC3_NAME,PC2_ID) VALUES('R04','Define New Technology','R');
INSERT INTO PI_CATEGORY_3 (PC3_ID,PC3_NAME,PC2_ID) VALUES('R05','Validate Technology','R');
INSERT INTO PI_CATEGORY_3 (PC3_ID,PC3_NAME,PC2_ID) VALUES('R06','Protect Technology','R');
INSERT INTO PI_CATEGORY_3 (PC3_ID,PC3_NAME,PC2_ID) VALUES('R07','Transfer Technology','R');
INSERT INTO PI_CATEGORY_3 (PC3_ID,PC3_NAME,PC2_ID) VALUES('R08','Introduce Technology','R');
INSERT INTO PI_CATEGORY_3 (PC3_ID,PC3_NAME,PC2_ID) VALUES('S01','Target Customer','S');
INSERT INTO PI_CATEGORY_3 (PC3_ID,PC3_NAME,PC2_ID) VALUES('S02','Qualify Target','S');
INSERT INTO PI_CATEGORY_3 (PC3_ID,PC3_NAME,PC2_ID) VALUES('S03','Position Solution','S');
INSERT INTO PI_CATEGORY_3 (PC3_ID,PC3_NAME,PC2_ID) VALUES('S04','Develop Relationship','S');
INSERT INTO PI_CATEGORY_3 (PC3_ID,PC3_NAME,PC2_ID) VALUES('S05','Assess Needs & Expectations','S');
INSERT INTO PI_CATEGORY_3 (PC3_ID,PC3_NAME,PC2_ID) VALUES('S06','Develop Proposal','S');
INSERT INTO PI_CATEGORY_3 (PC3_ID,PC3_NAME,PC2_ID) VALUES('S07','Present Proposal','S');
INSERT INTO PI_CATEGORY_3 (PC3_ID,PC3_NAME,PC2_ID) VALUES('S08','Finalize Contract','S');
INSERT INTO PI_CATEGORY_3 (PC3_ID,PC3_NAME,PC2_ID) VALUES('S09','Review Win / Lost','S');
INSERT INTO PI_CATEGORY_3 (PC3_ID,PC3_NAME,PC2_ID) VALUES('U01','Register Customer','U');
INSERT INTO PI_CATEGORY_3 (PC3_ID,PC3_NAME,PC2_ID) VALUES('U02','Manage Incident','U');
INSERT INTO PI_CATEGORY_3 (PC3_ID,PC3_NAME,PC2_ID) VALUES('U03','Resolve Problem','U');
INSERT INTO PI_CATEGORY_3 (PC3_ID,PC3_NAME,PC2_ID) VALUES('U04','Process Return','U');
INSERT INTO PI_CATEGORY_3 (PC3_ID,PC3_NAME,PC2_ID) VALUES('U05','Educate Customer','U');
INSERT INTO PI_CATEGORY_3 (PC3_ID,PC3_NAME,PC2_ID) VALUES('U06','Deliver Service','U');
INSERT INTO PI_CATEGORY_3 (PC3_ID,PC3_NAME,PC2_ID) VALUES('U07','Monitor Experience','U');
/* INSERT DIMENSION */
INSERT INTO PI_DIMENSION (PDI_ID,PDI_NAME) VALUES('DIM_1','???');
INSERT INTO PI_DIMENSION (PDI_ID,PDI_NAME) VALUES('DIM_2','Adaptability');
INSERT INTO PI_DIMENSION (PDI_ID,PDI_NAME) VALUES('DIM_3','Adaptibility');
INSERT INTO PI_DIMENSION (PDI_ID,PDI_NAME) VALUES('DIM_4','Addaptability');
INSERT INTO PI_DIMENSION (PDI_ID,PDI_NAME) VALUES('DIM_5','Asset');
INSERT INTO PI_DIMENSION (PDI_ID,PDI_NAME) VALUES('DIM_6','Cost');
INSERT INTO PI_DIMENSION (PDI_ID,PDI_NAME) VALUES('DIM_7','Customer');
INSERT INTO PI_DIMENSION (PDI_ID,PDI_NAME) VALUES('DIM_8','Innovation');
INSERT INTO PI_DIMENSION (PDI_ID,PDI_NAME) VALUES('DIM_9','Reliability');
INSERT INTO PI_DIMENSION (PDI_ID,PDI_NAME) VALUES('DIM_10','Velocity');
/* INSERT FIELD */
INSERT INTO PI_FIELD (PFI_ID,PFI_NAME) VALUES('FIELD_1','???');
INSERT INTO PI_FIELD (PFI_ID,PFI_NAME) VALUES('FIELD_2','Abandon Rate');
INSERT INTO PI_FIELD (PFI_ID,PFI_NAME) VALUES('FIELD_3','Accident Rate');
INSERT INTO PI_FIELD (PFI_ID,PFI_NAME) VALUES('FIELD_4','Accident Ratio');
INSERT INTO PI_FIELD (PFI_ID,PFI_NAME) VALUES('FIELD_5','Accounts Payable');
INSERT INTO PI_FIELD (PFI_ID,PFI_NAME) VALUES('FIELD_6','Acquire Lead Time');
INSERT INTO PI_FIELD (PFI_ID,PFI_NAME) VALUES('FIELD_7','Acquire Technology');
INSERT INTO PI_FIELD (PFI_ID,PFI_NAME) VALUES('FIELD_8','Actual Staffing vs. Plan');
INSERT INTO PI_FIELD (PFI_ID,PFI_NAME) VALUES('FIELD_9','Align Resources Customer');
INSERT INTO PI_FIELD (PFI_ID,PFI_NAME) VALUES('FIELD_10','Align Resources Customer Relation');
INSERT INTO PI_FIELD (PFI_ID,PFI_NAME) VALUES('FIELD_11','Align Resources Customer Relations');
INSERT INTO PI_FIELD (PFI_ID,PFI_NAME) VALUES('FIELD_12','Align Resources Product');
INSERT INTO PI_FIELD (PFI_ID,PFI_NAME) VALUES('FIELD_13','Align Resources Product Development');
INSERT INTO PI_FIELD (PFI_ID,PFI_NAME) VALUES('FIELD_14','Align Resources Supply Chain');
INSERT INTO PI_FIELD (PFI_ID,PFI_NAME) VALUES('FIELD_15','Align Resources Value Chain');
INSERT INTO PI_FIELD (PFI_ID,PFI_NAME) VALUES('FIELD_16','Align Value Chain');
INSERT INTO PI_FIELD (PFI_ID,PFI_NAME) VALUES('FIELD_17','Analyze Market');
INSERT INTO PI_FIELD (PFI_ID,PFI_NAME) VALUES('FIELD_18','Analyze Market Performance');
INSERT INTO PI_FIELD (PFI_ID,PFI_NAME) VALUES('FIELD_19','Annual Interest Coverage');
INSERT INTO PI_FIELD (PFI_ID,PFI_NAME) VALUES('FIELD_20','Annualized Service Event Rate');
INSERT INTO PI_FIELD (PFI_ID,PFI_NAME) VALUES('FIELD_21','Anticipated Growth Rate');
INSERT INTO PI_FIELD (PFI_ID,PFI_NAME) VALUES('FIELD_22','Architect Brand');
INSERT INTO PI_FIELD (PFI_ID,PFI_NAME) VALUES('FIELD_23','Architect Solution');
INSERT INTO PI_FIELD (PFI_ID,PFI_NAME) VALUES('FIELD_24','Asses Resources Value Chain');
INSERT INTO PI_FIELD (PFI_ID,PFI_NAME) VALUES('FIELD_25','Assess Customer');
INSERT INTO PI_FIELD (PFI_ID,PFI_NAME) VALUES('FIELD_26','Assess Customer Need');
INSERT INTO PI_FIELD (PFI_ID,PFI_NAME) VALUES('FIELD_27','Assess Network');
INSERT INTO PI_FIELD (PFI_ID,PFI_NAME) VALUES('FIELD_28','Assess Network Capabilities');
INSERT INTO PI_FIELD (PFI_ID,PFI_NAME) VALUES('FIELD_29','Assess Resources');
INSERT INTO PI_FIELD (PFI_ID,PFI_NAME) VALUES('FIELD_30','Assess Resources Customer Relations');
INSERT INTO PI_FIELD (PFI_ID,PFI_NAME) VALUES('FIELD_31','Assess Resources Product');
INSERT INTO PI_FIELD (PFI_ID,PFI_NAME) VALUES('FIELD_32','Assess Resources Product Development');
INSERT INTO PI_FIELD (PFI_ID,PFI_NAME) VALUES('FIELD_33','Assess Resources Supply Chain');
INSERT INTO PI_FIELD (PFI_ID,PFI_NAME) VALUES('FIELD_34','Assess Resources Value Chain');
INSERT INTO PI_FIELD (PFI_ID,PFI_NAME) VALUES('FIELD_35','Assets');
INSERT INTO PI_FIELD (PFI_ID,PFI_NAME) VALUES('FIELD_36','Authorize Payment');
INSERT INTO PI_FIELD (PFI_ID,PFI_NAME) VALUES('FIELD_37','Average Number of Parts');
INSERT INTO PI_FIELD (PFI_ID,PFI_NAME) VALUES('FIELD_38','Average Order Size');
INSERT INTO PI_FIELD (PFI_ID,PFI_NAME) VALUES('FIELD_39','Average Product Failure Rate');
INSERT INTO PI_FIELD (PFI_ID,PFI_NAME) VALUES('FIELD_40','Average Profit per Customer');
INSERT INTO PI_FIELD (PFI_ID,PFI_NAME) VALUES('FIELD_41','Average Training Hours');
INSERT INTO PI_FIELD (PFI_ID,PFI_NAME) VALUES('FIELD_42','Avg Absolute Deviation');
INSERT INTO PI_FIELD (PFI_ID,PFI_NAME) VALUES('FIELD_43','Avg Absolute Error');
INSERT INTO PI_FIELD (PFI_ID,PFI_NAME) VALUES('FIELD_44','Brand Depth');
INSERT INTO PI_FIELD (PFI_ID,PFI_NAME) VALUES('FIELD_45','Brand Distinctiveness');
INSERT INTO PI_FIELD (PFI_ID,PFI_NAME) VALUES('FIELD_46','Break Even Time');
INSERT INTO PI_FIELD (PFI_ID,PFI_NAME) VALUES('FIELD_47','Build Cycle Time');
INSERT INTO PI_FIELD (PFI_ID,PFI_NAME) VALUES('FIELD_48','Build Product');
INSERT INTO PI_FIELD (PFI_ID,PFI_NAME) VALUES('FIELD_49','Business Rule Conformance');
INSERT INTO PI_FIELD (PFI_ID,PFI_NAME) VALUES('FIELD_50','Capabilities');
INSERT INTO PI_FIELD (PFI_ID,PFI_NAME) VALUES('FIELD_51','Carrier Quote Response Time');
INSERT INTO PI_FIELD (PFI_ID,PFI_NAME) VALUES('FIELD_52','Carrying Cost');
INSERT INTO PI_FIELD (PFI_ID,PFI_NAME) VALUES('FIELD_53','Chain');
INSERT INTO PI_FIELD (PFI_ID,PFI_NAME) VALUES('FIELD_54','Change Guidelines');
INSERT INTO PI_FIELD (PFI_ID,PFI_NAME) VALUES('FIELD_55','Channel Headcount');
INSERT INTO PI_FIELD (PFI_ID,PFI_NAME) VALUES('FIELD_56','Channels');
INSERT INTO PI_FIELD (PFI_ID,PFI_NAME) VALUES('FIELD_57','Collaborative Design Supplier Ratio');
INSERT INTO PI_FIELD (PFI_ID,PFI_NAME) VALUES('FIELD_58','Competitive Contract Win Rate');
INSERT INTO PI_FIELD (PFI_ID,PFI_NAME) VALUES('FIELD_59','Complete Inventory Transfers');
INSERT INTO PI_FIELD (PFI_ID,PFI_NAME) VALUES('FIELD_60','Confirm Order');
INSERT INTO PI_FIELD (PFI_ID,PFI_NAME) VALUES('FIELD_61','Corporate');
INSERT INTO PI_FIELD (PFI_ID,PFI_NAME) VALUES('FIELD_62','Corporate Assets');
INSERT INTO PI_FIELD (PFI_ID,PFI_NAME) VALUES('FIELD_63','Corporate Value Added Time');
INSERT INTO PI_FIELD (PFI_ID,PFI_NAME) VALUES('FIELD_64','Corrective Actions Right First Time');
INSERT INTO PI_FIELD (PFI_ID,PFI_NAME) VALUES('FIELD_65','Cost');
INSERT INTO PI_FIELD (PFI_ID,PFI_NAME) VALUES('FIELD_66','Cost of Capital Systems or 3rd Party Services');
INSERT INTO PI_FIELD (PFI_ID,PFI_NAME) VALUES('FIELD_67','Cost of Compliance');
INSERT INTO PI_FIELD (PFI_ID,PFI_NAME) VALUES('FIELD_68','Cost of Customer Assists');
INSERT INTO PI_FIELD (PFI_ID,PFI_NAME) VALUES('FIELD_69','Cost of Engineering Change in Design');
INSERT INTO PI_FIELD (PFI_ID,PFI_NAME) VALUES('FIELD_70','Cost of Goods Sold');
INSERT INTO PI_FIELD (PFI_ID,PFI_NAME) VALUES('FIELD_71','Cost of Quality');
INSERT INTO PI_FIELD (PFI_ID,PFI_NAME) VALUES('FIELD_72','Cost per Invoice');
INSERT INTO PI_FIELD (PFI_ID,PFI_NAME) VALUES('FIELD_73','Create Marketing');
INSERT INTO PI_FIELD (PFI_ID,PFI_NAME) VALUES('FIELD_74','Create Marketing Roadmap');
INSERT INTO PI_FIELD (PFI_ID,PFI_NAME) VALUES('FIELD_75','Create Plan Customer Realtions');
INSERT INTO PI_FIELD (PFI_ID,PFI_NAME) VALUES('FIELD_76','Create Plan Customer Relations');
INSERT INTO PI_FIELD (PFI_ID,PFI_NAME) VALUES('FIELD_77','Create Plan Product Development');
INSERT INTO PI_FIELD (PFI_ID,PFI_NAME) VALUES('FIELD_78','Create Plan Supply Chain');
INSERT INTO PI_FIELD (PFI_ID,PFI_NAME) VALUES('FIELD_79','Create Plan Value Chain');
INSERT INTO PI_FIELD (PFI_ID,PFI_NAME) VALUES('FIELD_80','Create Product Roadmap');
INSERT INTO PI_FIELD (PFI_ID,PFI_NAME) VALUES('FIELD_81','Current Maturities & Long Term Debt Coverage');
INSERT INTO PI_FIELD (PFI_ID,PFI_NAME) VALUES('FIELD_82','Custom Intervention Delays');
INSERT INTO PI_FIELD (PFI_ID,PFI_NAME) VALUES('FIELD_83','Customer');
INSERT INTO PI_FIELD (PFI_ID,PFI_NAME) VALUES('FIELD_84','Customer Commit Response Time Met');
INSERT INTO PI_FIELD (PFI_ID,PFI_NAME) VALUES('FIELD_85','Customer Profitability Margin');
INSERT INTO PI_FIELD (PFI_ID,PFI_NAME) VALUES('FIELD_86','Customer Realtions');
INSERT INTO PI_FIELD (PFI_ID,PFI_NAME) VALUES('FIELD_87','Customer Relations');
INSERT INTO PI_FIELD (PFI_ID,PFI_NAME) VALUES('FIELD_88','Customer Relations Assets');
INSERT INTO PI_FIELD (PFI_ID,PFI_NAME) VALUES('FIELD_89','Customer Request Lead Time');
INSERT INTO PI_FIELD (PFI_ID,PFI_NAME) VALUES('FIELD_90','Customers');
INSERT INTO PI_FIELD (PFI_ID,PFI_NAME) VALUES('FIELD_91','Cycle Time');
INSERT INTO PI_FIELD (PFI_ID,PFI_NAME) VALUES('FIELD_92','Days');
INSERT INTO PI_FIELD (PFI_ID,PFI_NAME) VALUES('FIELD_93','Defective Spare Parts Delivered');
INSERT INTO PI_FIELD (PFI_ID,PFI_NAME) VALUES('FIELD_94','Define Customer');
INSERT INTO PI_FIELD (PFI_ID,PFI_NAME) VALUES('FIELD_95','Define Customer Need');
INSERT INTO PI_FIELD (PFI_ID,PFI_NAME) VALUES('FIELD_96','Define Market');
INSERT INTO PI_FIELD (PFI_ID,PFI_NAME) VALUES('FIELD_97','Define Marketing Re');
INSERT INTO PI_FIELD (PFI_ID,PFI_NAME) VALUES('FIELD_98','Define Marketing Req');
INSERT INTO PI_FIELD (PFI_ID,PFI_NAME) VALUES('FIELD_99','Define Marketing Requirements');
INSERT INTO PI_FIELD (PFI_ID,PFI_NAME) VALUES('FIELD_100','Define New Technology');
INSERT INTO PI_FIELD (PFI_ID,PFI_NAME) VALUES('FIELD_101','Define Product Lifecycle');
INSERT INTO PI_FIELD (PFI_ID,PFI_NAME) VALUES('FIELD_102','Define Requirements');
INSERT INTO PI_FIELD (PFI_ID,PFI_NAME) VALUES('FIELD_103','Define Research');
INSERT INTO PI_FIELD (PFI_ID,PFI_NAME) VALUES('FIELD_104','Define Research Opportunity');
INSERT INTO PI_FIELD (PFI_ID,PFI_NAME) VALUES('FIELD_105','Deliver Order');
INSERT INTO PI_FIELD (PFI_ID,PFI_NAME) VALUES('FIELD_106','Deliver Service');
INSERT INTO PI_FIELD (PFI_ID,PFI_NAME) VALUES('FIELD_107','Demand');
INSERT INTO PI_FIELD (PFI_ID,PFI_NAME) VALUES('FIELD_108','Demand Flexibility');
INSERT INTO PI_FIELD (PFI_ID,PFI_NAME) VALUES('FIELD_109','Design Process');
INSERT INTO PI_FIELD (PFI_ID,PFI_NAME) VALUES('FIELD_110','Design Product');
INSERT INTO PI_FIELD (PFI_ID,PFI_NAME) VALUES('FIELD_111','Develop');
INSERT INTO PI_FIELD (PFI_ID,PFI_NAME) VALUES('FIELD_112','Develop Business Case');
INSERT INTO PI_FIELD (PFI_ID,PFI_NAME) VALUES('FIELD_113','Develop Proposal');
INSERT INTO PI_FIELD (PFI_ID,PFI_NAME) VALUES('FIELD_114','Develop Relationship');
INSERT INTO PI_FIELD (PFI_ID,PFI_NAME) VALUES('FIELD_115','Development');
INSERT INTO PI_FIELD (PFI_ID,PFI_NAME) VALUES('FIELD_116','Dollar Value of New Products Developed');
INSERT INTO PI_FIELD (PFI_ID,PFI_NAME) VALUES('FIELD_117','Dollar Value of Process Improvements');
INSERT INTO PI_FIELD (PFI_ID,PFI_NAME) VALUES('FIELD_118','Downside Delivery Adaptability');
INSERT INTO PI_FIELD (PFI_ID,PFI_NAME) VALUES('FIELD_119','Downside Installation Adaptability');
INSERT INTO PI_FIELD (PFI_ID,PFI_NAME) VALUES('FIELD_120','Downside Order Adaptability');
INSERT INTO PI_FIELD (PFI_ID,PFI_NAME) VALUES('FIELD_121','Downside Production Adaptability');
INSERT INTO PI_FIELD (PFI_ID,PFI_NAME) VALUES('FIELD_122','Downside Shipment Adaptability');
INSERT INTO PI_FIELD (PFI_ID,PFI_NAME) VALUES('FIELD_123','Earnings per Share');
INSERT INTO PI_FIELD (PFI_ID,PFI_NAME) VALUES('FIELD_124','Educate Customer');
INSERT INTO PI_FIELD (PFI_ID,PFI_NAME) VALUES('FIELD_125','Engineering Change Cycle Time');
INSERT INTO PI_FIELD (PFI_ID,PFI_NAME) VALUES('FIELD_126','Engineering Change Order Impact');
INSERT INTO PI_FIELD (PFI_ID,PFI_NAME) VALUES('FIELD_127','Estimated');
INSERT INTO PI_FIELD (PFI_ID,PFI_NAME) VALUES('FIELD_128','Evaluate Proposal');
INSERT INTO PI_FIELD (PFI_ID,PFI_NAME) VALUES('FIELD_129','Existing');
INSERT INTO PI_FIELD (PFI_ID,PFI_NAME) VALUES('FIELD_130','Existing Items');
INSERT INTO PI_FIELD (PFI_ID,PFI_NAME) VALUES('FIELD_131','Existing Products');
INSERT INTO PI_FIELD (PFI_ID,PFI_NAME) VALUES('FIELD_132','Existing Suppliers');
INSERT INTO PI_FIELD (PFI_ID,PFI_NAME) VALUES('FIELD_133','Expected Commercial Value');
INSERT INTO PI_FIELD (PFI_ID,PFI_NAME) VALUES('FIELD_134','Export Shipment Processing Time');
INSERT INTO PI_FIELD (PFI_ID,PFI_NAME) VALUES('FIELD_135','Facing Fill Rate');
INSERT INTO PI_FIELD (PFI_ID,PFI_NAME) VALUES('FIELD_136','Feedback Effectiveness');
INSERT INTO PI_FIELD (PFI_ID,PFI_NAME) VALUES('FIELD_137','Fill Order');
INSERT INTO PI_FIELD (PFI_ID,PFI_NAME) VALUES('FIELD_138','Finalize Contract');
INSERT INTO PI_FIELD (PFI_ID,PFI_NAME) VALUES('FIELD_139','First to Market Products');
INSERT INTO PI_FIELD (PFI_ID,PFI_NAME) VALUES('FIELD_140','Forecast');
INSERT INTO PI_FIELD (PFI_ID,PFI_NAME) VALUES('FIELD_141','Forecast Accuracy');
INSERT INTO PI_FIELD (PFI_ID,PFI_NAME) VALUES('FIELD_142','Forecast and Demand Planning Costs');
INSERT INTO PI_FIELD (PFI_ID,PFI_NAME) VALUES('FIELD_143','Forecast Technology');
INSERT INTO PI_FIELD (PFI_ID,PFI_NAME) VALUES('FIELD_144','Frequency of Planning Analysis');
INSERT INTO PI_FIELD (PFI_ID,PFI_NAME) VALUES('FIELD_145','Gather Requirements Customer');
INSERT INTO PI_FIELD (PFI_ID,PFI_NAME) VALUES('FIELD_146','Gather Requirements Customer Relations');
INSERT INTO PI_FIELD (PFI_ID,PFI_NAME) VALUES('FIELD_147','Gather Requirements Fulfill');
INSERT INTO PI_FIELD (PFI_ID,PFI_NAME) VALUES('FIELD_148','Gather Requirements Product');
INSERT INTO PI_FIELD (PFI_ID,PFI_NAME) VALUES('FIELD_149','Gather Requirements Supply Chain');
INSERT INTO PI_FIELD (PFI_ID,PFI_NAME) VALUES('FIELD_150','Gather Requirements Value Chain');
INSERT INTO PI_FIELD (PFI_ID,PFI_NAME) VALUES('FIELD_151','Govern Assets Customer Relations');
INSERT INTO PI_FIELD (PFI_ID,PFI_NAME) VALUES('FIELD_152','Govern Assets Product Development');
INSERT INTO PI_FIELD (PFI_ID,PFI_NAME) VALUES('FIELD_153','Govern Assets Supply Chain');
INSERT INTO PI_FIELD (PFI_ID,PFI_NAME) VALUES('FIELD_154','Govern Change Customer Realtions');
INSERT INTO PI_FIELD (PFI_ID,PFI_NAME) VALUES('FIELD_155','Govern Change Customer Relations');
INSERT INTO PI_FIELD (PFI_ID,PFI_NAME) VALUES('FIELD_156','Govern Change Product Development');
INSERT INTO PI_FIELD (PFI_ID,PFI_NAME) VALUES('FIELD_157','Govern Change Supply Chain');
INSERT INTO PI_FIELD (PFI_ID,PFI_NAME) VALUES('FIELD_158','Govern Finance Customer Realtions');
INSERT INTO PI_FIELD (PFI_ID,PFI_NAME) VALUES('FIELD_159','Govern Finance Customer Relations');
INSERT INTO PI_FIELD (PFI_ID,PFI_NAME) VALUES('FIELD_160','Govern Finance Product Development');
INSERT INTO PI_FIELD (PFI_ID,PFI_NAME) VALUES('FIELD_161','Govern Finance Supply Chain');
INSERT INTO PI_FIELD (PFI_ID,PFI_NAME) VALUES('FIELD_162','Govern Information Customer Relations');
INSERT INTO PI_FIELD (PFI_ID,PFI_NAME) VALUES('FIELD_163','Govern Information Product');
INSERT INTO PI_FIELD (PFI_ID,PFI_NAME) VALUES('FIELD_164','Govern Information Product Development');
INSERT INTO PI_FIELD (PFI_ID,PFI_NAME) VALUES('FIELD_165','Govern Information Supply Chain');
INSERT INTO PI_FIELD (PFI_ID,PFI_NAME) VALUES('FIELD_166','Govern Lifecycle Customer Relations');
INSERT INTO PI_FIELD (PFI_ID,PFI_NAME) VALUES('FIELD_167','Govern Lifecycle Product Development');
INSERT INTO PI_FIELD (PFI_ID,PFI_NAME) VALUES('FIELD_168','Govern Lifecycle Supply Chain');
INSERT INTO PI_FIELD (PFI_ID,PFI_NAME) VALUES('FIELD_169','Govern Network Customer Relations');
INSERT INTO PI_FIELD (PFI_ID,PFI_NAME) VALUES('FIELD_170','Govern Network Product Development');
INSERT INTO PI_FIELD (PFI_ID,PFI_NAME) VALUES('FIELD_171','Govern Network Supply Chain');
INSERT INTO PI_FIELD (PFI_ID,PFI_NAME) VALUES('FIELD_172','Govern Performance Customer');
INSERT INTO PI_FIELD (PFI_ID,PFI_NAME) VALUES('FIELD_173','Govern Performance Customer Relations');
INSERT INTO PI_FIELD (PFI_ID,PFI_NAME) VALUES('FIELD_174','Govern Performance Product');
INSERT INTO PI_FIELD (PFI_ID,PFI_NAME) VALUES('FIELD_175','Govern Performance Supply Chain');
INSERT INTO PI_FIELD (PFI_ID,PFI_NAME) VALUES('FIELD_176','Govern Personnel Customer Relations');
INSERT INTO PI_FIELD (PFI_ID,PFI_NAME) VALUES('FIELD_177','Govern Personnel Product Developmen');
INSERT INTO PI_FIELD (PFI_ID,PFI_NAME) VALUES('FIELD_178','Govern Personnel Supply Chain');
INSERT INTO PI_FIELD (PFI_ID,PFI_NAME) VALUES('FIELD_179','Govern Rules Customer Relations');
INSERT INTO PI_FIELD (PFI_ID,PFI_NAME) VALUES('FIELD_180','Govern Rules Product Development');
INSERT INTO PI_FIELD (PFI_ID,PFI_NAME) VALUES('FIELD_181','Govern Rules Supply Chain');
INSERT INTO PI_FIELD (PFI_ID,PFI_NAME) VALUES('FIELD_182','Govern Supply Chain');
INSERT INTO PI_FIELD (PFI_ID,PFI_NAME) VALUES('FIELD_183','Government Regulatory Compliance');
INSERT INTO PI_FIELD (PFI_ID,PFI_NAME) VALUES('FIELD_184','Information Dissemination Cycle');
INSERT INTO PI_FIELD (PFI_ID,PFI_NAME) VALUES('FIELD_185','Information System Cost Ratio');
INSERT INTO PI_FIELD (PFI_ID,PFI_NAME) VALUES('FIELD_186','Install & Test');
INSERT INTO PI_FIELD (PFI_ID,PFI_NAME) VALUES('FIELD_187','Introduce Technology');
INSERT INTO PI_FIELD (PFI_ID,PFI_NAME) VALUES('FIELD_188','Inventory Count Accuracy');
INSERT INTO PI_FIELD (PFI_ID,PFI_NAME) VALUES('FIELD_189','Invoice');
INSERT INTO PI_FIELD (PFI_ID,PFI_NAME) VALUES('FIELD_190','Invoice Errors');
INSERT INTO PI_FIELD (PFI_ID,PFI_NAME) VALUES('FIELD_191','Invoice Management Cost');
INSERT INTO PI_FIELD (PFI_ID,PFI_NAME) VALUES('FIELD_192','Issue Material');
INSERT INTO PI_FIELD (PFI_ID,PFI_NAME) VALUES('FIELD_193','Issue Request');
INSERT INTO PI_FIELD (PFI_ID,PFI_NAME) VALUES('FIELD_194','Launch Brand');
INSERT INTO PI_FIELD (PFI_ID,PFI_NAME) VALUES('FIELD_195','Launch Product');
INSERT INTO PI_FIELD (PFI_ID,PFI_NAME) VALUES('FIELD_196','Lifecycle Policy');
INSERT INTO PI_FIELD (PFI_ID,PFI_NAME) VALUES('FIELD_197','Lost Sales Ratio');
INSERT INTO PI_FIELD (PFI_ID,PFI_NAME) VALUES('FIELD_198','Manage Incident');
INSERT INTO PI_FIELD (PFI_ID,PFI_NAME) VALUES('FIELD_199','Map Marketing Resources');
INSERT INTO PI_FIELD (PFI_ID,PFI_NAME) VALUES('FIELD_200','Material %');
INSERT INTO PI_FIELD (PFI_ID,PFI_NAME) VALUES('FIELD_201','Monitor Experience');
INSERT INTO PI_FIELD (PFI_ID,PFI_NAME) VALUES('FIELD_202','Need');
INSERT INTO PI_FIELD (PFI_ID,PFI_NAME) VALUES('FIELD_203','Negotiate Contract');
INSERT INTO PI_FIELD (PFI_ID,PFI_NAME) VALUES('FIELD_204','Negotiated Agreement Errors / Omissions');
INSERT INTO PI_FIELD (PFI_ID,PFI_NAME) VALUES('FIELD_205','Network Policy');
INSERT INTO PI_FIELD (PFI_ID,PFI_NAME) VALUES('FIELD_206','New Account Rate');
INSERT INTO PI_FIELD (PFI_ID,PFI_NAME) VALUES('FIELD_207','New Product Development');
INSERT INTO PI_FIELD (PFI_ID,PFI_NAME) VALUES('FIELD_208','Number of Complaints');
INSERT INTO PI_FIELD (PFI_ID,PFI_NAME) VALUES('FIELD_209','Number of Designs Initiated');
INSERT INTO PI_FIELD (PFI_ID,PFI_NAME) VALUES('FIELD_210','Number of Engineer Change Orders');
INSERT INTO PI_FIELD (PFI_ID,PFI_NAME) VALUES('FIELD_211','Number of Engineering Changes');
INSERT INTO PI_FIELD (PFI_ID,PFI_NAME) VALUES('FIELD_212','Number of Patent Applications');
INSERT INTO PI_FIELD (PFI_ID,PFI_NAME) VALUES('FIELD_213','On Time Delivery Variance');
INSERT INTO PI_FIELD (PFI_ID,PFI_NAME) VALUES('FIELD_214','Opportunity');
INSERT INTO PI_FIELD (PFI_ID,PFI_NAME) VALUES('FIELD_215','Order Inquiry');
INSERT INTO PI_FIELD (PFI_ID,PFI_NAME) VALUES('FIELD_216','Orders');
INSERT INTO PI_FIELD (PFI_ID,PFI_NAME) VALUES('FIELD_217','Package Product');
INSERT INTO PI_FIELD (PFI_ID,PFI_NAME) VALUES('FIELD_218','Percentage of Faultless Installations');
INSERT INTO PI_FIELD (PFI_ID,PFI_NAME) VALUES('FIELD_219','Performance Policy');
INSERT INTO PI_FIELD (PFI_ID,PFI_NAME) VALUES('FIELD_220','Performance to Voice of Customer at Prototype');
INSERT INTO PI_FIELD (PFI_ID,PFI_NAME) VALUES('FIELD_221','Place Order');
INSERT INTO PI_FIELD (PFI_ID,PFI_NAME) VALUES('FIELD_222','Plan Load');
INSERT INTO PI_FIELD (PFI_ID,PFI_NAME) VALUES('FIELD_223','Position Solution');
INSERT INTO PI_FIELD (PFI_ID,PFI_NAME) VALUES('FIELD_224','Present Proposal');
INSERT INTO PI_FIELD (PFI_ID,PFI_NAME) VALUES('FIELD_225','Process Return');
INSERT INTO PI_FIELD (PFI_ID,PFI_NAME) VALUES('FIELD_226','Product');
INSERT INTO PI_FIELD (PFI_ID,PFI_NAME) VALUES('FIELD_227','Product Assist Ratio');
INSERT INTO PI_FIELD (PFI_ID,PFI_NAME) VALUES('FIELD_228','Product Cost');
INSERT INTO PI_FIELD (PFI_ID,PFI_NAME) VALUES('FIELD_229','Product Developmen');
INSERT INTO PI_FIELD (PFI_ID,PFI_NAME) VALUES('FIELD_230','Product Development');
INSERT INTO PI_FIELD (PFI_ID,PFI_NAME) VALUES('FIELD_231','Product Development Assets');
INSERT INTO PI_FIELD (PFI_ID,PFI_NAME) VALUES('FIELD_232','Product Family Profit Margin');
INSERT INTO PI_FIELD (PFI_ID,PFI_NAME) VALUES('FIELD_233','Product Launch Variance');
INSERT INTO PI_FIELD (PFI_ID,PFI_NAME) VALUES('FIELD_234','Production Scheduled within Lead-times');
INSERT INTO PI_FIELD (PFI_ID,PFI_NAME) VALUES('FIELD_235','Profit');
INSERT INTO PI_FIELD (PFI_ID,PFI_NAME) VALUES('FIELD_236','Profit Margin');
INSERT INTO PI_FIELD (PFI_ID,PFI_NAME) VALUES('FIELD_237','Project Team Building Index');
INSERT INTO PI_FIELD (PFI_ID,PFI_NAME) VALUES('FIELD_238','Proposal Win Rate');
INSERT INTO PI_FIELD (PFI_ID,PFI_NAME) VALUES('FIELD_239','Proposed Solutions Rate');
INSERT INTO PI_FIELD (PFI_ID,PFI_NAME) VALUES('FIELD_240','Protect Brand');
INSERT INTO PI_FIELD (PFI_ID,PFI_NAME) VALUES('FIELD_241','Protect Technology');
INSERT INTO PI_FIELD (PFI_ID,PFI_NAME) VALUES('FIELD_242','Purchase Order Flexibility');
INSERT INTO PI_FIELD (PFI_ID,PFI_NAME) VALUES('FIELD_243','Qualify Supplier');
INSERT INTO PI_FIELD (PFI_ID,PFI_NAME) VALUES('FIELD_244','Qualify Target');
INSERT INTO PI_FIELD (PFI_ID,PFI_NAME) VALUES('FIELD_245','Quote Call Back Ratio');
INSERT INTO PI_FIELD (PFI_ID,PFI_NAME) VALUES('FIELD_246','Real Annual Growth Rate');
INSERT INTO PI_FIELD (PFI_ID,PFI_NAME) VALUES('FIELD_247','Realtions');
INSERT INTO PI_FIELD (PFI_ID,PFI_NAME) VALUES('FIELD_248','Receive Order');
INSERT INTO PI_FIELD (PFI_ID,PFI_NAME) VALUES('FIELD_249','Receive Warehouse');
INSERT INTO PI_FIELD (PFI_ID,PFI_NAME) VALUES('FIELD_250','Register Customer');
INSERT INTO PI_FIELD (PFI_ID,PFI_NAME) VALUES('FIELD_251','Relations');
INSERT INTO PI_FIELD (PFI_ID,PFI_NAME) VALUES('FIELD_252','Release Product');
INSERT INTO PI_FIELD (PFI_ID,PFI_NAME) VALUES('FIELD_253','Resolve Problem');
INSERT INTO PI_FIELD (PFI_ID,PFI_NAME) VALUES('FIELD_254','Revenue per Sales Representative');
INSERT INTO PI_FIELD (PFI_ID,PFI_NAME) VALUES('FIELD_255','Revenues');
INSERT INTO PI_FIELD (PFI_ID,PFI_NAME) VALUES('FIELD_256','Review Win / Lost');
INSERT INTO PI_FIELD (PFI_ID,PFI_NAME) VALUES('FIELD_257','Roadmap');
INSERT INTO PI_FIELD (PFI_ID,PFI_NAME) VALUES('FIELD_258','Rule Management Cost');
INSERT INTO PI_FIELD (PFI_ID,PFI_NAME) VALUES('FIELD_259','Sales Person Productivity');
INSERT INTO PI_FIELD (PFI_ID,PFI_NAME) VALUES('FIELD_260','Schedule Resources');
INSERT INTO PI_FIELD (PFI_ID,PFI_NAME) VALUES('FIELD_261','Select Market');
INSERT INTO PI_FIELD (PFI_ID,PFI_NAME) VALUES('FIELD_262','Select Market Channels');
INSERT INTO PI_FIELD (PFI_ID,PFI_NAME) VALUES('FIELD_263','Select Technology');
INSERT INTO PI_FIELD (PFI_ID,PFI_NAME) VALUES('FIELD_264','Sell');
INSERT INTO PI_FIELD (PFI_ID,PFI_NAME) VALUES('FIELD_265','Ship Order');
INSERT INTO PI_FIELD (PFI_ID,PFI_NAME) VALUES('FIELD_266','Six Sigma Improvements');
INSERT INTO PI_FIELD (PFI_ID,PFI_NAME) VALUES('FIELD_267','Six Sigma Working Capital');
INSERT INTO PI_FIELD (PFI_ID,PFI_NAME) VALUES('FIELD_268','Social And Ethical Policy');
INSERT INTO PI_FIELD (PFI_ID,PFI_NAME) VALUES('FIELD_269','Stage Product');
INSERT INTO PI_FIELD (PFI_ID,PFI_NAME) VALUES('FIELD_270','Standard Parts and Processes');
INSERT INTO PI_FIELD (PFI_ID,PFI_NAME) VALUES('FIELD_271','Strategy & Vision');
INSERT INTO PI_FIELD (PFI_ID,PFI_NAME) VALUES('FIELD_272','Supplier');
INSERT INTO PI_FIELD (PFI_ID,PFI_NAME) VALUES('FIELD_273','Supplier Requirements Compliance');
INSERT INTO PI_FIELD (PFI_ID,PFI_NAME) VALUES('FIELD_274','Supply');
INSERT INTO PI_FIELD (PFI_ID,PFI_NAME) VALUES('FIELD_275','Supply Chain');
INSERT INTO PI_FIELD (PFI_ID,PFI_NAME) VALUES('FIELD_276','Supply Chain Assets');
INSERT INTO PI_FIELD (PFI_ID,PFI_NAME) VALUES('FIELD_277','Target Customer');
INSERT INTO PI_FIELD (PFI_ID,PFI_NAME) VALUES('FIELD_278','Total Orders Entered');
INSERT INTO PI_FIELD (PFI_ID,PFI_NAME) VALUES('FIELD_279','Total Sales per Employee');
INSERT INTO PI_FIELD (PFI_ID,PFI_NAME) VALUES('FIELD_280','Total Voice of Customer Specifications');
INSERT INTO PI_FIELD (PFI_ID,PFI_NAME) VALUES('FIELD_281','Transfer Inventory');
INSERT INTO PI_FIELD (PFI_ID,PFI_NAME) VALUES('FIELD_282','Transfer Technology');
INSERT INTO PI_FIELD (PFI_ID,PFI_NAME) VALUES('FIELD_283','Turnover');
INSERT INTO PI_FIELD (PFI_ID,PFI_NAME) VALUES('FIELD_284','Validate Opportunity');
INSERT INTO PI_FIELD (PFI_ID,PFI_NAME) VALUES('FIELD_285','Validate Product');
INSERT INTO PI_FIELD (PFI_ID,PFI_NAME) VALUES('FIELD_286','Validate Product / Product');
INSERT INTO PI_FIELD (PFI_ID,PFI_NAME) VALUES('FIELD_287','Validate Technology');
INSERT INTO PI_FIELD (PFI_ID,PFI_NAME) VALUES('FIELD_288','Value Ratio');
INSERT INTO PI_FIELD (PFI_ID,PFI_NAME) VALUES('FIELD_289','Verify Market Roadmap');
INSERT INTO PI_FIELD (PFI_ID,PFI_NAME) VALUES('FIELD_290','Verify Order');
INSERT INTO PI_FIELD (PFI_ID,PFI_NAME) VALUES('FIELD_291','Verify Product');
INSERT INTO PI_FIELD (PFI_ID,PFI_NAME) VALUES('FIELD_292','Verify Receipt');
INSERT INTO PI_FIELD (PFI_ID,PFI_NAME) VALUES('FIELD_293','Warranty Cost as % of Revenue');
INSERT INTO PI_FIELD (PFI_ID,PFI_NAME) VALUES('FIELD_294','Warranty Cost Ratio');
/* INSERT METRIC */
INSERT INTO PI_METRIC (PME_ID,PME_NAME,PC3_ID,PME_DIMENSION,PME_UNIT) VALUES('MET_1','Total cost for a given process','GV01', 'DIM_5' ,'$' );
INSERT INTO PI_METRIC_FIELDS (PME_ID,PFI_ID) VALUES('MET_1','FIELD_35');
INSERT INTO PI_METRIC_FIELDS (PME_ID,PFI_ID) VALUES('MET_1','FIELD_271');
INSERT INTO PI_METRIC (PME_ID,PME_NAME,PC3_ID,PME_DIMENSION,PME_UNIT) VALUES('MET_2','Satisfied employee index','GV01', 'DIM_6' ,'#' );
INSERT INTO PI_METRIC_FIELDS (PME_ID,PFI_ID) VALUES('MET_2','FIELD_258');
INSERT INTO PI_METRIC_FIELDS (PME_ID,PFI_ID) VALUES('MET_2','FIELD_61');
INSERT INTO PI_METRIC (PME_ID,PME_NAME,PC3_ID,PME_DIMENSION,PME_UNIT) VALUES('MET_3','Percent of unprofitable products/services','GV01', 'DIM_6' ,'%' );
INSERT INTO PI_METRIC_FIELDS (PME_ID,PFI_ID) VALUES('MET_3','FIELD_258');
INSERT INTO PI_METRIC_FIELDS (PME_ID,PFI_ID) VALUES('MET_3','FIELD_61');
INSERT INTO PI_METRIC (PME_ID,PME_NAME,PC3_ID,PME_DIMENSION,PME_UNIT) VALUES('MET_4','Debt','GV01', 'DIM_6' ,'$' );
INSERT INTO PI_METRIC_FIELDS (PME_ID,PFI_ID) VALUES('MET_4','FIELD_258');
INSERT INTO PI_METRIC_FIELDS (PME_ID,PFI_ID) VALUES('MET_4','FIELD_61');
INSERT INTO PI_METRIC (PME_ID,PME_NAME,PC3_ID,PME_DIMENSION,PME_UNIT) VALUES('MET_5','Leverage ratio (DuPont formula)','GV01', 'DIM_6' ,'%' );
INSERT INTO PI_METRIC_FIELDS (PME_ID,PFI_ID) VALUES('MET_5','FIELD_258');
INSERT INTO PI_METRIC_FIELDS (PME_ID,PFI_ID) VALUES('MET_5','FIELD_61');
INSERT INTO PI_METRIC (PME_ID,PME_NAME,PC3_ID,PME_DIMENSION,PME_UNIT) VALUES('MET_6','Number of approved financial credit sources','GV01', 'DIM_6' ,'#' );
INSERT INTO PI_METRIC_FIELDS (PME_ID,PFI_ID) VALUES('MET_6','FIELD_258');
INSERT INTO PI_METRIC_FIELDS (PME_ID,PFI_ID) VALUES('MET_6','FIELD_61');
INSERT INTO PI_METRIC (PME_ID,PME_NAME,PC3_ID,PME_DIMENSION,PME_UNIT) VALUES('MET_7','Capital efficiency','GV01', 'DIM_6' ,'' );
INSERT INTO PI_METRIC_FIELDS (PME_ID,PFI_ID) VALUES('MET_7','FIELD_258');
INSERT INTO PI_METRIC_FIELDS (PME_ID,PFI_ID) VALUES('MET_7','FIELD_61');
INSERT INTO PI_METRIC (PME_ID,PME_NAME,PC3_ID,PME_DIMENSION,PME_UNIT) VALUES('MET_8','Revenues/employee','GV01', 'DIM_6' ,'$' );
INSERT INTO PI_METRIC_FIELDS (PME_ID,PFI_ID) VALUES('MET_8','FIELD_258');
INSERT INTO PI_METRIC_FIELDS (PME_ID,PFI_ID) VALUES('MET_8','FIELD_61');
INSERT INTO PI_METRIC (PME_ID,PME_NAME,PC3_ID,PME_DIMENSION,PME_UNIT) VALUES('MET_9','Average marketing (and sales) expenses per customer','GV01', 'DIM_6' ,'$' );
INSERT INTO PI_METRIC_FIELDS (PME_ID,PFI_ID) VALUES('MET_9','FIELD_258');
INSERT INTO PI_METRIC_FIELDS (PME_ID,PFI_ID) VALUES('MET_9','FIELD_61');
INSERT INTO PI_METRIC (PME_ID,PME_NAME,PC3_ID,PME_DIMENSION,PME_UNIT) VALUES('MET_10','Marketing (and sales) expenses as a percentage of sales','GV01', 'DIM_6' ,'%' );
INSERT INTO PI_METRIC_FIELDS (PME_ID,PFI_ID) VALUES('MET_10','FIELD_258');
INSERT INTO PI_METRIC_FIELDS (PME_ID,PFI_ID) VALUES('MET_10','FIELD_61');
INSERT INTO PI_METRIC (PME_ID,PME_NAME,PC3_ID,PME_DIMENSION,PME_UNIT) VALUES('MET_11','Operating expenses as a percentage of net sales','GV01', 'DIM_6' ,'%' );
INSERT INTO PI_METRIC_FIELDS (PME_ID,PFI_ID) VALUES('MET_11','FIELD_258');
INSERT INTO PI_METRIC_FIELDS (PME_ID,PFI_ID) VALUES('MET_11','FIELD_61');
INSERT INTO PI_METRIC (PME_ID,PME_NAME,PC3_ID,PME_DIMENSION,PME_UNIT) VALUES('MET_12','Overhead (burden) rate','GV01', 'DIM_6' ,'' );
INSERT INTO PI_METRIC_FIELDS (PME_ID,PFI_ID) VALUES('MET_12','FIELD_258');
INSERT INTO PI_METRIC_FIELDS (PME_ID,PFI_ID) VALUES('MET_12','FIELD_61');
INSERT INTO PI_METRIC (PME_ID,PME_NAME,PC3_ID,PME_DIMENSION,PME_UNIT) VALUES('MET_13','Ratio of used to total credit lines','GV01', 'DIM_6' ,'%' );
INSERT INTO PI_METRIC_FIELDS (PME_ID,PFI_ID) VALUES('MET_13','FIELD_258');
INSERT INTO PI_METRIC_FIELDS (PME_ID,PFI_ID) VALUES('MET_13','FIELD_61');
INSERT INTO PI_METRIC (PME_ID,PME_NAME,PC3_ID,PME_DIMENSION,PME_UNIT) VALUES('MET_14','Ratio of benefit costs to total compensation','GV01', 'DIM_6' ,'%' );
INSERT INTO PI_METRIC_FIELDS (PME_ID,PFI_ID) VALUES('MET_14','FIELD_258');
INSERT INTO PI_METRIC_FIELDS (PME_ID,PFI_ID) VALUES('MET_14','FIELD_61');
INSERT INTO PI_METRIC (PME_ID,PME_NAME,PC3_ID,PME_DIMENSION,PME_UNIT) VALUES('MET_15','Number of approved financial credit sources','GV01', 'DIM_9' ,'#' );
INSERT INTO PI_METRIC_FIELDS (PME_ID,PFI_ID) VALUES('MET_15','FIELD_49');
INSERT INTO PI_METRIC_FIELDS (PME_ID,PFI_ID) VALUES('MET_15','FIELD_61');
INSERT INTO PI_METRIC (PME_ID,PME_NAME,PC3_ID,PME_DIMENSION,PME_UNIT) VALUES('MET_16','Ratio of used to total credit lines','GV01', 'DIM_9' ,'%' );
INSERT INTO PI_METRIC_FIELDS (PME_ID,PFI_ID) VALUES('MET_16','FIELD_49');
INSERT INTO PI_METRIC_FIELDS (PME_ID,PFI_ID) VALUES('MET_16','FIELD_61');
INSERT INTO PI_METRIC (PME_ID,PME_NAME,PC3_ID,PME_DIMENSION,PME_UNIT) VALUES('MET_17','Total value of assets dedicated to a specific process','GV02', 'DIM_5' ,'$' );
INSERT INTO PI_METRIC_FIELDS (PME_ID,PFI_ID) VALUES('MET_17','FIELD_35');
INSERT INTO PI_METRIC_FIELDS (PME_ID,PFI_ID) VALUES('MET_17','FIELD_219');
INSERT INTO PI_METRIC_FIELDS (PME_ID,PFI_ID) VALUES('MET_17','FIELD_123');
INSERT INTO PI_METRIC (PME_ID,PME_NAME,PC3_ID,PME_DIMENSION,PME_UNIT) VALUES('MET_18','???','GV02', 'DIM_6' ,'' );
INSERT INTO PI_METRIC_FIELDS (PME_ID,PFI_ID) VALUES('MET_18','FIELD_71');
INSERT INTO PI_METRIC_FIELDS (PME_ID,PFI_ID) VALUES('MET_18','FIELD_61');
INSERT INTO PI_METRIC_FIELDS (PME_ID,PFI_ID) VALUES('MET_18','FIELD_183');
INSERT INTO PI_METRIC_FIELDS (PME_ID,PFI_ID) VALUES('MET_18','FIELD_228');
INSERT INTO PI_METRIC (PME_ID,PME_NAME,PC3_ID,PME_DIMENSION,PME_UNIT) VALUES('MET_19','Total sales from products and services. Price x Volume','GV02', 'DIM_7' ,'$' );
INSERT INTO PI_METRIC_FIELDS (PME_ID,PFI_ID) VALUES('MET_19','FIELD_246');
INSERT INTO PI_METRIC (PME_ID,PME_NAME,PC3_ID,PME_DIMENSION,PME_UNIT) VALUES('MET_20','???','GV02', 'DIM_8' ,'' );
INSERT INTO PI_METRIC_FIELDS (PME_ID,PFI_ID) VALUES('MET_20','FIELD_267');
INSERT INTO PI_METRIC_FIELDS (PME_ID,PFI_ID) VALUES('MET_20','FIELD_63');
INSERT INTO PI_METRIC (PME_ID,PME_NAME,PC3_ID,PME_DIMENSION,PME_UNIT) VALUES('MET_21','Average overtime hours per employee','GV02', 'DIM_9' ,'Hours' );
INSERT INTO PI_METRIC_FIELDS (PME_ID,PFI_ID) VALUES('MET_21','FIELD_8');
INSERT INTO PI_METRIC_FIELDS (PME_ID,PFI_ID) VALUES('MET_21','FIELD_61');
INSERT INTO PI_METRIC (PME_ID,PME_NAME,PC3_ID,PME_DIMENSION,PME_UNIT) VALUES('MET_22','Machine breakdowns per week (or day)','GV02', 'DIM_9' ,'#' );
INSERT INTO PI_METRIC_FIELDS (PME_ID,PFI_ID) VALUES('MET_22','FIELD_8');
INSERT INTO PI_METRIC_FIELDS (PME_ID,PFI_ID) VALUES('MET_22','FIELD_61');
INSERT INTO PI_METRIC (PME_ID,PME_NAME,PC3_ID,PME_DIMENSION,PME_UNIT) VALUES('MET_23','Figure representing the cost of buying raw Materials and producing finished goods. Liabilities to equity','GV03', 'DIM_6' ,'$' );
INSERT INTO PI_METRIC_FIELDS (PME_ID,PFI_ID) VALUES('MET_23','FIELD_70');
INSERT INTO PI_METRIC_FIELDS (PME_ID,PFI_ID) VALUES('MET_23','FIELD_185');
INSERT INTO PI_METRIC_FIELDS (PME_ID,PFI_ID) VALUES('MET_23','FIELD_61');
INSERT INTO PI_METRIC (PME_ID,PME_NAME,PC3_ID,PME_DIMENSION,PME_UNIT) VALUES('MET_24','Total assets less intangible assets and total liabilities.','GV04', 'DIM_5' ,'' );
INSERT INTO PI_METRIC_FIELDS (PME_ID,PFI_ID) VALUES('MET_24','FIELD_81');
INSERT INTO PI_METRIC (PME_ID,PME_NAME,PC3_ID,PME_DIMENSION,PME_UNIT) VALUES('MET_25','Money that customer owe a the company in exchange for its goods or services','GV04', 'DIM_5' ,'$' );
INSERT INTO PI_METRIC_FIELDS (PME_ID,PFI_ID) VALUES('MET_25','FIELD_81');
INSERT INTO PI_METRIC (PME_ID,PME_NAME,PC3_ID,PME_DIMENSION,PME_UNIT) VALUES('MET_26','Percent of revenue from target market segment','GV04', 'DIM_5' ,'%' );
INSERT INTO PI_METRIC_FIELDS (PME_ID,PFI_ID) VALUES('MET_26','FIELD_81');
INSERT INTO PI_METRIC (PME_ID,PME_NAME,PC3_ID,PME_DIMENSION,PME_UNIT) VALUES('MET_27','Value added/employee','GV04', 'DIM_5' ,'$' );
INSERT INTO PI_METRIC_FIELDS (PME_ID,PFI_ID) VALUES('MET_27','FIELD_81');
INSERT INTO PI_METRIC (PME_ID,PME_NAME,PC3_ID,PME_DIMENSION,PME_UNIT) VALUES('MET_28','Compound growth rate','GV04', 'DIM_5' ,'' );
INSERT INTO PI_METRIC_FIELDS (PME_ID,PFI_ID) VALUES('MET_28','FIELD_81');
INSERT INTO PI_METRIC (PME_ID,PME_NAME,PC3_ID,PME_DIMENSION,PME_UNIT) VALUES('MET_29','Credit rating','GV04', 'DIM_5' ,'' );
INSERT INTO PI_METRIC_FIELDS (PME_ID,PFI_ID) VALUES('MET_29','FIELD_81');
INSERT INTO PI_METRIC (PME_ID,PME_NAME,PC3_ID,PME_DIMENSION,PME_UNIT) VALUES('MET_30','Debt to assets','GV04', 'DIM_5' ,'$' );
INSERT INTO PI_METRIC_FIELDS (PME_ID,PFI_ID) VALUES('MET_30','FIELD_81');
INSERT INTO PI_METRIC (PME_ID,PME_NAME,PC3_ID,PME_DIMENSION,PME_UNIT) VALUES('MET_31','Price relative to competition','GV04', 'DIM_6' ,'$' );
INSERT INTO PI_METRIC_FIELDS (PME_ID,PFI_ID) VALUES('MET_31','FIELD_19');
INSERT INTO PI_METRIC (PME_ID,PME_NAME,PC3_ID,PME_DIMENSION,PME_UNIT) VALUES('MET_32','Total cost to customer (relative to competition)','GV04', 'DIM_6' ,'$' );
INSERT INTO PI_METRIC_FIELDS (PME_ID,PFI_ID) VALUES('MET_32','FIELD_19');
INSERT INTO PI_METRIC (PME_ID,PME_NAME,PC3_ID,PME_DIMENSION,PME_UNIT) VALUES('MET_33','Percents of sales from each distribution channel','GV04', 'DIM_6' ,'%' );
INSERT INTO PI_METRIC_FIELDS (PME_ID,PFI_ID) VALUES('MET_33','FIELD_19');
INSERT INTO PI_METRIC (PME_ID,PME_NAME,PC3_ID,PME_DIMENSION,PME_UNIT) VALUES('MET_34','Percent of sales from each product/service or product/service line','GV04', 'DIM_6' ,'%' );
INSERT INTO PI_METRIC_FIELDS (PME_ID,PFI_ID) VALUES('MET_34','FIELD_19');
INSERT INTO PI_METRIC (PME_ID,PME_NAME,PC3_ID,PME_DIMENSION,PME_UNIT) VALUES('MET_35','Profits/total assets','GV04', 'DIM_6' ,'%' );
INSERT INTO PI_METRIC_FIELDS (PME_ID,PFI_ID) VALUES('MET_35','FIELD_19');
INSERT INTO PI_METRIC (PME_ID,PME_NAME,PC3_ID,PME_DIMENSION,PME_UNIT) VALUES('MET_36','Revenue/expense ratio','GV04', 'DIM_6' ,'%' );
INSERT INTO PI_METRIC_FIELDS (PME_ID,PFI_ID) VALUES('MET_36','FIELD_19');
INSERT INTO PI_METRIC (PME_ID,PME_NAME,PC3_ID,PME_DIMENSION,PME_UNIT) VALUES('MET_37','Profits/total assets','GV04', 'DIM_6' ,'%' );
INSERT INTO PI_METRIC_FIELDS (PME_ID,PFI_ID) VALUES('MET_37','FIELD_19');
INSERT INTO PI_METRIC (PME_ID,PME_NAME,PC3_ID,PME_DIMENSION,PME_UNIT) VALUES('MET_38','Return on net asset value','GV04', 'DIM_6' ,'%' );
INSERT INTO PI_METRIC_FIELDS (PME_ID,PFI_ID) VALUES('MET_38','FIELD_19');
INSERT INTO PI_METRIC (PME_ID,PME_NAME,PC3_ID,PME_DIMENSION,PME_UNIT) VALUES('MET_39','ROI (Return on Investment)','GV04', 'DIM_6' ,'%' );
INSERT INTO PI_METRIC_FIELDS (PME_ID,PFI_ID) VALUES('MET_39','FIELD_19');
INSERT INTO PI_METRIC (PME_ID,PME_NAME,PC3_ID,PME_DIMENSION,PME_UNIT) VALUES('MET_40','Breakeven time','GV04', 'DIM_6' ,'Time' );
INSERT INTO PI_METRIC_FIELDS (PME_ID,PFI_ID) VALUES('MET_40','FIELD_19');
INSERT INTO PI_METRIC (PME_ID,PME_NAME,PC3_ID,PME_DIMENSION,PME_UNIT) VALUES('MET_41','Value added/employee','GV04', 'DIM_6' ,'$' );
INSERT INTO PI_METRIC_FIELDS (PME_ID,PFI_ID) VALUES('MET_41','FIELD_19');
INSERT INTO PI_METRIC (PME_ID,PME_NAME,PC3_ID,PME_DIMENSION,PME_UNIT) VALUES('MET_42','Average unused credit lines per source','GV04', 'DIM_6' ,'#' );
INSERT INTO PI_METRIC_FIELDS (PME_ID,PFI_ID) VALUES('MET_42','FIELD_19');
INSERT INTO PI_METRIC (PME_ID,PME_NAME,PC3_ID,PME_DIMENSION,PME_UNIT) VALUES('MET_43','Leverage ratio (DuPont formula)','GV04', 'DIM_6' ,'%' );
INSERT INTO PI_METRIC_FIELDS (PME_ID,PFI_ID) VALUES('MET_43','FIELD_19');
INSERT INTO PI_METRIC (PME_ID,PME_NAME,PC3_ID,PME_DIMENSION,PME_UNIT) VALUES('MET_44','Number of approved financial credit sources Ratio of used to total credit lines','GV04', 'DIM_6' ,'#' );
INSERT INTO PI_METRIC_FIELDS (PME_ID,PFI_ID) VALUES('MET_44','FIELD_19');
INSERT INTO PI_METRIC (PME_ID,PME_NAME,PC3_ID,PME_DIMENSION,PME_UNIT) VALUES('MET_45','Asset turnover ratio','GV04', 'DIM_6' ,'%' );
INSERT INTO PI_METRIC_FIELDS (PME_ID,PFI_ID) VALUES('MET_45','FIELD_19');
INSERT INTO PI_METRIC (PME_ID,PME_NAME,PC3_ID,PME_DIMENSION,PME_UNIT) VALUES('MET_46','Direct department expense','GV04', 'DIM_6' ,'$' );
INSERT INTO PI_METRIC_FIELDS (PME_ID,PFI_ID) VALUES('MET_46','FIELD_19');
INSERT INTO PI_METRIC (PME_ID,PME_NAME,PC3_ID,PME_DIMENSION,PME_UNIT) VALUES('MET_47','Ratio of average cost overrun to average budgeted cost','GV04', 'DIM_6' ,'%' );
INSERT INTO PI_METRIC_FIELDS (PME_ID,PFI_ID) VALUES('MET_47','FIELD_19');
INSERT INTO PI_METRIC (PME_ID,PME_NAME,PC3_ID,PME_DIMENSION,PME_UNIT) VALUES('MET_48','Variable versus fixed expenses (e.g. non-operating income/expense)','GV04', 'DIM_6' ,'' );
INSERT INTO PI_METRIC_FIELDS (PME_ID,PFI_ID) VALUES('MET_48','FIELD_19');
INSERT INTO PI_METRIC (PME_ID,PME_NAME,PC3_ID,PME_DIMENSION,PME_UNIT) VALUES('MET_49','IT development expense/IT expense','GV04', 'DIM_6' ,'$' );
INSERT INTO PI_METRIC_FIELDS (PME_ID,PFI_ID) VALUES('MET_49','FIELD_19');
INSERT INTO PI_METRIC (PME_ID,PME_NAME,PC3_ID,PME_DIMENSION,PME_UNIT) VALUES('MET_50','IT expense/administrative expense','GV04', 'DIM_6' ,'$' );
INSERT INTO PI_METRIC_FIELDS (PME_ID,PFI_ID) VALUES('MET_50','FIELD_19');
INSERT INTO PI_METRIC (PME_ID,PME_NAME,PC3_ID,PME_DIMENSION,PME_UNIT) VALUES('MET_51','IT expense/employee','GV04', 'DIM_6' ,'$' );
INSERT INTO PI_METRIC_FIELDS (PME_ID,PFI_ID) VALUES('MET_51','FIELD_19');
INSERT INTO PI_METRIC (PME_ID,PME_NAME,PC3_ID,PME_DIMENSION,PME_UNIT) VALUES('MET_52','IT expenses on training/IT expense','GV04', 'DIM_6' ,'$' );
INSERT INTO PI_METRIC_FIELDS (PME_ID,PFI_ID) VALUES('MET_52','FIELD_19');
INSERT INTO PI_METRIC (PME_ID,PME_NAME,PC3_ID,PME_DIMENSION,PME_UNIT) VALUES('MET_53','Marketing (and sales) expenses as a percentage of new customer sales','GV04', 'DIM_6' ,'%' );
INSERT INTO PI_METRIC_FIELDS (PME_ID,PFI_ID) VALUES('MET_53','FIELD_19');
INSERT INTO PI_METRIC (PME_ID,PME_NAME,PC3_ID,PME_DIMENSION,PME_UNIT) VALUES('MET_54','Marketing (and sales) expenses as a percentage of sales','GV04', 'DIM_6' ,'%' );
INSERT INTO PI_METRIC_FIELDS (PME_ID,PFI_ID) VALUES('MET_54','FIELD_19');
INSERT INTO PI_METRIC (PME_ID,PME_NAME,PC3_ID,PME_DIMENSION,PME_UNIT) VALUES('MET_55','Operating expenses as a percentage of net sales','GV04', 'DIM_6' ,'%' );
INSERT INTO PI_METRIC_FIELDS (PME_ID,PFI_ID) VALUES('MET_55','FIELD_19');
INSERT INTO PI_METRIC (PME_ID,PME_NAME,PC3_ID,PME_DIMENSION,PME_UNIT) VALUES('MET_56','Overhead (burden) rate','GV04', 'DIM_6' ,'' );
INSERT INTO PI_METRIC_FIELDS (PME_ID,PFI_ID) VALUES('MET_56','FIELD_19');
INSERT INTO PI_METRIC (PME_ID,PME_NAME,PC3_ID,PME_DIMENSION,PME_UNIT) VALUES('MET_57','Ratio of benefit costs to total compensation','GV04', 'DIM_6' ,'%' );
INSERT INTO PI_METRIC_FIELDS (PME_ID,PFI_ID) VALUES('MET_57','FIELD_19');
INSERT INTO PI_METRIC (PME_ID,PME_NAME,PC3_ID,PME_DIMENSION,PME_UNIT) VALUES('MET_58','Net retained expense','GV04', 'DIM_6' ,'' );
INSERT INTO PI_METRIC_FIELDS (PME_ID,PFI_ID) VALUES('MET_58','FIELD_19');
INSERT INTO PI_METRIC (PME_ID,PME_NAME,PC3_ID,PME_DIMENSION,PME_UNIT) VALUES('MET_59','Warranty costs as percentage of sales','GV04', 'DIM_6' ,'%' );
INSERT INTO PI_METRIC_FIELDS (PME_ID,PFI_ID) VALUES('MET_59','FIELD_19');
INSERT INTO PI_METRIC (PME_ID,PME_NAME,PC3_ID,PME_DIMENSION,PME_UNIT) VALUES('MET_60','Return on net assets resulting from new business operations','GV04', 'DIM_8' ,'' );
INSERT INTO PI_METRIC_FIELDS (PME_ID,PFI_ID) VALUES('MET_60','FIELD_288');
INSERT INTO PI_METRIC (PME_ID,PME_NAME,PC3_ID,PME_DIMENSION,PME_UNIT) VALUES('MET_61','Revenues/employee','GV04', 'DIM_8' ,'$' );
INSERT INTO PI_METRIC_FIELDS (PME_ID,PFI_ID) VALUES('MET_61','FIELD_288');
INSERT INTO PI_METRIC (PME_ID,PME_NAME,PC3_ID,PME_DIMENSION,PME_UNIT) VALUES('MET_62','A company''s average payable period','GV04', 'DIM_10' ,'Time' );
INSERT INTO PI_METRIC_FIELDS (PME_ID,PFI_ID) VALUES('MET_62','FIELD_5');
INSERT INTO PI_METRIC_FIELDS (PME_ID,PFI_ID) VALUES('MET_62','FIELD_92');
INSERT INTO PI_METRIC (PME_ID,PME_NAME,PC3_ID,PME_DIMENSION,PME_UNIT) VALUES('MET_63','ROCE (Return on Capital Employed)','GV05', 'DIM_5' ,'' );
INSERT INTO PI_METRIC_FIELDS (PME_ID,PFI_ID) VALUES('MET_63','FIELD_5');
INSERT INTO PI_METRIC (PME_ID,PME_NAME,PC3_ID,PME_DIMENSION,PME_UNIT) VALUES('MET_64','Activity costs','GV05', 'DIM_6' ,'$' );
INSERT INTO PI_METRIC_FIELDS (PME_ID,PFI_ID) VALUES('MET_64','FIELD_52');
INSERT INTO PI_METRIC_FIELDS (PME_ID,PFI_ID) VALUES('MET_64','FIELD_62');
INSERT INTO PI_METRIC (PME_ID,PME_NAME,PC3_ID,PME_DIMENSION,PME_UNIT) VALUES('MET_65','The dollar value weighted average time in days that goods are held in stock.','GV05', 'DIM_9' ,'' );
INSERT INTO PI_METRIC_FIELDS (PME_ID,PFI_ID) VALUES('MET_65','FIELD_188');
INSERT INTO PI_METRIC (PME_ID,PME_NAME,PC3_ID,PME_DIMENSION,PME_UNIT) VALUES('MET_66','A company''s average payable period','GV05', 'DIM_10' ,'Time' );
INSERT INTO PI_METRIC_FIELDS (PME_ID,PFI_ID) VALUES('MET_66','FIELD_5');
INSERT INTO PI_METRIC_FIELDS (PME_ID,PFI_ID) VALUES('MET_66','FIELD_92');
INSERT INTO PI_METRIC (PME_ID,PME_NAME,PC3_ID,PME_DIMENSION,PME_UNIT) VALUES('MET_67','Total value of IA/TA dedicated to specific process','GV06', 'DIM_5' ,'' );
INSERT INTO PI_METRIC_FIELDS (PME_ID,PFI_ID) VALUES('MET_67','FIELD_35');
INSERT INTO PI_METRIC_FIELDS (PME_ID,PFI_ID) VALUES('MET_67','FIELD_268');
INSERT INTO PI_METRIC (PME_ID,PME_NAME,PC3_ID,PME_DIMENSION,PME_UNIT) VALUES('MET_68','Average training hours per person per year or % of payroll cost for training annually corporate wide','GV06', 'DIM_6' ,'Hours or %' );
INSERT INTO PI_METRIC_FIELDS (PME_ID,PFI_ID) VALUES('MET_68','FIELD_41');
INSERT INTO PI_METRIC_FIELDS (PME_ID,PFI_ID) VALUES('MET_68','FIELD_61');
INSERT INTO PI_METRIC (PME_ID,PME_NAME,PC3_ID,PME_DIMENSION,PME_UNIT) VALUES('MET_69','This ratio measures the percentage of employee turnover in a given time period.','GV06', 'DIM_7' ,'%' );
INSERT INTO PI_METRIC_FIELDS (PME_ID,PFI_ID) VALUES('MET_69','FIELD_279');
INSERT INTO PI_METRIC (PME_ID,PME_NAME,PC3_ID,PME_DIMENSION,PME_UNIT) VALUES('MET_70','This ratio indicates the responsiveness of a the Fulfill function when implementing formal employee suggestions.','GV06', 'DIM_9' ,'%' );
INSERT INTO PI_METRIC_FIELDS (PME_ID,PFI_ID) VALUES('MET_70','FIELD_136');
INSERT INTO PI_METRIC_FIELDS (PME_ID,PFI_ID) VALUES('MET_70','FIELD_61');
INSERT INTO PI_METRIC (PME_ID,PME_NAME,PC3_ID,PME_DIMENSION,PME_UNIT) VALUES('MET_71','???','GV07', 'DIM_2' ,'' );
INSERT INTO PI_METRIC_FIELDS (PME_ID,PFI_ID) VALUES('MET_71','FIELD_200');
INSERT INTO PI_METRIC_FIELDS (PME_ID,PFI_ID) VALUES('MET_71','FIELD_130');
INSERT INTO PI_METRIC_FIELDS (PME_ID,PFI_ID) VALUES('MET_71','FIELD_132');
INSERT INTO PI_METRIC (PME_ID,PME_NAME,PC3_ID,PME_DIMENSION,PME_UNIT) VALUES('MET_72','Total value of assets dedicated to a specific process','GV07', 'DIM_5' ,'' );
INSERT INTO PI_METRIC_FIELDS (PME_ID,PFI_ID) VALUES('MET_72','FIELD_35');
INSERT INTO PI_METRIC_FIELDS (PME_ID,PFI_ID) VALUES('MET_72','FIELD_205');
INSERT INTO PI_METRIC (PME_ID,PME_NAME,PC3_ID,PME_DIMENSION,PME_UNIT) VALUES('MET_73','???','GV07', 'DIM_6' ,'' );
INSERT INTO PI_METRIC_FIELDS (PME_ID,PFI_ID) VALUES('MET_73','FIELD_142');
INSERT INTO PI_METRIC (PME_ID,PME_NAME,PC3_ID,PME_DIMENSION,PME_UNIT) VALUES('MET_74','Shareholder loyalty (e.g., switching behaviour)','GV07', 'DIM_9' ,'' );
INSERT INTO PI_METRIC_FIELDS (PME_ID,PFI_ID) VALUES('MET_74','FIELD_140');
INSERT INTO PI_METRIC_FIELDS (PME_ID,PFI_ID) VALUES('MET_74','FIELD_43');
INSERT INTO PI_METRIC (PME_ID,PME_NAME,PC3_ID,PME_DIMENSION,PME_UNIT) VALUES('MET_75','???','GV08', 'DIM_5' ,'' );
INSERT INTO PI_METRIC_FIELDS (PME_ID,PFI_ID) VALUES('MET_75','FIELD_35');
INSERT INTO PI_METRIC_FIELDS (PME_ID,PFI_ID) VALUES('MET_75','FIELD_54');
INSERT INTO PI_METRIC (PME_ID,PME_NAME,PC3_ID,PME_DIMENSION,PME_UNIT) VALUES('MET_76','Total cost for a given process','GV08', 'DIM_6' ,'$' );
INSERT INTO PI_METRIC_FIELDS (PME_ID,PFI_ID) VALUES('MET_76','FIELD_65');
INSERT INTO PI_METRIC_FIELDS (PME_ID,PFI_ID) VALUES('MET_76','FIELD_54');
INSERT INTO PI_METRIC (PME_ID,PME_NAME,PC3_ID,PME_DIMENSION,PME_UNIT) VALUES('MET_77','Total value of assets dedicated to a specific process','GV09', 'DIM_5' ,'' );
INSERT INTO PI_METRIC_FIELDS (PME_ID,PFI_ID) VALUES('MET_77','FIELD_4');
INSERT INTO PI_METRIC_FIELDS (PME_ID,PFI_ID) VALUES('MET_77','FIELD_61');
INSERT INTO PI_METRIC (PME_ID,PME_NAME,PC3_ID,PME_DIMENSION,PME_UNIT) VALUES('MET_78','???','GV09', 'DIM_6' ,'' );
INSERT INTO PI_METRIC_FIELDS (PME_ID,PFI_ID) VALUES('MET_78','FIELD_67');
INSERT INTO PI_METRIC_FIELDS (PME_ID,PFI_ID) VALUES('MET_78','FIELD_61');
INSERT INTO PI_METRIC (PME_ID,PME_NAME,PC3_ID,PME_DIMENSION,PME_UNIT) VALUES('MET_79','Capital efficiency','GV10', 'DIM_5' ,'' );
INSERT INTO PI_METRIC_FIELDS (PME_ID,PFI_ID) VALUES('MET_79','FIELD_35');
INSERT INTO PI_METRIC_FIELDS (PME_ID,PFI_ID) VALUES('MET_79','FIELD_196');
INSERT INTO PI_METRIC (PME_ID,PME_NAME,PC3_ID,PME_DIMENSION,PME_UNIT) VALUES('MET_80','Total Corporate cost to comply with regulatory','GV10', 'DIM_6' ,'$' );
INSERT INTO PI_METRIC_FIELDS (PME_ID,PFI_ID) VALUES('MET_80','FIELD_65');
INSERT INTO PI_METRIC_FIELDS (PME_ID,PFI_ID) VALUES('MET_80','FIELD_196');
INSERT INTO PI_METRIC (PME_ID,PME_NAME,PC3_ID,PME_DIMENSION,PME_UNIT) VALUES('MET_81','Average preventive maintenance costs per asset','GV10', 'DIM_6' ,'$' );
INSERT INTO PI_METRIC_FIELDS (PME_ID,PFI_ID) VALUES('MET_81','FIELD_65');
INSERT INTO PI_METRIC_FIELDS (PME_ID,PFI_ID) VALUES('MET_81','FIELD_196');
INSERT INTO PI_METRIC (PME_ID,PME_NAME,PC3_ID,PME_DIMENSION,PME_UNIT) VALUES('MET_82','Percentage of preventive maintenance costs to total maintenance costs','GV10', 'DIM_6' ,'%' );
INSERT INTO PI_METRIC_FIELDS (PME_ID,PFI_ID) VALUES('MET_82','FIELD_65');
INSERT INTO PI_METRIC_FIELDS (PME_ID,PFI_ID) VALUES('MET_82','FIELD_196');
INSERT INTO PI_METRIC (PME_ID,PME_NAME,PC3_ID,PME_DIMENSION,PME_UNIT) VALUES('MET_83','Ratio of new products (less than 2 years old) to full company catalog','GP01', 'DIM_5' ,'%' );
INSERT INTO PI_METRIC_FIELDS (PME_ID,PFI_ID) VALUES('MET_83','FIELD_35');
INSERT INTO PI_METRIC_FIELDS (PME_ID,PFI_ID) VALUES('MET_83','FIELD_180');
INSERT INTO PI_METRIC (PME_ID,PME_NAME,PC3_ID,PME_DIMENSION,PME_UNIT) VALUES('MET_84','???','GP01', 'DIM_6' ,'' );
INSERT INTO PI_METRIC_FIELDS (PME_ID,PFI_ID) VALUES('MET_84','FIELD_65');
INSERT INTO PI_METRIC_FIELDS (PME_ID,PFI_ID) VALUES('MET_84','FIELD_180');
INSERT INTO PI_METRIC (PME_ID,PME_NAME,PC3_ID,PME_DIMENSION,PME_UNIT) VALUES('MET_85','The Degree & Frequency of Conformance to Business','GP01', 'DIM_9' ,'' );
INSERT INTO PI_METRIC_FIELDS (PME_ID,PFI_ID) VALUES('MET_85','FIELD_49');
INSERT INTO PI_METRIC_FIELDS (PME_ID,PFI_ID) VALUES('MET_85','FIELD_111');
INSERT INTO PI_METRIC (PME_ID,PME_NAME,PC3_ID,PME_DIMENSION,PME_UNIT) VALUES('MET_86','Rules that is achieved for research.','GP01', 'DIM_9' ,'' );
INSERT INTO PI_METRIC_FIELDS (PME_ID,PFI_ID) VALUES('MET_86','FIELD_49');
INSERT INTO PI_METRIC_FIELDS (PME_ID,PFI_ID) VALUES('MET_86','FIELD_111');
INSERT INTO PI_METRIC (PME_ID,PME_NAME,PC3_ID,PME_DIMENSION,PME_UNIT) VALUES('MET_87','Total value of assets dedicated to a specific process','GP02', 'DIM_5' ,'' );
INSERT INTO PI_METRIC_FIELDS (PME_ID,PFI_ID) VALUES('MET_87','FIELD_35');
INSERT INTO PI_METRIC_FIELDS (PME_ID,PFI_ID) VALUES('MET_87','FIELD_174');
INSERT INTO PI_METRIC (PME_ID,PME_NAME,PC3_ID,PME_DIMENSION,PME_UNIT) VALUES('MET_88','Total productivity factor (outputs/inputs)','GP02', 'DIM_5' ,'' );
INSERT INTO PI_METRIC_FIELDS (PME_ID,PFI_ID) VALUES('MET_88','FIELD_35');
INSERT INTO PI_METRIC_FIELDS (PME_ID,PFI_ID) VALUES('MET_88','FIELD_174');
INSERT INTO PI_METRIC (PME_ID,PME_NAME,PC3_ID,PME_DIMENSION,PME_UNIT) VALUES('MET_89','Units produced per person','GP02', 'DIM_5' ,'#' );
INSERT INTO PI_METRIC_FIELDS (PME_ID,PFI_ID) VALUES('MET_89','FIELD_35');
INSERT INTO PI_METRIC_FIELDS (PME_ID,PFI_ID) VALUES('MET_89','FIELD_174');
INSERT INTO PI_METRIC (PME_ID,PME_NAME,PC3_ID,PME_DIMENSION,PME_UNIT) VALUES('MET_90','Products produced per day','GP02', 'DIM_5' ,'' );
INSERT INTO PI_METRIC_FIELDS (PME_ID,PFI_ID) VALUES('MET_90','FIELD_35');
INSERT INTO PI_METRIC_FIELDS (PME_ID,PFI_ID) VALUES('MET_90','FIELD_174');
INSERT INTO PI_METRIC (PME_ID,PME_NAME,PC3_ID,PME_DIMENSION,PME_UNIT) VALUES('MET_91','Return on assets','GP02', 'DIM_6' ,'' );
INSERT INTO PI_METRIC_FIELDS (PME_ID,PFI_ID) VALUES('MET_91','FIELD_293');
INSERT INTO PI_METRIC (PME_ID,PME_NAME,PC3_ID,PME_DIMENSION,PME_UNIT) VALUES('MET_92','Return on net asset value','GP02', 'DIM_6' ,'%' );
INSERT INTO PI_METRIC_FIELDS (PME_ID,PFI_ID) VALUES('MET_92','FIELD_293');
INSERT INTO PI_METRIC (PME_ID,PME_NAME,PC3_ID,PME_DIMENSION,PME_UNIT) VALUES('MET_93','Production costs per employee','GP02', 'DIM_6' ,'$' );
INSERT INTO PI_METRIC_FIELDS (PME_ID,PFI_ID) VALUES('MET_93','FIELD_293');
INSERT INTO PI_METRIC (PME_ID,PME_NAME,PC3_ID,PME_DIMENSION,PME_UNIT) VALUES('MET_94','???','GP02', 'DIM_8' ,'' );
INSERT INTO PI_METRIC_FIELDS (PME_ID,PFI_ID) VALUES('MET_94','FIELD_266');
INSERT INTO PI_METRIC_FIELDS (PME_ID,PFI_ID) VALUES('MET_94','FIELD_111');
INSERT INTO PI_METRIC (PME_ID,PME_NAME,PC3_ID,PME_DIMENSION,PME_UNIT) VALUES('MET_95','Growth rate, for each significant product or product line','GP02', 'DIM_9' ,'' );
INSERT INTO PI_METRIC_FIELDS (PME_ID,PFI_ID) VALUES('MET_95','FIELD_39');
INSERT INTO PI_METRIC (PME_ID,PME_NAME,PC3_ID,PME_DIMENSION,PME_UNIT) VALUES('MET_96','Sales per employee','GP03', 'DIM_5' ,'' );
INSERT INTO PI_METRIC_FIELDS (PME_ID,PFI_ID) VALUES('MET_96','FIELD_35');
INSERT INTO PI_METRIC_FIELDS (PME_ID,PFI_ID) VALUES('MET_96','FIELD_163');
INSERT INTO PI_METRIC (PME_ID,PME_NAME,PC3_ID,PME_DIMENSION,PME_UNIT) VALUES('MET_97','???','GP03', 'DIM_1' ,'' );
INSERT INTO PI_METRIC_FIELDS (PME_ID,PFI_ID) VALUES('MET_97','FIELD_115');
INSERT INTO PI_METRIC (PME_ID,PME_NAME,PC3_ID,PME_DIMENSION,PME_UNIT) VALUES('MET_98','Total cost for a given process','GP03', 'DIM_6' ,'$' );
INSERT INTO PI_METRIC_FIELDS (PME_ID,PFI_ID) VALUES('MET_98','FIELD_65');
INSERT INTO PI_METRIC_FIELDS (PME_ID,PFI_ID) VALUES('MET_98','FIELD_164');
INSERT INTO PI_METRIC (PME_ID,PME_NAME,PC3_ID,PME_DIMENSION,PME_UNIT) VALUES('MET_99','Cost of product','GP03', 'DIM_6' ,'$' );
INSERT INTO PI_METRIC_FIELDS (PME_ID,PFI_ID) VALUES('MET_99','FIELD_65');
INSERT INTO PI_METRIC_FIELDS (PME_ID,PFI_ID) VALUES('MET_99','FIELD_164');
INSERT INTO PI_METRIC (PME_ID,PME_NAME,PC3_ID,PME_DIMENSION,PME_UNIT) VALUES('MET_100','???','GP03', 'DIM_10' ,'' );
INSERT INTO PI_METRIC_FIELDS (PME_ID,PFI_ID) VALUES('MET_100','FIELD_184');
INSERT INTO PI_METRIC_FIELDS (PME_ID,PFI_ID) VALUES('MET_100','FIELD_226');
INSERT INTO PI_METRIC (PME_ID,PME_NAME,PC3_ID,PME_DIMENSION,PME_UNIT) VALUES('MET_101','???','GP03', 'DIM_1' ,'' );
INSERT INTO PI_METRIC_FIELDS (PME_ID,PFI_ID) VALUES('MET_101','FIELD_115');
INSERT INTO PI_METRIC (PME_ID,PME_NAME,PC3_ID,PME_DIMENSION,PME_UNIT) VALUES('MET_102','Total value of assets dedicated to a specific process','GP04', 'DIM_5' ,'' );
INSERT INTO PI_METRIC_FIELDS (PME_ID,PFI_ID) VALUES('MET_102','FIELD_35');
INSERT INTO PI_METRIC_FIELDS (PME_ID,PFI_ID) VALUES('MET_102','FIELD_160');
INSERT INTO PI_METRIC (PME_ID,PME_NAME,PC3_ID,PME_DIMENSION,PME_UNIT) VALUES('MET_103','Returns as a percentage of sales','GP04', 'DIM_6' ,'%' );
INSERT INTO PI_METRIC_FIELDS (PME_ID,PFI_ID) VALUES('MET_103','FIELD_65');
INSERT INTO PI_METRIC_FIELDS (PME_ID,PFI_ID) VALUES('MET_103','FIELD_160');
INSERT INTO PI_METRIC (PME_ID,PME_NAME,PC3_ID,PME_DIMENSION,PME_UNIT) VALUES('MET_104','Total product returns','GP04', 'DIM_6' ,'$ or #' );
INSERT INTO PI_METRIC_FIELDS (PME_ID,PFI_ID) VALUES('MET_104','FIELD_65');
INSERT INTO PI_METRIC_FIELDS (PME_ID,PFI_ID) VALUES('MET_104','FIELD_160');
INSERT INTO PI_METRIC (PME_ID,PME_NAME,PC3_ID,PME_DIMENSION,PME_UNIT) VALUES('MET_105','Average sales price per unit','GP04', 'DIM_6' ,'#' );
INSERT INTO PI_METRIC_FIELDS (PME_ID,PFI_ID) VALUES('MET_105','FIELD_65');
INSERT INTO PI_METRIC_FIELDS (PME_ID,PFI_ID) VALUES('MET_105','FIELD_160');
INSERT INTO PI_METRIC (PME_ID,PME_NAME,PC3_ID,PME_DIMENSION,PME_UNIT) VALUES('MET_106','Profitability of each product/service or product/service line','GP04', 'DIM_6' ,'' );
INSERT INTO PI_METRIC_FIELDS (PME_ID,PFI_ID) VALUES('MET_106','FIELD_65');
INSERT INTO PI_METRIC_FIELDS (PME_ID,PFI_ID) VALUES('MET_106','FIELD_160');
INSERT INTO PI_METRIC (PME_ID,PME_NAME,PC3_ID,PME_DIMENSION,PME_UNIT) VALUES('MET_107','Percent of sales from new products','GP04', 'DIM_6' ,'%' );
INSERT INTO PI_METRIC_FIELDS (PME_ID,PFI_ID) VALUES('MET_107','FIELD_65');
INSERT INTO PI_METRIC_FIELDS (PME_ID,PFI_ID) VALUES('MET_107','FIELD_160');
INSERT INTO PI_METRIC (PME_ID,PME_NAME,PC3_ID,PME_DIMENSION,PME_UNIT) VALUES('MET_108','Return on assets','GP04', 'DIM_6' ,'' );
INSERT INTO PI_METRIC_FIELDS (PME_ID,PFI_ID) VALUES('MET_108','FIELD_65');
INSERT INTO PI_METRIC_FIELDS (PME_ID,PFI_ID) VALUES('MET_108','FIELD_160');
INSERT INTO PI_METRIC (PME_ID,PME_NAME,PC3_ID,PME_DIMENSION,PME_UNIT) VALUES('MET_109','ROI (Return on Investment)','GP04', 'DIM_6' ,'' );
INSERT INTO PI_METRIC_FIELDS (PME_ID,PFI_ID) VALUES('MET_109','FIELD_65');
INSERT INTO PI_METRIC_FIELDS (PME_ID,PFI_ID) VALUES('MET_109','FIELD_160');
INSERT INTO PI_METRIC (PME_ID,PME_NAME,PC3_ID,PME_DIMENSION,PME_UNIT) VALUES('MET_110','Breakeven time','GP04', 'DIM_6' ,'Time' );
INSERT INTO PI_METRIC_FIELDS (PME_ID,PFI_ID) VALUES('MET_110','FIELD_65');
INSERT INTO PI_METRIC_FIELDS (PME_ID,PFI_ID) VALUES('MET_110','FIELD_160');
INSERT INTO PI_METRIC (PME_ID,PME_NAME,PC3_ID,PME_DIMENSION,PME_UNIT) VALUES('MET_111','Production costs per employee','GP04', 'DIM_6' ,'$' );
INSERT INTO PI_METRIC_FIELDS (PME_ID,PFI_ID) VALUES('MET_111','FIELD_65');
INSERT INTO PI_METRIC_FIELDS (PME_ID,PFI_ID) VALUES('MET_111','FIELD_160');
INSERT INTO PI_METRIC (PME_ID,PME_NAME,PC3_ID,PME_DIMENSION,PME_UNIT) VALUES('MET_112','Percent of sales from products whose patents will expire within a year','GP04', 'DIM_8' ,'%' );
INSERT INTO PI_METRIC_FIELDS (PME_ID,PFI_ID) VALUES('MET_112','FIELD_116');
INSERT INTO PI_METRIC (PME_ID,PME_NAME,PC3_ID,PME_DIMENSION,PME_UNIT) VALUES('MET_113','Measure of total lifecycle maintenance cost of an asset compared to its replacement cost for the tactical processes of Develop','GP05', 'DIM_5' ,'$' );
INSERT INTO PI_METRIC_FIELDS (PME_ID,PFI_ID) VALUES('MET_113','FIELD_35');
INSERT INTO PI_METRIC_FIELDS (PME_ID,PFI_ID) VALUES('MET_113','FIELD_152');
INSERT INTO PI_METRIC (PME_ID,PME_NAME,PC3_ID,PME_DIMENSION,PME_UNIT) VALUES('MET_114','Total productivity factor (outputs/inputs)','GP05', 'DIM_5' ,'' );
INSERT INTO PI_METRIC_FIELDS (PME_ID,PFI_ID) VALUES('MET_114','FIELD_35');
INSERT INTO PI_METRIC_FIELDS (PME_ID,PFI_ID) VALUES('MET_114','FIELD_152');
INSERT INTO PI_METRIC (PME_ID,PME_NAME,PC3_ID,PME_DIMENSION,PME_UNIT) VALUES('MET_115','Cost of product','GP05', 'DIM_6' ,'$' );
INSERT INTO PI_METRIC_FIELDS (PME_ID,PFI_ID) VALUES('MET_115','FIELD_52');
INSERT INTO PI_METRIC_FIELDS (PME_ID,PFI_ID) VALUES('MET_115','FIELD_231');
INSERT INTO PI_METRIC (PME_ID,PME_NAME,PC3_ID,PME_DIMENSION,PME_UNIT) VALUES('MET_116','Number of R&D post graduates vs. R&D Graduates','GP06', 'DIM_5' ,'#' );
INSERT INTO PI_METRIC_FIELDS (PME_ID,PFI_ID) VALUES('MET_116','FIELD_35');
INSERT INTO PI_METRIC_FIELDS (PME_ID,PFI_ID) VALUES('MET_116','FIELD_177');
INSERT INTO PI_METRIC (PME_ID,PME_NAME,PC3_ID,PME_DIMENSION,PME_UNIT) VALUES('MET_117','Rate of employee participation in industry, trade or professional associations','GP06', 'DIM_5' ,'' );
INSERT INTO PI_METRIC_FIELDS (PME_ID,PFI_ID) VALUES('MET_117','FIELD_35');
INSERT INTO PI_METRIC_FIELDS (PME_ID,PFI_ID) VALUES('MET_117','FIELD_177');
INSERT INTO PI_METRIC (PME_ID,PME_NAME,PC3_ID,PME_DIMENSION,PME_UNIT) VALUES('MET_118','Per capita annual cost of training','GP06', 'DIM_6' ,'$' );
INSERT INTO PI_METRIC_FIELDS (PME_ID,PFI_ID) VALUES('MET_118','FIELD_41');
INSERT INTO PI_METRIC_FIELDS (PME_ID,PFI_ID) VALUES('MET_118','FIELD_229');
INSERT INTO PI_METRIC (PME_ID,PME_NAME,PC3_ID,PME_DIMENSION,PME_UNIT) VALUES('MET_119','communication and support programs for full-time permanent employees','GP06', 'DIM_6' ,'#' );
INSERT INTO PI_METRIC_FIELDS (PME_ID,PFI_ID) VALUES('MET_119','FIELD_41');
INSERT INTO PI_METRIC_FIELDS (PME_ID,PFI_ID) VALUES('MET_119','FIELD_229');
INSERT INTO PI_METRIC (PME_ID,PME_NAME,PC3_ID,PME_DIMENSION,PME_UNIT) VALUES('MET_120','Hours of training per employee','GP06', 'DIM_6' ,'Hours' );
INSERT INTO PI_METRIC_FIELDS (PME_ID,PFI_ID) VALUES('MET_120','FIELD_41');
INSERT INTO PI_METRIC_FIELDS (PME_ID,PFI_ID) VALUES('MET_120','FIELD_229');
INSERT INTO PI_METRIC (PME_ID,PME_NAME,PC3_ID,PME_DIMENSION,PME_UNIT) VALUES('MET_121','Training expense/employee','GP06', 'DIM_6' ,'$' );
INSERT INTO PI_METRIC_FIELDS (PME_ID,PFI_ID) VALUES('MET_121','FIELD_41');
INSERT INTO PI_METRIC_FIELDS (PME_ID,PFI_ID) VALUES('MET_121','FIELD_229');
INSERT INTO PI_METRIC (PME_ID,PME_NAME,PC3_ID,PME_DIMENSION,PME_UNIT) VALUES('MET_122','Training expense/administrative expense','GP06', 'DIM_6' ,'%' );
INSERT INTO PI_METRIC_FIELDS (PME_ID,PFI_ID) VALUES('MET_122','FIELD_41');
INSERT INTO PI_METRIC_FIELDS (PME_ID,PFI_ID) VALUES('MET_122','FIELD_229');
INSERT INTO PI_METRIC (PME_ID,PME_NAME,PC3_ID,PME_DIMENSION,PME_UNIT) VALUES('MET_123','Average employee years of service with company','GP06', 'DIM_8' ,'' );
INSERT INTO PI_METRIC_FIELDS (PME_ID,PFI_ID) VALUES('MET_123','FIELD_237');
INSERT INTO PI_METRIC (PME_ID,PME_NAME,PC3_ID,PME_DIMENSION,PME_UNIT) VALUES('MET_124','Company managers with advanced degrees: business','GP06', 'DIM_9' ,'%' );
INSERT INTO PI_METRIC_FIELDS (PME_ID,PFI_ID) VALUES('MET_124','FIELD_136');
INSERT INTO PI_METRIC_FIELDS (PME_ID,PFI_ID) VALUES('MET_124','FIELD_230');
INSERT INTO PI_METRIC (PME_ID,PME_NAME,PC3_ID,PME_DIMENSION,PME_UNIT) VALUES('MET_125','science and engineering','GP06', 'DIM_9' ,'%' );
INSERT INTO PI_METRIC_FIELDS (PME_ID,PFI_ID) VALUES('MET_125','FIELD_136');
INSERT INTO PI_METRIC_FIELDS (PME_ID,PFI_ID) VALUES('MET_125','FIELD_230');
INSERT INTO PI_METRIC (PME_ID,PME_NAME,PC3_ID,PME_DIMENSION,PME_UNIT) VALUES('MET_126','liberal arts','GP06', 'DIM_9' ,'%' );
INSERT INTO PI_METRIC_FIELDS (PME_ID,PFI_ID) VALUES('MET_126','FIELD_136');
INSERT INTO PI_METRIC_FIELDS (PME_ID,PFI_ID) VALUES('MET_126','FIELD_230');
INSERT INTO PI_METRIC (PME_ID,PME_NAME,PC3_ID,PME_DIMENSION,PME_UNIT) VALUES('MET_127','???','GP07', 'DIM_5' ,'' );
INSERT INTO PI_METRIC_FIELDS (PME_ID,PFI_ID) VALUES('MET_127','FIELD_35');
INSERT INTO PI_METRIC_FIELDS (PME_ID,PFI_ID) VALUES('MET_127','FIELD_170');
INSERT INTO PI_METRIC (PME_ID,PME_NAME,PC3_ID,PME_DIMENSION,PME_UNIT) VALUES('MET_128','???','GP07', 'DIM_6' ,'' );
INSERT INTO PI_METRIC_FIELDS (PME_ID,PFI_ID) VALUES('MET_128','FIELD_65');
INSERT INTO PI_METRIC_FIELDS (PME_ID,PFI_ID) VALUES('MET_128','FIELD_170');
INSERT INTO PI_METRIC (PME_ID,PME_NAME,PC3_ID,PME_DIMENSION,PME_UNIT) VALUES('MET_129','Percent of suppliers engaged in collaborative design','GP07', 'DIM_8' ,'%' );
INSERT INTO PI_METRIC_FIELDS (PME_ID,PFI_ID) VALUES('MET_129','FIELD_57');
INSERT INTO PI_METRIC (PME_ID,PME_NAME,PC3_ID,PME_DIMENSION,PME_UNIT) VALUES('MET_130','Number of employees who are trained in multiple functions within the organization','GP07', 'DIM_8' ,'#' );
INSERT INTO PI_METRIC_FIELDS (PME_ID,PFI_ID) VALUES('MET_130','FIELD_57');
INSERT INTO PI_METRIC (PME_ID,PME_NAME,PC3_ID,PME_DIMENSION,PME_UNIT) VALUES('MET_131','???','GP08', 'DIM_5' ,'' );
INSERT INTO PI_METRIC_FIELDS (PME_ID,PFI_ID) VALUES('MET_131','FIELD_35');
INSERT INTO PI_METRIC_FIELDS (PME_ID,PFI_ID) VALUES('MET_131','FIELD_156');
INSERT INTO PI_METRIC (PME_ID,PME_NAME,PC3_ID,PME_DIMENSION,PME_UNIT) VALUES('MET_132','???','GP08', 'DIM_6' ,'' );
INSERT INTO PI_METRIC_FIELDS (PME_ID,PFI_ID) VALUES('MET_132','FIELD_69');
INSERT INTO PI_METRIC (PME_ID,PME_NAME,PC3_ID,PME_DIMENSION,PME_UNIT) VALUES('MET_133','number of design changes after the baseline design is established','GP08', 'DIM_9' ,'#' );
INSERT INTO PI_METRIC_FIELDS (PME_ID,PFI_ID) VALUES('MET_133','FIELD_64');
INSERT INTO PI_METRIC (PME_ID,PME_NAME,PC3_ID,PME_DIMENSION,PME_UNIT) VALUES('MET_134','???','GP08', 'DIM_10' ,'' );
INSERT INTO PI_METRIC_FIELDS (PME_ID,PFI_ID) VALUES('MET_134','FIELD_125');
INSERT INTO PI_METRIC (PME_ID,PME_NAME,PC3_ID,PME_DIMENSION,PME_UNIT) VALUES('MET_135','???','GP09', 'DIM_5' ,'' );
INSERT INTO PI_METRIC_FIELDS (PME_ID,PFI_ID) VALUES('MET_135','FIELD_3');
INSERT INTO PI_METRIC_FIELDS (PME_ID,PFI_ID) VALUES('MET_135','FIELD_230');
INSERT INTO PI_METRIC (PME_ID,PME_NAME,PC3_ID,PME_DIMENSION,PME_UNIT) VALUES('MET_136','Total Develop cost to comply with regulatory requirements.','GP09', 'DIM_6' ,'$' );
INSERT INTO PI_METRIC_FIELDS (PME_ID,PFI_ID) VALUES('MET_136','FIELD_67');
INSERT INTO PI_METRIC_FIELDS (PME_ID,PFI_ID) VALUES('MET_136','FIELD_230');
INSERT INTO PI_METRIC (PME_ID,PME_NAME,PC3_ID,PME_DIMENSION,PME_UNIT) VALUES('MET_137','???','GP09', 'DIM_9' ,'' );
INSERT INTO PI_METRIC_FIELDS (PME_ID,PFI_ID) VALUES('MET_137','FIELD_183');
INSERT INTO PI_METRIC_FIELDS (PME_ID,PFI_ID) VALUES('MET_137','FIELD_226');
INSERT INTO PI_METRIC (PME_ID,PME_NAME,PC3_ID,PME_DIMENSION,PME_UNIT) VALUES('MET_138','Product return rates','GP09', 'DIM_9' ,'' );
INSERT INTO PI_METRIC_FIELDS (PME_ID,PFI_ID) VALUES('MET_138','FIELD_115');
INSERT INTO PI_METRIC (PME_ID,PME_NAME,PC3_ID,PME_DIMENSION,PME_UNIT) VALUES('MET_139','Total value of assets dedicated to a specific process','GP10', 'DIM_5' ,'' );
INSERT INTO PI_METRIC_FIELDS (PME_ID,PFI_ID) VALUES('MET_139','FIELD_35');
INSERT INTO PI_METRIC_FIELDS (PME_ID,PFI_ID) VALUES('MET_139','FIELD_167');
INSERT INTO PI_METRIC (PME_ID,PME_NAME,PC3_ID,PME_DIMENSION,PME_UNIT) VALUES('MET_140','Growth rates by product','GP10', 'DIM_5' ,'' );
INSERT INTO PI_METRIC_FIELDS (PME_ID,PFI_ID) VALUES('MET_140','FIELD_35');
INSERT INTO PI_METRIC_FIELDS (PME_ID,PFI_ID) VALUES('MET_140','FIELD_167');
INSERT INTO PI_METRIC (PME_ID,PME_NAME,PC3_ID,PME_DIMENSION,PME_UNIT) VALUES('MET_141','Average preventive maintenance costs per asset','GP10', 'DIM_6' ,'$' );
INSERT INTO PI_METRIC_FIELDS (PME_ID,PFI_ID) VALUES('MET_141','FIELD_65');
INSERT INTO PI_METRIC_FIELDS (PME_ID,PFI_ID) VALUES('MET_141','FIELD_167');
INSERT INTO PI_METRIC (PME_ID,PME_NAME,PC3_ID,PME_DIMENSION,PME_UNIT) VALUES('MET_142','Percentage of preventive maintenance costs to total maintenance costs','GP10', 'DIM_6' ,'%' );
INSERT INTO PI_METRIC_FIELDS (PME_ID,PFI_ID) VALUES('MET_142','FIELD_65');
INSERT INTO PI_METRIC_FIELDS (PME_ID,PFI_ID) VALUES('MET_142','FIELD_167');
INSERT INTO PI_METRIC (PME_ID,PME_NAME,PC3_ID,PME_DIMENSION,PME_UNIT) VALUES('MET_143','Cost of product','GP10', 'DIM_6' ,'$' );
INSERT INTO PI_METRIC_FIELDS (PME_ID,PFI_ID) VALUES('MET_143','FIELD_65');
INSERT INTO PI_METRIC_FIELDS (PME_ID,PFI_ID) VALUES('MET_143','FIELD_167');
INSERT INTO PI_METRIC (PME_ID,PME_NAME,PC3_ID,PME_DIMENSION,PME_UNIT) VALUES('MET_144','Total value of assets dedicated to a specific process','GS01', 'DIM_5' ,'' );
INSERT INTO PI_METRIC_FIELDS (PME_ID,PFI_ID) VALUES('MET_144','FIELD_35');
INSERT INTO PI_METRIC_FIELDS (PME_ID,PFI_ID) VALUES('MET_144','FIELD_181');
INSERT INTO PI_METRIC (PME_ID,PME_NAME,PC3_ID,PME_DIMENSION,PME_UNIT) VALUES('MET_145','???','GS01', 'DIM_6' ,'' );
INSERT INTO PI_METRIC_FIELDS (PME_ID,PFI_ID) VALUES('MET_145','FIELD_65');
INSERT INTO PI_METRIC_FIELDS (PME_ID,PFI_ID) VALUES('MET_145','FIELD_181');
INSERT INTO PI_METRIC (PME_ID,PME_NAME,PC3_ID,PME_DIMENSION,PME_UNIT) VALUES('MET_146','???','GS01', 'DIM_9' ,'' );
INSERT INTO PI_METRIC_FIELDS (PME_ID,PFI_ID) VALUES('MET_146','FIELD_49');
INSERT INTO PI_METRIC_FIELDS (PME_ID,PFI_ID) VALUES('MET_146','FIELD_275');
INSERT INTO PI_METRIC (PME_ID,PME_NAME,PC3_ID,PME_DIMENSION,PME_UNIT) VALUES('MET_147','Units produced per day','GS02', 'DIM_5' ,'#' );
INSERT INTO PI_METRIC_FIELDS (PME_ID,PFI_ID) VALUES('MET_147','FIELD_35');
INSERT INTO PI_METRIC_FIELDS (PME_ID,PFI_ID) VALUES('MET_147','FIELD_175');
INSERT INTO PI_METRIC (PME_ID,PME_NAME,PC3_ID,PME_DIMENSION,PME_UNIT) VALUES('MET_148','???','GS02', 'DIM_6' ,'' );
INSERT INTO PI_METRIC_FIELDS (PME_ID,PFI_ID) VALUES('MET_148','FIELD_65');
INSERT INTO PI_METRIC_FIELDS (PME_ID,PFI_ID) VALUES('MET_148','FIELD_175');
INSERT INTO PI_METRIC (PME_ID,PME_NAME,PC3_ID,PME_DIMENSION,PME_UNIT) VALUES('MET_149','???','GS02', 'DIM_8' ,'' );
INSERT INTO PI_METRIC_FIELDS (PME_ID,PFI_ID) VALUES('MET_149','FIELD_266');
INSERT INTO PI_METRIC_FIELDS (PME_ID,PFI_ID) VALUES('MET_149','FIELD_275');
INSERT INTO PI_METRIC (PME_ID,PME_NAME,PC3_ID,PME_DIMENSION,PME_UNIT) VALUES('MET_150','The percentage of orders that are fulfilled on or before the original scheduled or committed date.','GS02', 'DIM_9' ,'%' );
INSERT INTO PI_METRIC_FIELDS (PME_ID,PFI_ID) VALUES('MET_150','FIELD_8');
INSERT INTO PI_METRIC_FIELDS (PME_ID,PFI_ID) VALUES('MET_150','FIELD_275');
INSERT INTO PI_METRIC (PME_ID,PME_NAME,PC3_ID,PME_DIMENSION,PME_UNIT) VALUES('MET_151','???','GS03', 'DIM_5' ,'' );
INSERT INTO PI_METRIC_FIELDS (PME_ID,PFI_ID) VALUES('MET_151','FIELD_35');
INSERT INTO PI_METRIC_FIELDS (PME_ID,PFI_ID) VALUES('MET_151','FIELD_165');
INSERT INTO PI_METRIC (PME_ID,PME_NAME,PC3_ID,PME_DIMENSION,PME_UNIT) VALUES('MET_152','Total cost for a given process','GS03', 'DIM_6' ,'$' );
INSERT INTO PI_METRIC_FIELDS (PME_ID,PFI_ID) VALUES('MET_152','FIELD_66');
INSERT INTO PI_METRIC (PME_ID,PME_NAME,PC3_ID,PME_DIMENSION,PME_UNIT) VALUES('MET_153','Stock price, appreciation','GS03', 'DIM_6' ,'' );
INSERT INTO PI_METRIC_FIELDS (PME_ID,PFI_ID) VALUES('MET_153','FIELD_66');
INSERT INTO PI_METRIC (PME_ID,PME_NAME,PC3_ID,PME_DIMENSION,PME_UNIT) VALUES('MET_154','???','GS03', 'DIM_10' ,'' );
INSERT INTO PI_METRIC_FIELDS (PME_ID,PFI_ID) VALUES('MET_154','FIELD_184');
INSERT INTO PI_METRIC_FIELDS (PME_ID,PFI_ID) VALUES('MET_154','FIELD_275');
INSERT INTO PI_METRIC (PME_ID,PME_NAME,PC3_ID,PME_DIMENSION,PME_UNIT) VALUES('MET_155','Dividends','GS04', 'DIM_5' ,'' );
INSERT INTO PI_METRIC_FIELDS (PME_ID,PFI_ID) VALUES('MET_155','FIELD_35');
INSERT INTO PI_METRIC_FIELDS (PME_ID,PFI_ID) VALUES('MET_155','FIELD_182');
INSERT INTO PI_METRIC (PME_ID,PME_NAME,PC3_ID,PME_DIMENSION,PME_UNIT) VALUES('MET_156','Total cost for a given process','GS04', 'DIM_6' ,'$' );
INSERT INTO PI_METRIC_FIELDS (PME_ID,PFI_ID) VALUES('MET_156','FIELD_65');
INSERT INTO PI_METRIC_FIELDS (PME_ID,PFI_ID) VALUES('MET_156','FIELD_161');
INSERT INTO PI_METRIC (PME_ID,PME_NAME,PC3_ID,PME_DIMENSION,PME_UNIT) VALUES('MET_157','Dividends','GS04', 'DIM_6' ,'' );
INSERT INTO PI_METRIC_FIELDS (PME_ID,PFI_ID) VALUES('MET_157','FIELD_65');
INSERT INTO PI_METRIC_FIELDS (PME_ID,PFI_ID) VALUES('MET_157','FIELD_161');
INSERT INTO PI_METRIC (PME_ID,PME_NAME,PC3_ID,PME_DIMENSION,PME_UNIT) VALUES('MET_158','A simple comparison of the capacity used to create something of value divided by the best operating level needed to create the same value.','GS05', 'DIM_5' ,'' );
INSERT INTO PI_METRIC_FIELDS (PME_ID,PFI_ID) VALUES('MET_158','FIELD_35');
INSERT INTO PI_METRIC_FIELDS (PME_ID,PFI_ID) VALUES('MET_158','FIELD_153');
INSERT INTO PI_METRIC (PME_ID,PME_NAME,PC3_ID,PME_DIMENSION,PME_UNIT) VALUES('MET_159','???','GS05', 'DIM_6' ,'' );
INSERT INTO PI_METRIC_FIELDS (PME_ID,PFI_ID) VALUES('MET_159','FIELD_52');
INSERT INTO PI_METRIC_FIELDS (PME_ID,PFI_ID) VALUES('MET_159','FIELD_276');
INSERT INTO PI_METRIC (PME_ID,PME_NAME,PC3_ID,PME_DIMENSION,PME_UNIT) VALUES('MET_160','???','GS05', 'DIM_9' ,'' );
INSERT INTO PI_METRIC_FIELDS (PME_ID,PFI_ID) VALUES('MET_160','FIELD_188');
INSERT INTO PI_METRIC (PME_ID,PME_NAME,PC3_ID,PME_DIMENSION,PME_UNIT) VALUES('MET_161','???','GS06', 'DIM_5' ,'' );
INSERT INTO PI_METRIC_FIELDS (PME_ID,PFI_ID) VALUES('MET_161','FIELD_35');
INSERT INTO PI_METRIC_FIELDS (PME_ID,PFI_ID) VALUES('MET_161','FIELD_178');
INSERT INTO PI_METRIC (PME_ID,PME_NAME,PC3_ID,PME_DIMENSION,PME_UNIT) VALUES('MET_162','Total cost for a given process','GS06', 'DIM_6' ,'$' );
INSERT INTO PI_METRIC_FIELDS (PME_ID,PFI_ID) VALUES('MET_162','FIELD_41');
INSERT INTO PI_METRIC_FIELDS (PME_ID,PFI_ID) VALUES('MET_162','FIELD_275');
INSERT INTO PI_METRIC (PME_ID,PME_NAME,PC3_ID,PME_DIMENSION,PME_UNIT) VALUES('MET_163','???','GS06', 'DIM_9' ,'' );
INSERT INTO PI_METRIC_FIELDS (PME_ID,PFI_ID) VALUES('MET_163','FIELD_136');
INSERT INTO PI_METRIC_FIELDS (PME_ID,PFI_ID) VALUES('MET_163','FIELD_275');
INSERT INTO PI_METRIC (PME_ID,PME_NAME,PC3_ID,PME_DIMENSION,PME_UNIT) VALUES('MET_164','???','GS07', 'DIM_3' ,'' );
INSERT INTO PI_METRIC_FIELDS (PME_ID,PFI_ID) VALUES('MET_164','FIELD_144');
INSERT INTO PI_METRIC (PME_ID,PME_NAME,PC3_ID,PME_DIMENSION,PME_UNIT) VALUES('MET_165','???','GS07', 'DIM_5' ,'' );
INSERT INTO PI_METRIC_FIELDS (PME_ID,PFI_ID) VALUES('MET_165','FIELD_35');
INSERT INTO PI_METRIC_FIELDS (PME_ID,PFI_ID) VALUES('MET_165','FIELD_171');
INSERT INTO PI_METRIC (PME_ID,PME_NAME,PC3_ID,PME_DIMENSION,PME_UNIT) VALUES('MET_166','Total cost for a given process','GS07', 'DIM_6' ,'$' );
INSERT INTO PI_METRIC_FIELDS (PME_ID,PFI_ID) VALUES('MET_166','FIELD_65');
INSERT INTO PI_METRIC_FIELDS (PME_ID,PFI_ID) VALUES('MET_166','FIELD_171');
INSERT INTO PI_METRIC (PME_ID,PME_NAME,PC3_ID,PME_DIMENSION,PME_UNIT) VALUES('MET_167','???','GS08', 'DIM_5' ,'' );
INSERT INTO PI_METRIC_FIELDS (PME_ID,PFI_ID) VALUES('MET_167','FIELD_35');
INSERT INTO PI_METRIC_FIELDS (PME_ID,PFI_ID) VALUES('MET_167','FIELD_157');
INSERT INTO PI_METRIC (PME_ID,PME_NAME,PC3_ID,PME_DIMENSION,PME_UNIT) VALUES('MET_168','Total cost for a given process','GS08', 'DIM_6' ,'$' );
INSERT INTO PI_METRIC_FIELDS (PME_ID,PFI_ID) VALUES('MET_168','FIELD_65');
INSERT INTO PI_METRIC_FIELDS (PME_ID,PFI_ID) VALUES('MET_168','FIELD_157');
INSERT INTO PI_METRIC (PME_ID,PME_NAME,PC3_ID,PME_DIMENSION,PME_UNIT) VALUES('MET_169','???','GS09', 'DIM_5' ,'' );
INSERT INTO PI_METRIC_FIELDS (PME_ID,PFI_ID) VALUES('MET_169','FIELD_3');
INSERT INTO PI_METRIC_FIELDS (PME_ID,PFI_ID) VALUES('MET_169','FIELD_275');
INSERT INTO PI_METRIC (PME_ID,PME_NAME,PC3_ID,PME_DIMENSION,PME_UNIT) VALUES('MET_170','Total Fulfill cost to comply with regulatory requirements','GS09', 'DIM_6' ,'$' );
INSERT INTO PI_METRIC_FIELDS (PME_ID,PFI_ID) VALUES('MET_170','FIELD_67');
INSERT INTO PI_METRIC_FIELDS (PME_ID,PFI_ID) VALUES('MET_170','FIELD_275');
INSERT INTO PI_METRIC (PME_ID,PME_NAME,PC3_ID,PME_DIMENSION,PME_UNIT) VALUES('MET_171','???','GS09', 'DIM_9' ,'' );
INSERT INTO PI_METRIC_FIELDS (PME_ID,PFI_ID) VALUES('MET_171','FIELD_183');
INSERT INTO PI_METRIC_FIELDS (PME_ID,PFI_ID) VALUES('MET_171','FIELD_274');
INSERT INTO PI_METRIC (PME_ID,PME_NAME,PC3_ID,PME_DIMENSION,PME_UNIT) VALUES('MET_172','???','GS09', 'DIM_9' ,'' );
INSERT INTO PI_METRIC_FIELDS (PME_ID,PFI_ID) VALUES('MET_172','FIELD_53');
INSERT INTO PI_METRIC (PME_ID,PME_NAME,PC3_ID,PME_DIMENSION,PME_UNIT) VALUES('MET_173','???','GS09', 'DIM_10' ,'' );
INSERT INTO PI_METRIC_FIELDS (PME_ID,PFI_ID) VALUES('MET_173','FIELD_134');
INSERT INTO PI_METRIC (PME_ID,PME_NAME,PC3_ID,PME_DIMENSION,PME_UNIT) VALUES('MET_174','Total value of assets dedicated to a specific process','GS10', 'DIM_5' ,'' );
INSERT INTO PI_METRIC_FIELDS (PME_ID,PFI_ID) VALUES('MET_174','FIELD_35');
INSERT INTO PI_METRIC_FIELDS (PME_ID,PFI_ID) VALUES('MET_174','FIELD_168');
INSERT INTO PI_METRIC (PME_ID,PME_NAME,PC3_ID,PME_DIMENSION,PME_UNIT) VALUES('MET_175','Average preventive maintenance costs per asset','GS10', 'DIM_6' ,'$' );
INSERT INTO PI_METRIC_FIELDS (PME_ID,PFI_ID) VALUES('MET_175','FIELD_1');
INSERT INTO PI_METRIC (PME_ID,PME_NAME,PC3_ID,PME_DIMENSION,PME_UNIT) VALUES('MET_176','Percentage of preventive maintenance costs to total maintenance costs','GS10', 'DIM_6' ,'%' );
INSERT INTO PI_METRIC_FIELDS (PME_ID,PFI_ID) VALUES('MET_176','FIELD_1');
INSERT INTO PI_METRIC (PME_ID,PME_NAME,PC3_ID,PME_DIMENSION,PME_UNIT) VALUES('MET_177','???','GC01', 'DIM_5' ,'' );
INSERT INTO PI_METRIC_FIELDS (PME_ID,PFI_ID) VALUES('MET_177','FIELD_35');
INSERT INTO PI_METRIC_FIELDS (PME_ID,PFI_ID) VALUES('MET_177','FIELD_179');
INSERT INTO PI_METRIC (PME_ID,PME_NAME,PC3_ID,PME_DIMENSION,PME_UNIT) VALUES('MET_178','Total cost for a given process','GC01', 'DIM_6' ,'$' );
INSERT INTO PI_METRIC_FIELDS (PME_ID,PFI_ID) VALUES('MET_178','FIELD_258');
INSERT INTO PI_METRIC_FIELDS (PME_ID,PFI_ID) VALUES('MET_178','FIELD_87');
INSERT INTO PI_METRIC (PME_ID,PME_NAME,PC3_ID,PME_DIMENSION,PME_UNIT) VALUES('MET_179','???','GC01', 'DIM_9' ,'' );
INSERT INTO PI_METRIC_FIELDS (PME_ID,PFI_ID) VALUES('MET_179','FIELD_49');
INSERT INTO PI_METRIC_FIELDS (PME_ID,PFI_ID) VALUES('MET_179','FIELD_264');
INSERT INTO PI_METRIC (PME_ID,PME_NAME,PC3_ID,PME_DIMENSION,PME_UNIT) VALUES('MET_180','Total product revenue divided by total number of full-time equivalent employe','GC02', 'DIM_5' ,'#' );
INSERT INTO PI_METRIC_FIELDS (PME_ID,PFI_ID) VALUES('MET_180','FIELD_35');
INSERT INTO PI_METRIC_FIELDS (PME_ID,PFI_ID) VALUES('MET_180','FIELD_172');
INSERT INTO PI_METRIC (PME_ID,PME_NAME,PC3_ID,PME_DIMENSION,PME_UNIT) VALUES('MET_181','Units produced per person','GC02', 'DIM_5' ,'#' );
INSERT INTO PI_METRIC_FIELDS (PME_ID,PFI_ID) VALUES('MET_181','FIELD_251');
INSERT INTO PI_METRIC (PME_ID,PME_NAME,PC3_ID,PME_DIMENSION,PME_UNIT) VALUES('MET_182','Average marketing (and sales) expenses per customer','GC02', 'DIM_6' ,'' );
INSERT INTO PI_METRIC_FIELDS (PME_ID,PFI_ID) VALUES('MET_182','FIELD_65');
INSERT INTO PI_METRIC_FIELDS (PME_ID,PFI_ID) VALUES('MET_182','FIELD_173');
INSERT INTO PI_METRIC (PME_ID,PME_NAME,PC3_ID,PME_DIMENSION,PME_UNIT) VALUES('MET_183','Percent of customers who are repeat customers','GC02', 'DIM_7' ,'%' );
INSERT INTO PI_METRIC_FIELDS (PME_ID,PFI_ID) VALUES('MET_183','FIELD_40');
INSERT INTO PI_METRIC (PME_ID,PME_NAME,PC3_ID,PME_DIMENSION,PME_UNIT) VALUES('MET_184','Percent of new business done with repeat customer','GC02', 'DIM_7' ,'%' );
INSERT INTO PI_METRIC_FIELDS (PME_ID,PFI_ID) VALUES('MET_184','FIELD_40');
INSERT INTO PI_METRIC (PME_ID,PME_NAME,PC3_ID,PME_DIMENSION,PME_UNIT) VALUES('MET_185','???','GC02', 'DIM_8' ,'' );
INSERT INTO PI_METRIC_FIELDS (PME_ID,PFI_ID) VALUES('MET_185','FIELD_21');
INSERT INTO PI_METRIC_FIELDS (PME_ID,PFI_ID) VALUES('MET_185','FIELD_235');
INSERT INTO PI_METRIC (PME_ID,PME_NAME,PC3_ID,PME_DIMENSION,PME_UNIT) VALUES('MET_186','Customer perception of availability','GC02', 'DIM_9' ,'' );
INSERT INTO PI_METRIC_FIELDS (PME_ID,PFI_ID) VALUES('MET_186','FIELD_8');
INSERT INTO PI_METRIC_FIELDS (PME_ID,PFI_ID) VALUES('MET_186','FIELD_86');
INSERT INTO PI_METRIC (PME_ID,PME_NAME,PC3_ID,PME_DIMENSION,PME_UNIT) VALUES('MET_187','???','GC03', 'DIM_5' ,'' );
INSERT INTO PI_METRIC_FIELDS (PME_ID,PFI_ID) VALUES('MET_187','FIELD_35');
INSERT INTO PI_METRIC_FIELDS (PME_ID,PFI_ID) VALUES('MET_187','FIELD_162');
INSERT INTO PI_METRIC (PME_ID,PME_NAME,PC3_ID,PME_DIMENSION,PME_UNIT) VALUES('MET_188','Total cost for a given process','GC03', 'DIM_6' ,'$' );
INSERT INTO PI_METRIC_FIELDS (PME_ID,PFI_ID) VALUES('MET_188','FIELD_65');
INSERT INTO PI_METRIC_FIELDS (PME_ID,PFI_ID) VALUES('MET_188','FIELD_162');
INSERT INTO PI_METRIC (PME_ID,PME_NAME,PC3_ID,PME_DIMENSION,PME_UNIT) VALUES('MET_189','Number of dormant customers (for example, those who have not purchased anything in six months)','GC03', 'DIM_10' ,'#' );
INSERT INTO PI_METRIC_FIELDS (PME_ID,PFI_ID) VALUES('MET_189','FIELD_184');
INSERT INTO PI_METRIC_FIELDS (PME_ID,PFI_ID) VALUES('MET_189','FIELD_83');
INSERT INTO PI_METRIC (PME_ID,PME_NAME,PC3_ID,PME_DIMENSION,PME_UNIT) VALUES('MET_190','???','GC03', 'DIM_10' ,'' );
INSERT INTO PI_METRIC_FIELDS (PME_ID,PFI_ID) VALUES('MET_190','FIELD_251');
INSERT INTO PI_METRIC (PME_ID,PME_NAME,PC3_ID,PME_DIMENSION,PME_UNIT) VALUES('MET_191','Total value of assets dedicated to a specific process','GC04', 'DIM_5' ,'' );
INSERT INTO PI_METRIC_FIELDS (PME_ID,PFI_ID) VALUES('MET_191','FIELD_35');
INSERT INTO PI_METRIC_FIELDS (PME_ID,PFI_ID) VALUES('MET_191','FIELD_158');
INSERT INTO PI_METRIC (PME_ID,PME_NAME,PC3_ID,PME_DIMENSION,PME_UNIT) VALUES('MET_192','???','GC04', 'DIM_5' ,'' );
INSERT INTO PI_METRIC_FIELDS (PME_ID,PFI_ID) VALUES('MET_192','FIELD_236');
INSERT INTO PI_METRIC (PME_ID,PME_NAME,PC3_ID,PME_DIMENSION,PME_UNIT) VALUES('MET_193','Customer intent to repurchase','GC04', 'DIM_6' ,'' );
INSERT INTO PI_METRIC_FIELDS (PME_ID,PFI_ID) VALUES('MET_193','FIELD_65');
INSERT INTO PI_METRIC_FIELDS (PME_ID,PFI_ID) VALUES('MET_193','FIELD_159');
INSERT INTO PI_METRIC (PME_ID,PME_NAME,PC3_ID,PME_DIMENSION,PME_UNIT) VALUES('MET_194','Annual sale per customer','GC04', 'DIM_6' ,'' );
INSERT INTO PI_METRIC_FIELDS (PME_ID,PFI_ID) VALUES('MET_194','FIELD_65');
INSERT INTO PI_METRIC_FIELDS (PME_ID,PFI_ID) VALUES('MET_194','FIELD_159');
INSERT INTO PI_METRIC (PME_ID,PME_NAME,PC3_ID,PME_DIMENSION,PME_UNIT) VALUES('MET_195','Average sale amount (per transaction)','GC04', 'DIM_6' ,'' );
INSERT INTO PI_METRIC_FIELDS (PME_ID,PFI_ID) VALUES('MET_195','FIELD_65');
INSERT INTO PI_METRIC_FIELDS (PME_ID,PFI_ID) VALUES('MET_195','FIELD_159');
INSERT INTO PI_METRIC (PME_ID,PME_NAME,PC3_ID,PME_DIMENSION,PME_UNIT) VALUES('MET_196','Average sales per repeat customer','GC04', 'DIM_6' ,'' );
INSERT INTO PI_METRIC_FIELDS (PME_ID,PFI_ID) VALUES('MET_196','FIELD_65');
INSERT INTO PI_METRIC_FIELDS (PME_ID,PFI_ID) VALUES('MET_196','FIELD_159');
INSERT INTO PI_METRIC (PME_ID,PME_NAME,PC3_ID,PME_DIMENSION,PME_UNIT) VALUES('MET_197','Revenues from new customers/total revenues','GC04', 'DIM_6' ,'%' );
INSERT INTO PI_METRIC_FIELDS (PME_ID,PFI_ID) VALUES('MET_197','FIELD_65');
INSERT INTO PI_METRIC_FIELDS (PME_ID,PFI_ID) VALUES('MET_197','FIELD_159');
INSERT INTO PI_METRIC (PME_ID,PME_NAME,PC3_ID,PME_DIMENSION,PME_UNIT) VALUES('MET_198','Total value of assets dedicated to a specific process: Brand Value','GC05', 'DIM_5' ,'' );
INSERT INTO PI_METRIC_FIELDS (PME_ID,PFI_ID) VALUES('MET_198','FIELD_35');
INSERT INTO PI_METRIC_FIELDS (PME_ID,PFI_ID) VALUES('MET_198','FIELD_151');
INSERT INTO PI_METRIC (PME_ID,PME_NAME,PC3_ID,PME_DIMENSION,PME_UNIT) VALUES('MET_199','Customer perception of aesthetics','GC05', 'DIM_5' ,'' );
INSERT INTO PI_METRIC_FIELDS (PME_ID,PFI_ID) VALUES('MET_199','FIELD_35');
INSERT INTO PI_METRIC_FIELDS (PME_ID,PFI_ID) VALUES('MET_199','FIELD_151');
INSERT INTO PI_METRIC (PME_ID,PME_NAME,PC3_ID,PME_DIMENSION,PME_UNIT) VALUES('MET_200','Service quality rating per survey','GC05', 'DIM_5' ,'' );
INSERT INTO PI_METRIC_FIELDS (PME_ID,PFI_ID) VALUES('MET_200','FIELD_35');
INSERT INTO PI_METRIC_FIELDS (PME_ID,PFI_ID) VALUES('MET_200','FIELD_151');
INSERT INTO PI_METRIC (PME_ID,PME_NAME,PC3_ID,PME_DIMENSION,PME_UNIT) VALUES('MET_201','???','GC05', 'DIM_6' ,'' );
INSERT INTO PI_METRIC_FIELDS (PME_ID,PFI_ID) VALUES('MET_201','FIELD_52');
INSERT INTO PI_METRIC_FIELDS (PME_ID,PFI_ID) VALUES('MET_201','FIELD_88');
INSERT INTO PI_METRIC (PME_ID,PME_NAME,PC3_ID,PME_DIMENSION,PME_UNIT) VALUES('MET_202','Percent of employees trained in critical technologies or functions','GC06', 'DIM_5' ,'%' );
INSERT INTO PI_METRIC_FIELDS (PME_ID,PFI_ID) VALUES('MET_202','FIELD_35');
INSERT INTO PI_METRIC_FIELDS (PME_ID,PFI_ID) VALUES('MET_202','FIELD_176');
INSERT INTO PI_METRIC (PME_ID,PME_NAME,PC3_ID,PME_DIMENSION,PME_UNIT) VALUES('MET_203','Percentage of "certified" employees','GC06', 'DIM_5' ,'%' );
INSERT INTO PI_METRIC_FIELDS (PME_ID,PFI_ID) VALUES('MET_203','FIELD_35');
INSERT INTO PI_METRIC_FIELDS (PME_ID,PFI_ID) VALUES('MET_203','FIELD_176');
INSERT INTO PI_METRIC (PME_ID,PME_NAME,PC3_ID,PME_DIMENSION,PME_UNIT) VALUES('MET_204','???','GC06', 'DIM_5' ,'' );
INSERT INTO PI_METRIC_FIELDS (PME_ID,PFI_ID) VALUES('MET_204','FIELD_55');
INSERT INTO PI_METRIC (PME_ID,PME_NAME,PC3_ID,PME_DIMENSION,PME_UNIT) VALUES('MET_205','Sale representative per channel','GC06', 'DIM_6' ,'' );
INSERT INTO PI_METRIC_FIELDS (PME_ID,PFI_ID) VALUES('MET_205','FIELD_41');
INSERT INTO PI_METRIC_FIELDS (PME_ID,PFI_ID) VALUES('MET_205','FIELD_87');
INSERT INTO PI_METRIC (PME_ID,PME_NAME,PC3_ID,PME_DIMENSION,PME_UNIT) VALUES('MET_206','???','GC06', 'DIM_7' ,'' );
INSERT INTO PI_METRIC_FIELDS (PME_ID,PFI_ID) VALUES('MET_206','FIELD_254');
INSERT INTO PI_METRIC (PME_ID,PME_NAME,PC3_ID,PME_DIMENSION,PME_UNIT) VALUES('MET_207','???','GC06', 'DIM_9' ,'' );
INSERT INTO PI_METRIC_FIELDS (PME_ID,PFI_ID) VALUES('MET_207','FIELD_136');
INSERT INTO PI_METRIC_FIELDS (PME_ID,PFI_ID) VALUES('MET_207','FIELD_86');
INSERT INTO PI_METRIC (PME_ID,PME_NAME,PC3_ID,PME_DIMENSION,PME_UNIT) VALUES('MET_208','???','GC07', 'DIM_2' ,'' );
INSERT INTO PI_METRIC_FIELDS (PME_ID,PFI_ID) VALUES('MET_208','FIELD_255');
INSERT INTO PI_METRIC_FIELDS (PME_ID,PFI_ID) VALUES('MET_208','FIELD_131');
INSERT INTO PI_METRIC_FIELDS (PME_ID,PFI_ID) VALUES('MET_208','FIELD_129');
INSERT INTO PI_METRIC (PME_ID,PME_NAME,PC3_ID,PME_DIMENSION,PME_UNIT) VALUES('MET_209','???','GC07', 'DIM_2' ,'' );
INSERT INTO PI_METRIC_FIELDS (PME_ID,PFI_ID) VALUES('MET_209','FIELD_90');
INSERT INTO PI_METRIC (PME_ID,PME_NAME,PC3_ID,PME_DIMENSION,PME_UNIT) VALUES('MET_210','???','GC07', 'DIM_5' ,'' );
INSERT INTO PI_METRIC_FIELDS (PME_ID,PFI_ID) VALUES('MET_210','FIELD_35');
INSERT INTO PI_METRIC_FIELDS (PME_ID,PFI_ID) VALUES('MET_210','FIELD_166');
INSERT INTO PI_METRIC (PME_ID,PME_NAME,PC3_ID,PME_DIMENSION,PME_UNIT) VALUES('MET_211','Total cost for a given process','GC07', 'DIM_6' ,'$' );
INSERT INTO PI_METRIC_FIELDS (PME_ID,PFI_ID) VALUES('MET_211','FIELD_65');
INSERT INTO PI_METRIC_FIELDS (PME_ID,PFI_ID) VALUES('MET_211','FIELD_169');
INSERT INTO PI_METRIC (PME_ID,PME_NAME,PC3_ID,PME_DIMENSION,PME_UNIT) VALUES('MET_212','???','GC08', 'DIM_5' ,'' );
INSERT INTO PI_METRIC_FIELDS (PME_ID,PFI_ID) VALUES('MET_212','FIELD_35');
INSERT INTO PI_METRIC_FIELDS (PME_ID,PFI_ID) VALUES('MET_212','FIELD_154');
INSERT INTO PI_METRIC (PME_ID,PME_NAME,PC3_ID,PME_DIMENSION,PME_UNIT) VALUES('MET_213','Total cost for a given process','GC08', 'DIM_6' ,'$' );
INSERT INTO PI_METRIC_FIELDS (PME_ID,PFI_ID) VALUES('MET_213','FIELD_65');
INSERT INTO PI_METRIC_FIELDS (PME_ID,PFI_ID) VALUES('MET_213','FIELD_155');
INSERT INTO PI_METRIC (PME_ID,PME_NAME,PC3_ID,PME_DIMENSION,PME_UNIT) VALUES('MET_214','???','GC09', 'DIM_5' ,'' );
INSERT INTO PI_METRIC_FIELDS (PME_ID,PFI_ID) VALUES('MET_214','FIELD_3');
INSERT INTO PI_METRIC_FIELDS (PME_ID,PFI_ID) VALUES('MET_214','FIELD_87');
INSERT INTO PI_METRIC (PME_ID,PME_NAME,PC3_ID,PME_DIMENSION,PME_UNIT) VALUES('MET_215','Total cost of quality includes the price of non-conformance and the price of conformance.','GC09', 'DIM_6' ,'$' );
INSERT INTO PI_METRIC_FIELDS (PME_ID,PFI_ID) VALUES('MET_215','FIELD_71');
INSERT INTO PI_METRIC_FIELDS (PME_ID,PFI_ID) VALUES('MET_215','FIELD_87');
INSERT INTO PI_METRIC (PME_ID,PME_NAME,PC3_ID,PME_DIMENSION,PME_UNIT) VALUES('MET_216','Customer perception of ease to work with','GC09', 'DIM_9' ,'' );
INSERT INTO PI_METRIC_FIELDS (PME_ID,PFI_ID) VALUES('MET_216','FIELD_183');
INSERT INTO PI_METRIC_FIELDS (PME_ID,PFI_ID) VALUES('MET_216','FIELD_83');
INSERT INTO PI_METRIC (PME_ID,PME_NAME,PC3_ID,PME_DIMENSION,PME_UNIT) VALUES('MET_217','Responsiveness','GC09', 'DIM_9' ,'' );
INSERT INTO PI_METRIC_FIELDS (PME_ID,PFI_ID) VALUES('MET_217','FIELD_183');
INSERT INTO PI_METRIC_FIELDS (PME_ID,PFI_ID) VALUES('MET_217','FIELD_83');
INSERT INTO PI_METRIC (PME_ID,PME_NAME,PC3_ID,PME_DIMENSION,PME_UNIT) VALUES('MET_218','# of customer complaints','GC09', 'DIM_9' ,'#' );
INSERT INTO PI_METRIC_FIELDS (PME_ID,PFI_ID) VALUES('MET_218','FIELD_183');
INSERT INTO PI_METRIC_FIELDS (PME_ID,PFI_ID) VALUES('MET_218','FIELD_83');
INSERT INTO PI_METRIC (PME_ID,PME_NAME,PC3_ID,PME_DIMENSION,PME_UNIT) VALUES('MET_219','Average number of customers per week with unsolved problems','GC09', 'DIM_9' ,'#' );
INSERT INTO PI_METRIC_FIELDS (PME_ID,PFI_ID) VALUES('MET_219','FIELD_183');
INSERT INTO PI_METRIC_FIELDS (PME_ID,PFI_ID) VALUES('MET_219','FIELD_83');
INSERT INTO PI_METRIC (PME_ID,PME_NAME,PC3_ID,PME_DIMENSION,PME_UNIT) VALUES('MET_220','Customer perception of availability, Service Quality','GC09', 'DIM_9' ,'' );
INSERT INTO PI_METRIC_FIELDS (PME_ID,PFI_ID) VALUES('MET_220','FIELD_251');
INSERT INTO PI_METRIC (PME_ID,PME_NAME,PC3_ID,PME_DIMENSION,PME_UNIT) VALUES('MET_221','Average customer duration with company (months)','GC10', 'DIM_5' ,'Months' );
INSERT INTO PI_METRIC_FIELDS (PME_ID,PFI_ID) VALUES('MET_221','FIELD_35');
INSERT INTO PI_METRIC_FIELDS (PME_ID,PFI_ID) VALUES('MET_221','FIELD_166');
INSERT INTO PI_METRIC (PME_ID,PME_NAME,PC3_ID,PME_DIMENSION,PME_UNIT) VALUES('MET_222','Customers lost','GC10', 'DIM_5' ,'% or #' );
INSERT INTO PI_METRIC_FIELDS (PME_ID,PFI_ID) VALUES('MET_222','FIELD_35');
INSERT INTO PI_METRIC_FIELDS (PME_ID,PFI_ID) VALUES('MET_222','FIELD_166');
INSERT INTO PI_METRIC (PME_ID,PME_NAME,PC3_ID,PME_DIMENSION,PME_UNIT) VALUES('MET_223','Total cost for a given process','GC10', 'DIM_6' ,'$' );
INSERT INTO PI_METRIC_FIELDS (PME_ID,PFI_ID) VALUES('MET_223','FIELD_65');
INSERT INTO PI_METRIC_FIELDS (PME_ID,PFI_ID) VALUES('MET_223','FIELD_166');
INSERT INTO PI_METRIC (PME_ID,PME_NAME,PC3_ID,PME_DIMENSION,PME_UNIT) VALUES('MET_224','???','PV1', 'DIM_4' ,'' );
INSERT INTO PI_METRIC_FIELDS (PME_ID,PFI_ID) VALUES('MET_224','FIELD_144');
INSERT INTO PI_METRIC (PME_ID,PME_NAME,PC3_ID,PME_DIMENSION,PME_UNIT) VALUES('MET_225','???','PV1', 'DIM_5' ,'' );
INSERT INTO PI_METRIC_FIELDS (PME_ID,PFI_ID) VALUES('MET_225','FIELD_35');
INSERT INTO PI_METRIC_FIELDS (PME_ID,PFI_ID) VALUES('MET_225','FIELD_150');
INSERT INTO PI_METRIC (PME_ID,PME_NAME,PC3_ID,PME_DIMENSION,PME_UNIT) VALUES('MET_226','???','PV1', 'DIM_6' ,'' );
INSERT INTO PI_METRIC_FIELDS (PME_ID,PFI_ID) VALUES('MET_226','FIELD_65');
INSERT INTO PI_METRIC_FIELDS (PME_ID,PFI_ID) VALUES('MET_226','FIELD_150');
INSERT INTO PI_METRIC (PME_ID,PME_NAME,PC3_ID,PME_DIMENSION,PME_UNIT) VALUES('MET_227','???','PV1', 'DIM_9' ,'' );
INSERT INTO PI_METRIC_FIELDS (PME_ID,PFI_ID) VALUES('MET_227','FIELD_107');
INSERT INTO PI_METRIC_FIELDS (PME_ID,PFI_ID) VALUES('MET_227','FIELD_42');
INSERT INTO PI_METRIC (PME_ID,PME_NAME,PC3_ID,PME_DIMENSION,PME_UNIT) VALUES('MET_228','Total elapsed cycle time for a given process','PV1', 'DIM_10' ,'Time' );
INSERT INTO PI_METRIC_FIELDS (PME_ID,PFI_ID) VALUES('MET_228','FIELD_91');
INSERT INTO PI_METRIC_FIELDS (PME_ID,PFI_ID) VALUES('MET_228','FIELD_150');
INSERT INTO PI_METRIC (PME_ID,PME_NAME,PC3_ID,PME_DIMENSION,PME_UNIT) VALUES('MET_229','???','PV2', 'DIM_2' ,'' );
INSERT INTO PI_METRIC_FIELDS (PME_ID,PFI_ID) VALUES('MET_229','FIELD_108');
INSERT INTO PI_METRIC (PME_ID,PME_NAME,PC3_ID,PME_DIMENSION,PME_UNIT) VALUES('MET_230','Gross margin','PV2', 'DIM_5' ,'%' );
INSERT INTO PI_METRIC_FIELDS (PME_ID,PFI_ID) VALUES('MET_230','FIELD_35');
INSERT INTO PI_METRIC_FIELDS (PME_ID,PFI_ID) VALUES('MET_230','FIELD_34');
INSERT INTO PI_METRIC (PME_ID,PME_NAME,PC3_ID,PME_DIMENSION,PME_UNIT) VALUES('MET_231','Debt to assets','PV2', 'DIM_5' ,'' );
INSERT INTO PI_METRIC_FIELDS (PME_ID,PFI_ID) VALUES('MET_231','FIELD_35');
INSERT INTO PI_METRIC_FIELDS (PME_ID,PFI_ID) VALUES('MET_231','FIELD_34');
INSERT INTO PI_METRIC (PME_ID,PME_NAME,PC3_ID,PME_DIMENSION,PME_UNIT) VALUES('MET_232','Total cost for a given process','PV2', 'DIM_6' ,'$' );
INSERT INTO PI_METRIC_FIELDS (PME_ID,PFI_ID) VALUES('MET_232','FIELD_65');
INSERT INTO PI_METRIC_FIELDS (PME_ID,PFI_ID) VALUES('MET_232','FIELD_24');
INSERT INTO PI_METRIC (PME_ID,PME_NAME,PC3_ID,PME_DIMENSION,PME_UNIT) VALUES('MET_233','Targeted expenses as a percentage of sales','PV2', 'DIM_6' ,'%' );
INSERT INTO PI_METRIC_FIELDS (PME_ID,PFI_ID) VALUES('MET_233','FIELD_65');
INSERT INTO PI_METRIC_FIELDS (PME_ID,PFI_ID) VALUES('MET_233','FIELD_24');
INSERT INTO PI_METRIC (PME_ID,PME_NAME,PC3_ID,PME_DIMENSION,PME_UNIT) VALUES('MET_234',' IT expense/administrative expense','PV2', 'DIM_6' ,'' );
INSERT INTO PI_METRIC_FIELDS (PME_ID,PFI_ID) VALUES('MET_234','FIELD_65');
INSERT INTO PI_METRIC_FIELDS (PME_ID,PFI_ID) VALUES('MET_234','FIELD_24');
INSERT INTO PI_METRIC (PME_ID,PME_NAME,PC3_ID,PME_DIMENSION,PME_UNIT) VALUES('MET_235','IT expense/employee','PV2', 'DIM_6' ,'$' );
INSERT INTO PI_METRIC_FIELDS (PME_ID,PFI_ID) VALUES('MET_235','FIELD_65');
INSERT INTO PI_METRIC_FIELDS (PME_ID,PFI_ID) VALUES('MET_235','FIELD_24');
INSERT INTO PI_METRIC (PME_ID,PME_NAME,PC3_ID,PME_DIMENSION,PME_UNIT) VALUES('MET_236','IT expenses on training/IT expense','PV2', 'DIM_6' ,'' );
INSERT INTO PI_METRIC_FIELDS (PME_ID,PFI_ID) VALUES('MET_236','FIELD_65');
INSERT INTO PI_METRIC_FIELDS (PME_ID,PFI_ID) VALUES('MET_236','FIELD_24');
INSERT INTO PI_METRIC (PME_ID,PME_NAME,PC3_ID,PME_DIMENSION,PME_UNIT) VALUES('MET_237','Compensation expense per employee','PV2', 'DIM_6' ,'' );
INSERT INTO PI_METRIC_FIELDS (PME_ID,PFI_ID) VALUES('MET_237','FIELD_65');
INSERT INTO PI_METRIC_FIELDS (PME_ID,PFI_ID) VALUES('MET_237','FIELD_24');
INSERT INTO PI_METRIC (PME_ID,PME_NAME,PC3_ID,PME_DIMENSION,PME_UNIT) VALUES('MET_238','Average production costs per unit','PV2', 'DIM_6' ,'$' );
INSERT INTO PI_METRIC_FIELDS (PME_ID,PFI_ID) VALUES('MET_238','FIELD_65');
INSERT INTO PI_METRIC_FIELDS (PME_ID,PFI_ID) VALUES('MET_238','FIELD_24');
INSERT INTO PI_METRIC (PME_ID,PME_NAME,PC3_ID,PME_DIMENSION,PME_UNIT) VALUES('MET_239','???','PV2', 'DIM_10' ,'' );
INSERT INTO PI_METRIC_FIELDS (PME_ID,PFI_ID) VALUES('MET_239','FIELD_91');
INSERT INTO PI_METRIC_FIELDS (PME_ID,PFI_ID) VALUES('MET_239','FIELD_34');
INSERT INTO PI_METRIC (PME_ID,PME_NAME,PC3_ID,PME_DIMENSION,PME_UNIT) VALUES('MET_240','Total value of assets dedicated to a specific process','PV3', 'DIM_5' ,'' );
INSERT INTO PI_METRIC_FIELDS (PME_ID,PFI_ID) VALUES('MET_240','FIELD_35');
INSERT INTO PI_METRIC_FIELDS (PME_ID,PFI_ID) VALUES('MET_240','FIELD_15');
INSERT INTO PI_METRIC (PME_ID,PME_NAME,PC3_ID,PME_DIMENSION,PME_UNIT) VALUES('MET_241','Sales per employee','PV3', 'DIM_5' ,'' );
INSERT INTO PI_METRIC_FIELDS (PME_ID,PFI_ID) VALUES('MET_241','FIELD_35');
INSERT INTO PI_METRIC_FIELDS (PME_ID,PFI_ID) VALUES('MET_241','FIELD_15');
INSERT INTO PI_METRIC (PME_ID,PME_NAME,PC3_ID,PME_DIMENSION,PME_UNIT) VALUES('MET_242','Net Income','PV3', 'DIM_6' ,'' );
INSERT INTO PI_METRIC_FIELDS (PME_ID,PFI_ID) VALUES('MET_242','FIELD_65');
INSERT INTO PI_METRIC_FIELDS (PME_ID,PFI_ID) VALUES('MET_242','FIELD_15');
INSERT INTO PI_METRIC (PME_ID,PME_NAME,PC3_ID,PME_DIMENSION,PME_UNIT) VALUES('MET_243','Net income margin','PV3', 'DIM_6' ,'%' );
INSERT INTO PI_METRIC_FIELDS (PME_ID,PFI_ID) VALUES('MET_243','FIELD_65');
INSERT INTO PI_METRIC_FIELDS (PME_ID,PFI_ID) VALUES('MET_243','FIELD_15');
INSERT INTO PI_METRIC (PME_ID,PME_NAME,PC3_ID,PME_DIMENSION,PME_UNIT) VALUES('MET_244','Administrative costs','PV3', 'DIM_6' ,'$' );
INSERT INTO PI_METRIC_FIELDS (PME_ID,PFI_ID) VALUES('MET_244','FIELD_65');
INSERT INTO PI_METRIC_FIELDS (PME_ID,PFI_ID) VALUES('MET_244','FIELD_15');
INSERT INTO PI_METRIC (PME_ID,PME_NAME,PC3_ID,PME_DIMENSION,PME_UNIT) VALUES('MET_245','Average HR-function costs per employee','PV3', 'DIM_6' ,'$' );
INSERT INTO PI_METRIC_FIELDS (PME_ID,PFI_ID) VALUES('MET_245','FIELD_65');
INSERT INTO PI_METRIC_FIELDS (PME_ID,PFI_ID) VALUES('MET_245','FIELD_15');
INSERT INTO PI_METRIC (PME_ID,PME_NAME,PC3_ID,PME_DIMENSION,PME_UNIT) VALUES('MET_246','Ratio of HR-function costs to total sales','PV3', 'DIM_6' ,'$' );
INSERT INTO PI_METRIC_FIELDS (PME_ID,PFI_ID) VALUES('MET_246','FIELD_65');
INSERT INTO PI_METRIC_FIELDS (PME_ID,PFI_ID) VALUES('MET_246','FIELD_15');
INSERT INTO PI_METRIC (PME_ID,PME_NAME,PC3_ID,PME_DIMENSION,PME_UNIT) VALUES('MET_247','IT expense/administrative expense','PV3', 'DIM_6' ,'' );
INSERT INTO PI_METRIC_FIELDS (PME_ID,PFI_ID) VALUES('MET_247','FIELD_65');
INSERT INTO PI_METRIC_FIELDS (PME_ID,PFI_ID) VALUES('MET_247','FIELD_15');
INSERT INTO PI_METRIC (PME_ID,PME_NAME,PC3_ID,PME_DIMENSION,PME_UNIT) VALUES('MET_248','Compensation expense per employee','PV3', 'DIM_6' ,'' );
INSERT INTO PI_METRIC_FIELDS (PME_ID,PFI_ID) VALUES('MET_248','FIELD_65');
INSERT INTO PI_METRIC_FIELDS (PME_ID,PFI_ID) VALUES('MET_248','FIELD_15');
INSERT INTO PI_METRIC (PME_ID,PME_NAME,PC3_ID,PME_DIMENSION,PME_UNIT) VALUES('MET_249','Frequency of production shut-downs or delays due to inventory shortages','PV3', 'DIM_10' ,'' );
INSERT INTO PI_METRIC_FIELDS (PME_ID,PFI_ID) VALUES('MET_249','FIELD_91');
INSERT INTO PI_METRIC_FIELDS (PME_ID,PFI_ID) VALUES('MET_249','FIELD_15');
INSERT INTO PI_METRIC (PME_ID,PME_NAME,PC3_ID,PME_DIMENSION,PME_UNIT) VALUES('MET_250','Manufacturing lead time','PV3', 'DIM_10' ,'Time' );
INSERT INTO PI_METRIC_FIELDS (PME_ID,PFI_ID) VALUES('MET_250','FIELD_91');
INSERT INTO PI_METRIC_FIELDS (PME_ID,PFI_ID) VALUES('MET_250','FIELD_15');
INSERT INTO PI_METRIC (PME_ID,PME_NAME,PC3_ID,PME_DIMENSION,PME_UNIT) VALUES('MET_251','Total value of assets dedicated to a specific process','PV4', 'DIM_5' ,'' );
INSERT INTO PI_METRIC_FIELDS (PME_ID,PFI_ID) VALUES('MET_251','FIELD_35');
INSERT INTO PI_METRIC_FIELDS (PME_ID,PFI_ID) VALUES('MET_251','FIELD_79');
INSERT INTO PI_METRIC (PME_ID,PME_NAME,PC3_ID,PME_DIMENSION,PME_UNIT) VALUES('MET_252','Profits as a percentage of sales','PV4', 'DIM_5' ,'%' );
INSERT INTO PI_METRIC_FIELDS (PME_ID,PFI_ID) VALUES('MET_252','FIELD_35');
INSERT INTO PI_METRIC_FIELDS (PME_ID,PFI_ID) VALUES('MET_252','FIELD_79');
INSERT INTO PI_METRIC (PME_ID,PME_NAME,PC3_ID,PME_DIMENSION,PME_UNIT) VALUES('MET_253','Profits resulting from new business operations','PV4', 'DIM_5' ,'$' );
INSERT INTO PI_METRIC_FIELDS (PME_ID,PFI_ID) VALUES('MET_253','FIELD_35');
INSERT INTO PI_METRIC_FIELDS (PME_ID,PFI_ID) VALUES('MET_253','FIELD_79');
INSERT INTO PI_METRIC (PME_ID,PME_NAME,PC3_ID,PME_DIMENSION,PME_UNIT) VALUES('MET_254','Profits/total assets','PV4', 'DIM_5' ,'%' );
INSERT INTO PI_METRIC_FIELDS (PME_ID,PFI_ID) VALUES('MET_254','FIELD_35');
INSERT INTO PI_METRIC_FIELDS (PME_ID,PFI_ID) VALUES('MET_254','FIELD_79');
INSERT INTO PI_METRIC (PME_ID,PME_NAME,PC3_ID,PME_DIMENSION,PME_UNIT) VALUES('MET_255','Employee turnover rate','PV4', 'DIM_6' ,'' );
INSERT INTO PI_METRIC_FIELDS (PME_ID,PFI_ID) VALUES('MET_255','FIELD_65');
INSERT INTO PI_METRIC_FIELDS (PME_ID,PFI_ID) VALUES('MET_255','FIELD_79');
INSERT INTO PI_METRIC (PME_ID,PME_NAME,PC3_ID,PME_DIMENSION,PME_UNIT) VALUES('MET_256','Profits as a percentage of sales','PV4', 'DIM_6' ,'%' );
INSERT INTO PI_METRIC_FIELDS (PME_ID,PFI_ID) VALUES('MET_256','FIELD_65');
INSERT INTO PI_METRIC_FIELDS (PME_ID,PFI_ID) VALUES('MET_256','FIELD_79');
INSERT INTO PI_METRIC (PME_ID,PME_NAME,PC3_ID,PME_DIMENSION,PME_UNIT) VALUES('MET_257','Revenues/total assets','PV4', 'DIM_6' ,'%' );
INSERT INTO PI_METRIC_FIELDS (PME_ID,PFI_ID) VALUES('MET_257','FIELD_65');
INSERT INTO PI_METRIC_FIELDS (PME_ID,PFI_ID) VALUES('MET_257','FIELD_79');
INSERT INTO PI_METRIC (PME_ID,PME_NAME,PC3_ID,PME_DIMENSION,PME_UNIT) VALUES('MET_258','Average HR-function costs per employee','PV4', 'DIM_6' ,'$' );
INSERT INTO PI_METRIC_FIELDS (PME_ID,PFI_ID) VALUES('MET_258','FIELD_65');
INSERT INTO PI_METRIC_FIELDS (PME_ID,PFI_ID) VALUES('MET_258','FIELD_79');
INSERT INTO PI_METRIC (PME_ID,PME_NAME,PC3_ID,PME_DIMENSION,PME_UNIT) VALUES('MET_259','Ratio of HR-function costs to total sales','PV4', 'DIM_6' ,'$' );
INSERT INTO PI_METRIC_FIELDS (PME_ID,PFI_ID) VALUES('MET_259','FIELD_65');
INSERT INTO PI_METRIC_FIELDS (PME_ID,PFI_ID) VALUES('MET_259','FIELD_79');
INSERT INTO PI_METRIC (PME_ID,PME_NAME,PC3_ID,PME_DIMENSION,PME_UNIT) VALUES('MET_260','Ratio of HR-function costs to total expenses','PV4', 'DIM_6' ,'$' );
INSERT INTO PI_METRIC_FIELDS (PME_ID,PFI_ID) VALUES('MET_260','FIELD_65');
INSERT INTO PI_METRIC_FIELDS (PME_ID,PFI_ID) VALUES('MET_260','FIELD_79');
INSERT INTO PI_METRIC (PME_ID,PME_NAME,PC3_ID,PME_DIMENSION,PME_UNIT) VALUES('MET_261','Cycle time','PV4', 'DIM_10' ,'Time' );
INSERT INTO PI_METRIC_FIELDS (PME_ID,PFI_ID) VALUES('MET_261','FIELD_91');
INSERT INTO PI_METRIC_FIELDS (PME_ID,PFI_ID) VALUES('MET_261','FIELD_79');
INSERT INTO PI_METRIC (PME_ID,PME_NAME,PC3_ID,PME_DIMENSION,PME_UNIT) VALUES('MET_262','Frequency of production delays due to equipment failure','PV4', 'DIM_10' ,'' );
INSERT INTO PI_METRIC_FIELDS (PME_ID,PFI_ID) VALUES('MET_262','FIELD_91');
INSERT INTO PI_METRIC_FIELDS (PME_ID,PFI_ID) VALUES('MET_262','FIELD_79');
INSERT INTO PI_METRIC (PME_ID,PME_NAME,PC3_ID,PME_DIMENSION,PME_UNIT) VALUES('MET_263','Total value of assets dedicated to a specific process','PP1', 'DIM_5' ,'' );
INSERT INTO PI_METRIC_FIELDS (PME_ID,PFI_ID) VALUES('MET_263','FIELD_35');
INSERT INTO PI_METRIC_FIELDS (PME_ID,PFI_ID) VALUES('MET_263','FIELD_148');
INSERT INTO PI_METRIC (PME_ID,PME_NAME,PC3_ID,PME_DIMENSION,PME_UNIT) VALUES('MET_264','???','PP1', 'DIM_5' ,'' );
INSERT INTO PI_METRIC_FIELDS (PME_ID,PFI_ID) VALUES('MET_264','FIELD_115');
INSERT INTO PI_METRIC (PME_ID,PME_NAME,PC3_ID,PME_DIMENSION,PME_UNIT) VALUES('MET_265','???','PP1', 'DIM_6' ,'' );
INSERT INTO PI_METRIC_FIELDS (PME_ID,PFI_ID) VALUES('MET_265','FIELD_65');
INSERT INTO PI_METRIC_FIELDS (PME_ID,PFI_ID) VALUES('MET_265','FIELD_148');
INSERT INTO PI_METRIC (PME_ID,PME_NAME,PC3_ID,PME_DIMENSION,PME_UNIT) VALUES('MET_266','???','PP1', 'DIM_6' ,'' );
INSERT INTO PI_METRIC_FIELDS (PME_ID,PFI_ID) VALUES('MET_266','FIELD_115');
INSERT INTO PI_METRIC (PME_ID,PME_NAME,PC3_ID,PME_DIMENSION,PME_UNIT) VALUES('MET_267','???','PP1', 'DIM_10' ,'' );
INSERT INTO PI_METRIC_FIELDS (PME_ID,PFI_ID) VALUES('MET_267','FIELD_91');
INSERT INTO PI_METRIC_FIELDS (PME_ID,PFI_ID) VALUES('MET_267','FIELD_148');
INSERT INTO PI_METRIC (PME_ID,PME_NAME,PC3_ID,PME_DIMENSION,PME_UNIT) VALUES('MET_268','???','PP1', 'DIM_10' ,'' );
INSERT INTO PI_METRIC_FIELDS (PME_ID,PFI_ID) VALUES('MET_268','FIELD_115');
INSERT INTO PI_METRIC (PME_ID,PME_NAME,PC3_ID,PME_DIMENSION,PME_UNIT) VALUES('MET_269','Absentee rate (or number of workdays missed)','PP2', 'DIM_5' ,'Days' );
INSERT INTO PI_METRIC_FIELDS (PME_ID,PFI_ID) VALUES('MET_269','FIELD_35');
INSERT INTO PI_METRIC_FIELDS (PME_ID,PFI_ID) VALUES('MET_269','FIELD_31');
INSERT INTO PI_METRIC (PME_ID,PME_NAME,PC3_ID,PME_DIMENSION,PME_UNIT) VALUES('MET_270','Actual machine output as a percentage of output specifications','PP2', 'DIM_5' ,'%' );
INSERT INTO PI_METRIC_FIELDS (PME_ID,PFI_ID) VALUES('MET_270','FIELD_35');
INSERT INTO PI_METRIC_FIELDS (PME_ID,PFI_ID) VALUES('MET_270','FIELD_31');
INSERT INTO PI_METRIC (PME_ID,PME_NAME,PC3_ID,PME_DIMENSION,PME_UNIT) VALUES('MET_271','Production level variation by month (due to seasonality)','PP2', 'DIM_5' ,'' );
INSERT INTO PI_METRIC_FIELDS (PME_ID,PFI_ID) VALUES('MET_271','FIELD_35');
INSERT INTO PI_METRIC_FIELDS (PME_ID,PFI_ID) VALUES('MET_271','FIELD_31');
INSERT INTO PI_METRIC (PME_ID,PME_NAME,PC3_ID,PME_DIMENSION,PME_UNIT) VALUES('MET_272','Total productivity factor (outputs/inputs)','PP2', 'DIM_5' ,'' );
INSERT INTO PI_METRIC_FIELDS (PME_ID,PFI_ID) VALUES('MET_272','FIELD_35');
INSERT INTO PI_METRIC_FIELDS (PME_ID,PFI_ID) VALUES('MET_272','FIELD_31');
INSERT INTO PI_METRIC (PME_ID,PME_NAME,PC3_ID,PME_DIMENSION,PME_UNIT) VALUES('MET_273','Units produced per person','PP2', 'DIM_5' ,'#' );
INSERT INTO PI_METRIC_FIELDS (PME_ID,PFI_ID) VALUES('MET_273','FIELD_35');
INSERT INTO PI_METRIC_FIELDS (PME_ID,PFI_ID) VALUES('MET_273','FIELD_31');
INSERT INTO PI_METRIC (PME_ID,PME_NAME,PC3_ID,PME_DIMENSION,PME_UNIT) VALUES('MET_274','Products produced per day','PP2', 'DIM_5' ,'' );
INSERT INTO PI_METRIC_FIELDS (PME_ID,PFI_ID) VALUES('MET_274','FIELD_35');
INSERT INTO PI_METRIC_FIELDS (PME_ID,PFI_ID) VALUES('MET_274','FIELD_31');
INSERT INTO PI_METRIC (PME_ID,PME_NAME,PC3_ID,PME_DIMENSION,PME_UNIT) VALUES('MET_275','Credit rating','PP2', 'DIM_5' ,'' );
INSERT INTO PI_METRIC_FIELDS (PME_ID,PFI_ID) VALUES('MET_275','FIELD_115');
INSERT INTO PI_METRIC (PME_ID,PME_NAME,PC3_ID,PME_DIMENSION,PME_UNIT) VALUES('MET_276','Annual turnover of full-time permanent employees','PP2', 'DIM_6' ,'%' );
INSERT INTO PI_METRIC_FIELDS (PME_ID,PFI_ID) VALUES('MET_276','FIELD_65');
INSERT INTO PI_METRIC_FIELDS (PME_ID,PFI_ID) VALUES('MET_276','FIELD_32');
INSERT INTO PI_METRIC (PME_ID,PME_NAME,PC3_ID,PME_DIMENSION,PME_UNIT) VALUES('MET_277','Material price variances','PP2', 'DIM_6' ,'' );
INSERT INTO PI_METRIC_FIELDS (PME_ID,PFI_ID) VALUES('MET_277','FIELD_65');
INSERT INTO PI_METRIC_FIELDS (PME_ID,PFI_ID) VALUES('MET_277','FIELD_32');
INSERT INTO PI_METRIC (PME_ID,PME_NAME,PC3_ID,PME_DIMENSION,PME_UNIT) VALUES('MET_278','Average production costs per unit','PP2', 'DIM_6' ,'$' );
INSERT INTO PI_METRIC_FIELDS (PME_ID,PFI_ID) VALUES('MET_278','FIELD_65');
INSERT INTO PI_METRIC_FIELDS (PME_ID,PFI_ID) VALUES('MET_278','FIELD_32');
INSERT INTO PI_METRIC (PME_ID,PME_NAME,PC3_ID,PME_DIMENSION,PME_UNIT) VALUES('MET_279','Total elapsed cycle time for a given process','PP2', 'DIM_10' ,'Time' );
INSERT INTO PI_METRIC_FIELDS (PME_ID,PFI_ID) VALUES('MET_279','FIELD_91');
INSERT INTO PI_METRIC_FIELDS (PME_ID,PFI_ID) VALUES('MET_279','FIELD_31');
INSERT INTO PI_METRIC (PME_ID,PME_NAME,PC3_ID,PME_DIMENSION,PME_UNIT) VALUES('MET_280','Units produced per day','PP2', 'DIM_10' ,'#' );
INSERT INTO PI_METRIC_FIELDS (PME_ID,PFI_ID) VALUES('MET_280','FIELD_91');
INSERT INTO PI_METRIC_FIELDS (PME_ID,PFI_ID) VALUES('MET_280','FIELD_31');
INSERT INTO PI_METRIC (PME_ID,PME_NAME,PC3_ID,PME_DIMENSION,PME_UNIT) VALUES('MET_281','Average days (hours) late divided by total production days (hours)','PP2', 'DIM_10' ,'Hours' );
INSERT INTO PI_METRIC_FIELDS (PME_ID,PFI_ID) VALUES('MET_281','FIELD_91');
INSERT INTO PI_METRIC_FIELDS (PME_ID,PFI_ID) VALUES('MET_281','FIELD_31');
INSERT INTO PI_METRIC (PME_ID,PME_NAME,PC3_ID,PME_DIMENSION,PME_UNIT) VALUES('MET_282','???','PP2', 'DIM_10' ,'' );
INSERT INTO PI_METRIC_FIELDS (PME_ID,PFI_ID) VALUES('MET_282','FIELD_115');
INSERT INTO PI_METRIC (PME_ID,PME_NAME,PC3_ID,PME_DIMENSION,PME_UNIT) VALUES('MET_283','Productivity statistics per employee by department','PP3', 'DIM_5' ,'' );
INSERT INTO PI_METRIC_FIELDS (PME_ID,PFI_ID) VALUES('MET_283','FIELD_35');
INSERT INTO PI_METRIC_FIELDS (PME_ID,PFI_ID) VALUES('MET_283','FIELD_13');
INSERT INTO PI_METRIC (PME_ID,PME_NAME,PC3_ID,PME_DIMENSION,PME_UNIT) VALUES('MET_284','Actual machine output as a percentage of output specifications','PP3', 'DIM_5' ,'%' );
INSERT INTO PI_METRIC_FIELDS (PME_ID,PFI_ID) VALUES('MET_284','FIELD_35');
INSERT INTO PI_METRIC_FIELDS (PME_ID,PFI_ID) VALUES('MET_284','FIELD_13');
INSERT INTO PI_METRIC (PME_ID,PME_NAME,PC3_ID,PME_DIMENSION,PME_UNIT) VALUES('MET_285','Total productivity factor (outputs/inputs)','PP3', 'DIM_5' ,'' );
INSERT INTO PI_METRIC_FIELDS (PME_ID,PFI_ID) VALUES('MET_285','FIELD_35');
INSERT INTO PI_METRIC_FIELDS (PME_ID,PFI_ID) VALUES('MET_285','FIELD_13');
INSERT INTO PI_METRIC (PME_ID,PME_NAME,PC3_ID,PME_DIMENSION,PME_UNIT) VALUES('MET_286','Total cost for a given process','PP3', 'DIM_6' ,'$' );
INSERT INTO PI_METRIC_FIELDS (PME_ID,PFI_ID) VALUES('MET_286','FIELD_65');
INSERT INTO PI_METRIC_FIELDS (PME_ID,PFI_ID) VALUES('MET_286','FIELD_13');
INSERT INTO PI_METRIC (PME_ID,PME_NAME,PC3_ID,PME_DIMENSION,PME_UNIT) VALUES('MET_287','Material price variances','PP3', 'DIM_6' ,'' );
INSERT INTO PI_METRIC_FIELDS (PME_ID,PFI_ID) VALUES('MET_287','FIELD_65');
INSERT INTO PI_METRIC_FIELDS (PME_ID,PFI_ID) VALUES('MET_287','FIELD_13');
INSERT INTO PI_METRIC (PME_ID,PME_NAME,PC3_ID,PME_DIMENSION,PME_UNIT) VALUES('MET_288','Price paid (per length, weight etc.) for raw materials','PP3', 'DIM_6' ,'' );
INSERT INTO PI_METRIC_FIELDS (PME_ID,PFI_ID) VALUES('MET_288','FIELD_65');
INSERT INTO PI_METRIC_FIELDS (PME_ID,PFI_ID) VALUES('MET_288','FIELD_13');
INSERT INTO PI_METRIC (PME_ID,PME_NAME,PC3_ID,PME_DIMENSION,PME_UNIT) VALUES('MET_289','Production costs per employee','PP3', 'DIM_6' ,'$' );
INSERT INTO PI_METRIC_FIELDS (PME_ID,PFI_ID) VALUES('MET_289','FIELD_65');
INSERT INTO PI_METRIC_FIELDS (PME_ID,PFI_ID) VALUES('MET_289','FIELD_13');
INSERT INTO PI_METRIC (PME_ID,PME_NAME,PC3_ID,PME_DIMENSION,PME_UNIT) VALUES('MET_290','Rate of cost reduction','PP3', 'DIM_6' ,'$' );
INSERT INTO PI_METRIC_FIELDS (PME_ID,PFI_ID) VALUES('MET_290','FIELD_65');
INSERT INTO PI_METRIC_FIELDS (PME_ID,PFI_ID) VALUES('MET_290','FIELD_13');
INSERT INTO PI_METRIC (PME_ID,PME_NAME,PC3_ID,PME_DIMENSION,PME_UNIT) VALUES('MET_291','???','PP3', 'DIM_8' ,'' );
INSERT INTO PI_METRIC_FIELDS (PME_ID,PFI_ID) VALUES('MET_291','FIELD_280');
INSERT INTO PI_METRIC (PME_ID,PME_NAME,PC3_ID,PME_DIMENSION,PME_UNIT) VALUES('MET_292','Units produced per day','PP3', 'DIM_10' ,'#' );
INSERT INTO PI_METRIC_FIELDS (PME_ID,PFI_ID) VALUES('MET_292','FIELD_91');
INSERT INTO PI_METRIC_FIELDS (PME_ID,PFI_ID) VALUES('MET_292','FIELD_12');
INSERT INTO PI_METRIC (PME_ID,PME_NAME,PC3_ID,PME_DIMENSION,PME_UNIT) VALUES('MET_293','Average overtime hours per employee','PP3', 'DIM_10' ,'Hours' );
INSERT INTO PI_METRIC_FIELDS (PME_ID,PFI_ID) VALUES('MET_293','FIELD_91');
INSERT INTO PI_METRIC_FIELDS (PME_ID,PFI_ID) VALUES('MET_293','FIELD_12');
INSERT INTO PI_METRIC (PME_ID,PME_NAME,PC3_ID,PME_DIMENSION,PME_UNIT) VALUES('MET_294','Frequency of production delays due to equipment failure','PP3', 'DIM_10' ,'' );
INSERT INTO PI_METRIC_FIELDS (PME_ID,PFI_ID) VALUES('MET_294','FIELD_91');
INSERT INTO PI_METRIC_FIELDS (PME_ID,PFI_ID) VALUES('MET_294','FIELD_12');
INSERT INTO PI_METRIC (PME_ID,PME_NAME,PC3_ID,PME_DIMENSION,PME_UNIT) VALUES('MET_295','Frequency of production shut-downs or delays due to inventory shortages','PP3', 'DIM_10' ,'' );
INSERT INTO PI_METRIC_FIELDS (PME_ID,PFI_ID) VALUES('MET_295','FIELD_91');
INSERT INTO PI_METRIC_FIELDS (PME_ID,PFI_ID) VALUES('MET_295','FIELD_12');
INSERT INTO PI_METRIC (PME_ID,PME_NAME,PC3_ID,PME_DIMENSION,PME_UNIT) VALUES('MET_296','???','PP3', 'DIM_10' ,'' );
INSERT INTO PI_METRIC_FIELDS (PME_ID,PFI_ID) VALUES('MET_296','FIELD_115');
INSERT INTO PI_METRIC (PME_ID,PME_NAME,PC3_ID,PME_DIMENSION,PME_UNIT) VALUES('MET_297','Percent of revenues generated from products developed in the last xx months','PP4', 'DIM_5' ,'%' );
INSERT INTO PI_METRIC_FIELDS (PME_ID,PFI_ID) VALUES('MET_297','FIELD_35');
INSERT INTO PI_METRIC_FIELDS (PME_ID,PFI_ID) VALUES('MET_297','FIELD_77');
INSERT INTO PI_METRIC (PME_ID,PME_NAME,PC3_ID,PME_DIMENSION,PME_UNIT) VALUES('MET_298','Average hours worked per week','PP4', 'DIM_5' ,'Hours' );
INSERT INTO PI_METRIC_FIELDS (PME_ID,PFI_ID) VALUES('MET_298','FIELD_35');
INSERT INTO PI_METRIC_FIELDS (PME_ID,PFI_ID) VALUES('MET_298','FIELD_77');
INSERT INTO PI_METRIC (PME_ID,PME_NAME,PC3_ID,PME_DIMENSION,PME_UNIT) VALUES('MET_299','Productivity statistics per employee by department','PP4', 'DIM_5' ,'' );
INSERT INTO PI_METRIC_FIELDS (PME_ID,PFI_ID) VALUES('MET_299','FIELD_35');
INSERT INTO PI_METRIC_FIELDS (PME_ID,PFI_ID) VALUES('MET_299','FIELD_77');
INSERT INTO PI_METRIC (PME_ID,PME_NAME,PC3_ID,PME_DIMENSION,PME_UNIT) VALUES('MET_300','Units produced per person','PP4', 'DIM_5' ,'#' );
INSERT INTO PI_METRIC_FIELDS (PME_ID,PFI_ID) VALUES('MET_300','FIELD_35');
INSERT INTO PI_METRIC_FIELDS (PME_ID,PFI_ID) VALUES('MET_300','FIELD_77');
INSERT INTO PI_METRIC (PME_ID,PME_NAME,PC3_ID,PME_DIMENSION,PME_UNIT) VALUES('MET_301','Products produced per day','PP4', 'DIM_5' ,'' );
INSERT INTO PI_METRIC_FIELDS (PME_ID,PFI_ID) VALUES('MET_301','FIELD_35');
INSERT INTO PI_METRIC_FIELDS (PME_ID,PFI_ID) VALUES('MET_301','FIELD_77');
INSERT INTO PI_METRIC (PME_ID,PME_NAME,PC3_ID,PME_DIMENSION,PME_UNIT) VALUES('MET_302','Output per employee (e.g., sales per employee, delivery per employee)','PP4', 'DIM_6' ,'' );
INSERT INTO PI_METRIC_FIELDS (PME_ID,PFI_ID) VALUES('MET_302','FIELD_65');
INSERT INTO PI_METRIC_FIELDS (PME_ID,PFI_ID) VALUES('MET_302','FIELD_77');
INSERT INTO PI_METRIC (PME_ID,PME_NAME,PC3_ID,PME_DIMENSION,PME_UNIT) VALUES('MET_303','Sales per employee','PP4', 'DIM_6' ,'' );
INSERT INTO PI_METRIC_FIELDS (PME_ID,PFI_ID) VALUES('MET_303','FIELD_65');
INSERT INTO PI_METRIC_FIELDS (PME_ID,PFI_ID) VALUES('MET_303','FIELD_77');
INSERT INTO PI_METRIC (PME_ID,PME_NAME,PC3_ID,PME_DIMENSION,PME_UNIT) VALUES('MET_304','Return on assets','PP4', 'DIM_6' ,'' );
INSERT INTO PI_METRIC_FIELDS (PME_ID,PFI_ID) VALUES('MET_304','FIELD_65');
INSERT INTO PI_METRIC_FIELDS (PME_ID,PFI_ID) VALUES('MET_304','FIELD_77');
INSERT INTO PI_METRIC (PME_ID,PME_NAME,PC3_ID,PME_DIMENSION,PME_UNIT) VALUES('MET_305','Return on net asset value','PP4', 'DIM_6' ,'%' );
INSERT INTO PI_METRIC_FIELDS (PME_ID,PFI_ID) VALUES('MET_305','FIELD_65');
INSERT INTO PI_METRIC_FIELDS (PME_ID,PFI_ID) VALUES('MET_305','FIELD_77');
INSERT INTO PI_METRIC (PME_ID,PME_NAME,PC3_ID,PME_DIMENSION,PME_UNIT) VALUES('MET_306','Cost of product','PP4', 'DIM_6' ,'$' );
INSERT INTO PI_METRIC_FIELDS (PME_ID,PFI_ID) VALUES('MET_306','FIELD_65');
INSERT INTO PI_METRIC_FIELDS (PME_ID,PFI_ID) VALUES('MET_306','FIELD_77');
INSERT INTO PI_METRIC (PME_ID,PME_NAME,PC3_ID,PME_DIMENSION,PME_UNIT) VALUES('MET_307','Cost per transaction','PP4', 'DIM_6' ,'$' );
INSERT INTO PI_METRIC_FIELDS (PME_ID,PFI_ID) VALUES('MET_307','FIELD_65');
INSERT INTO PI_METRIC_FIELDS (PME_ID,PFI_ID) VALUES('MET_307','FIELD_77');
INSERT INTO PI_METRIC (PME_ID,PME_NAME,PC3_ID,PME_DIMENSION,PME_UNIT) VALUES('MET_308','Price paid (per length, weight etc.) for raw materials','PP4', 'DIM_6' ,'' );
INSERT INTO PI_METRIC_FIELDS (PME_ID,PFI_ID) VALUES('MET_308','FIELD_65');
INSERT INTO PI_METRIC_FIELDS (PME_ID,PFI_ID) VALUES('MET_308','FIELD_77');
INSERT INTO PI_METRIC (PME_ID,PME_NAME,PC3_ID,PME_DIMENSION,PME_UNIT) VALUES('MET_309','Production costs per employee','PP4', 'DIM_6' ,'$' );
INSERT INTO PI_METRIC_FIELDS (PME_ID,PFI_ID) VALUES('MET_309','FIELD_65');
INSERT INTO PI_METRIC_FIELDS (PME_ID,PFI_ID) VALUES('MET_309','FIELD_77');
INSERT INTO PI_METRIC (PME_ID,PME_NAME,PC3_ID,PME_DIMENSION,PME_UNIT) VALUES('MET_310','Total elapsed cycle time for a given proces','PP4', 'DIM_10' ,'Time' );
INSERT INTO PI_METRIC_FIELDS (PME_ID,PFI_ID) VALUES('MET_310','FIELD_91');
INSERT INTO PI_METRIC_FIELDS (PME_ID,PFI_ID) VALUES('MET_310','FIELD_77');
INSERT INTO PI_METRIC (PME_ID,PME_NAME,PC3_ID,PME_DIMENSION,PME_UNIT) VALUES('MET_311','Units produced per day','PP4', 'DIM_10' ,'#' );
INSERT INTO PI_METRIC_FIELDS (PME_ID,PFI_ID) VALUES('MET_311','FIELD_91');
INSERT INTO PI_METRIC_FIELDS (PME_ID,PFI_ID) VALUES('MET_311','FIELD_77');
INSERT INTO PI_METRIC (PME_ID,PME_NAME,PC3_ID,PME_DIMENSION,PME_UNIT) VALUES('MET_312','Machine breakdowns per week (or day)','PP4', 'DIM_10' ,'' );
INSERT INTO PI_METRIC_FIELDS (PME_ID,PFI_ID) VALUES('MET_312','FIELD_91');
INSERT INTO PI_METRIC_FIELDS (PME_ID,PFI_ID) VALUES('MET_312','FIELD_77');
INSERT INTO PI_METRIC (PME_ID,PME_NAME,PC3_ID,PME_DIMENSION,PME_UNIT) VALUES('MET_313','???','PS1', 'DIM_4' ,'' );
INSERT INTO PI_METRIC_FIELDS (PME_ID,PFI_ID) VALUES('MET_313','FIELD_144');
INSERT INTO PI_METRIC (PME_ID,PME_NAME,PC3_ID,PME_DIMENSION,PME_UNIT) VALUES('MET_314','???','PS1', 'DIM_5' ,'' );
INSERT INTO PI_METRIC_FIELDS (PME_ID,PFI_ID) VALUES('MET_314','FIELD_35');
INSERT INTO PI_METRIC_FIELDS (PME_ID,PFI_ID) VALUES('MET_314','FIELD_147');
INSERT INTO PI_METRIC (PME_ID,PME_NAME,PC3_ID,PME_DIMENSION,PME_UNIT) VALUES('MET_315','Total cost for a given process','PS1', 'DIM_6' ,'$' );
INSERT INTO PI_METRIC_FIELDS (PME_ID,PFI_ID) VALUES('MET_315','FIELD_65');
INSERT INTO PI_METRIC_FIELDS (PME_ID,PFI_ID) VALUES('MET_315','FIELD_149');
INSERT INTO PI_METRIC (PME_ID,PME_NAME,PC3_ID,PME_DIMENSION,PME_UNIT) VALUES('MET_316','Routine expense (e.g., salaries, maintenance, supplies)','PS1', 'DIM_6' ,'' );
INSERT INTO PI_METRIC_FIELDS (PME_ID,PFI_ID) VALUES('MET_316','FIELD_65');
INSERT INTO PI_METRIC_FIELDS (PME_ID,PFI_ID) VALUES('MET_316','FIELD_149');
INSERT INTO PI_METRIC (PME_ID,PME_NAME,PC3_ID,PME_DIMENSION,PME_UNIT) VALUES('MET_317','???','PS1', 'DIM_9' ,'' );
INSERT INTO PI_METRIC_FIELDS (PME_ID,PFI_ID) VALUES('MET_317','FIELD_141');
INSERT INTO PI_METRIC (PME_ID,PME_NAME,PC3_ID,PME_DIMENSION,PME_UNIT) VALUES('MET_318','???','PS1', 'DIM_10' ,'' );
INSERT INTO PI_METRIC_FIELDS (PME_ID,PFI_ID) VALUES('MET_318','FIELD_91');
INSERT INTO PI_METRIC_FIELDS (PME_ID,PFI_ID) VALUES('MET_318','FIELD_149');
INSERT INTO PI_METRIC (PME_ID,PME_NAME,PC3_ID,PME_DIMENSION,PME_UNIT) VALUES('MET_319','???','PS2', 'DIM_4' ,'' );
INSERT INTO PI_METRIC_FIELDS (PME_ID,PFI_ID) VALUES('MET_319','FIELD_144');
INSERT INTO PI_METRIC (PME_ID,PME_NAME,PC3_ID,PME_DIMENSION,PME_UNIT) VALUES('MET_320','Units produced per day','PS2', 'DIM_5' ,'#' );
INSERT INTO PI_METRIC_FIELDS (PME_ID,PFI_ID) VALUES('MET_320','FIELD_35');
INSERT INTO PI_METRIC_FIELDS (PME_ID,PFI_ID) VALUES('MET_320','FIELD_33');
INSERT INTO PI_METRIC (PME_ID,PME_NAME,PC3_ID,PME_DIMENSION,PME_UNIT) VALUES('MET_321','Units produced per person','PS2', 'DIM_5' ,'#' );
INSERT INTO PI_METRIC_FIELDS (PME_ID,PFI_ID) VALUES('MET_321','FIELD_35');
INSERT INTO PI_METRIC_FIELDS (PME_ID,PFI_ID) VALUES('MET_321','FIELD_33');
INSERT INTO PI_METRIC (PME_ID,PME_NAME,PC3_ID,PME_DIMENSION,PME_UNIT) VALUES('MET_322','Delivery expense as a percentage of sales','PS2', 'DIM_6' ,'%' );
INSERT INTO PI_METRIC_FIELDS (PME_ID,PFI_ID) VALUES('MET_322','FIELD_65');
INSERT INTO PI_METRIC_FIELDS (PME_ID,PFI_ID) VALUES('MET_322','FIELD_33');
INSERT INTO PI_METRIC (PME_ID,PME_NAME,PC3_ID,PME_DIMENSION,PME_UNIT) VALUES('MET_323','IT expense/employee','PS2', 'DIM_6' ,'$' );
INSERT INTO PI_METRIC_FIELDS (PME_ID,PFI_ID) VALUES('MET_323','FIELD_65');
INSERT INTO PI_METRIC_FIELDS (PME_ID,PFI_ID) VALUES('MET_323','FIELD_33');
INSERT INTO PI_METRIC (PME_ID,PME_NAME,PC3_ID,PME_DIMENSION,PME_UNIT) VALUES('MET_324','IT expenses on training/IT expense','PS2', 'DIM_6' ,'' );
INSERT INTO PI_METRIC_FIELDS (PME_ID,PFI_ID) VALUES('MET_324','FIELD_65');
INSERT INTO PI_METRIC_FIELDS (PME_ID,PFI_ID) VALUES('MET_324','FIELD_33');
INSERT INTO PI_METRIC (PME_ID,PME_NAME,PC3_ID,PME_DIMENSION,PME_UNIT) VALUES('MET_325','Machine breakdowns per week (or day)','PS2', 'DIM_9' ,'' );
INSERT INTO PI_METRIC_FIELDS (PME_ID,PFI_ID) VALUES('MET_325','FIELD_141');
INSERT INTO PI_METRIC (PME_ID,PME_NAME,PC3_ID,PME_DIMENSION,PME_UNIT) VALUES('MET_326','Total elapsed cycle time for a given process','PS2', 'DIM_10' ,'Time' );
INSERT INTO PI_METRIC_FIELDS (PME_ID,PFI_ID) VALUES('MET_326','FIELD_91');
INSERT INTO PI_METRIC_FIELDS (PME_ID,PFI_ID) VALUES('MET_326','FIELD_29');
INSERT INTO PI_METRIC_FIELDS (PME_ID,PFI_ID) VALUES('MET_326','FIELD_275');
INSERT INTO PI_METRIC (PME_ID,PME_NAME,PC3_ID,PME_DIMENSION,PME_UNIT) VALUES('MET_327','???','PS3', 'DIM_5' ,'' );
INSERT INTO PI_METRIC_FIELDS (PME_ID,PFI_ID) VALUES('MET_327','FIELD_35');
INSERT INTO PI_METRIC_FIELDS (PME_ID,PFI_ID) VALUES('MET_327','FIELD_14');
INSERT INTO PI_METRIC (PME_ID,PME_NAME,PC3_ID,PME_DIMENSION,PME_UNIT) VALUES('MET_328','Rate of cost reduction','PS3', 'DIM_6' ,'$' );
INSERT INTO PI_METRIC_FIELDS (PME_ID,PFI_ID) VALUES('MET_328','FIELD_65');
INSERT INTO PI_METRIC_FIELDS (PME_ID,PFI_ID) VALUES('MET_328','FIELD_14');
INSERT INTO PI_METRIC (PME_ID,PME_NAME,PC3_ID,PME_DIMENSION,PME_UNIT) VALUES('MET_329','Average production costs per unit','PS3', 'DIM_6' ,'$' );
INSERT INTO PI_METRIC_FIELDS (PME_ID,PFI_ID) VALUES('MET_329','FIELD_65');
INSERT INTO PI_METRIC_FIELDS (PME_ID,PFI_ID) VALUES('MET_329','FIELD_14');
INSERT INTO PI_METRIC (PME_ID,PME_NAME,PC3_ID,PME_DIMENSION,PME_UNIT) VALUES('MET_330','Total elapsed cycle time for a given process','PS3', 'DIM_10' ,'Time' );
INSERT INTO PI_METRIC_FIELDS (PME_ID,PFI_ID) VALUES('MET_330','FIELD_91');
INSERT INTO PI_METRIC_FIELDS (PME_ID,PFI_ID) VALUES('MET_330','FIELD_14');
INSERT INTO PI_METRIC (PME_ID,PME_NAME,PC3_ID,PME_DIMENSION,PME_UNIT) VALUES('MET_331','Average days (hours) late divided by total production days (hours)','PS3', 'DIM_10' ,'Hours' );
INSERT INTO PI_METRIC_FIELDS (PME_ID,PFI_ID) VALUES('MET_331','FIELD_91');
INSERT INTO PI_METRIC_FIELDS (PME_ID,PFI_ID) VALUES('MET_331','FIELD_14');
INSERT INTO PI_METRIC (PME_ID,PME_NAME,PC3_ID,PME_DIMENSION,PME_UNIT) VALUES('MET_332','Units produced per day','PS4', 'DIM_5' ,'#' );
INSERT INTO PI_METRIC_FIELDS (PME_ID,PFI_ID) VALUES('MET_332','FIELD_35');
INSERT INTO PI_METRIC_FIELDS (PME_ID,PFI_ID) VALUES('MET_332','FIELD_78');
INSERT INTO PI_METRIC (PME_ID,PME_NAME,PC3_ID,PME_DIMENSION,PME_UNIT) VALUES('MET_333','Units produced per person','PS4', 'DIM_5' ,'#' );
INSERT INTO PI_METRIC_FIELDS (PME_ID,PFI_ID) VALUES('MET_333','FIELD_35');
INSERT INTO PI_METRIC_FIELDS (PME_ID,PFI_ID) VALUES('MET_333','FIELD_78');
INSERT INTO PI_METRIC (PME_ID,PME_NAME,PC3_ID,PME_DIMENSION,PME_UNIT) VALUES('MET_334','Delivery expense as a percentage of sales','PS4', 'DIM_6' ,'%' );
INSERT INTO PI_METRIC_FIELDS (PME_ID,PFI_ID) VALUES('MET_334','FIELD_65');
INSERT INTO PI_METRIC_FIELDS (PME_ID,PFI_ID) VALUES('MET_334','FIELD_78');
INSERT INTO PI_METRIC (PME_ID,PME_NAME,PC3_ID,PME_DIMENSION,PME_UNIT) VALUES('MET_335','Material costs as a percentage of sales','PS4', 'DIM_6' ,'%' );
INSERT INTO PI_METRIC_FIELDS (PME_ID,PFI_ID) VALUES('MET_335','FIELD_65');
INSERT INTO PI_METRIC_FIELDS (PME_ID,PFI_ID) VALUES('MET_335','FIELD_78');
INSERT INTO PI_METRIC (PME_ID,PME_NAME,PC3_ID,PME_DIMENSION,PME_UNIT) VALUES('MET_336','Cost per transaction','PS4', 'DIM_6' ,'$' );
INSERT INTO PI_METRIC_FIELDS (PME_ID,PFI_ID) VALUES('MET_336','FIELD_65');
INSERT INTO PI_METRIC_FIELDS (PME_ID,PFI_ID) VALUES('MET_336','FIELD_78');
INSERT INTO PI_METRIC (PME_ID,PME_NAME,PC3_ID,PME_DIMENSION,PME_UNIT) VALUES('MET_337','Total elapsed cycle time for a given process','PS4', 'DIM_10' ,'Time' );
INSERT INTO PI_METRIC_FIELDS (PME_ID,PFI_ID) VALUES('MET_337','FIELD_91');
INSERT INTO PI_METRIC_FIELDS (PME_ID,PFI_ID) VALUES('MET_337','FIELD_78');
INSERT INTO PI_METRIC (PME_ID,PME_NAME,PC3_ID,PME_DIMENSION,PME_UNIT) VALUES('MET_338','Total value of assets dedicated to a specific process','PC1', 'DIM_5' ,'' );
INSERT INTO PI_METRIC_FIELDS (PME_ID,PFI_ID) VALUES('MET_338','FIELD_35');
INSERT INTO PI_METRIC_FIELDS (PME_ID,PFI_ID) VALUES('MET_338','FIELD_145');
INSERT INTO PI_METRIC (PME_ID,PME_NAME,PC3_ID,PME_DIMENSION,PME_UNIT) VALUES('MET_339','Customer perception of reliability per survey','PC1', 'DIM_5' ,'' );
INSERT INTO PI_METRIC_FIELDS (PME_ID,PFI_ID) VALUES('MET_339','FIELD_251');
INSERT INTO PI_METRIC (PME_ID,PME_NAME,PC3_ID,PME_DIMENSION,PME_UNIT) VALUES('MET_340','???','PC1', 'DIM_6' ,'' );
INSERT INTO PI_METRIC_FIELDS (PME_ID,PFI_ID) VALUES('MET_340','FIELD_65');
INSERT INTO PI_METRIC_FIELDS (PME_ID,PFI_ID) VALUES('MET_340','FIELD_146');
INSERT INTO PI_METRIC (PME_ID,PME_NAME,PC3_ID,PME_DIMENSION,PME_UNIT) VALUES('MET_341','???','PC1', 'DIM_10' ,'' );
INSERT INTO PI_METRIC_FIELDS (PME_ID,PFI_ID) VALUES('MET_341','FIELD_91');
INSERT INTO PI_METRIC_FIELDS (PME_ID,PFI_ID) VALUES('MET_341','FIELD_145');
INSERT INTO PI_METRIC (PME_ID,PME_NAME,PC3_ID,PME_DIMENSION,PME_UNIT) VALUES('MET_342','???','PC1', 'DIM_10' ,'' );
INSERT INTO PI_METRIC_FIELDS (PME_ID,PFI_ID) VALUES('MET_342','FIELD_247');
INSERT INTO PI_METRIC (PME_ID,PME_NAME,PC3_ID,PME_DIMENSION,PME_UNIT) VALUES('MET_343','???','PC2', 'DIM_5' ,'' );
INSERT INTO PI_METRIC_FIELDS (PME_ID,PFI_ID) VALUES('MET_343','FIELD_35');
INSERT INTO PI_METRIC_FIELDS (PME_ID,PFI_ID) VALUES('MET_343','FIELD_30');
INSERT INTO PI_METRIC (PME_ID,PME_NAME,PC3_ID,PME_DIMENSION,PME_UNIT) VALUES('MET_344','Total cost for a given process','PC2', 'DIM_6' ,'$' );
INSERT INTO PI_METRIC_FIELDS (PME_ID,PFI_ID) VALUES('MET_344','FIELD_65');
INSERT INTO PI_METRIC_FIELDS (PME_ID,PFI_ID) VALUES('MET_344','FIELD_26');
INSERT INTO PI_METRIC (PME_ID,PME_NAME,PC3_ID,PME_DIMENSION,PME_UNIT) VALUES('MET_345','Ratio of customer-service function expenses to total sales','PC2', 'DIM_6' ,'%' );
INSERT INTO PI_METRIC_FIELDS (PME_ID,PFI_ID) VALUES('MET_345','FIELD_65');
INSERT INTO PI_METRIC_FIELDS (PME_ID,PFI_ID) VALUES('MET_345','FIELD_26');
INSERT INTO PI_METRIC (PME_ID,PME_NAME,PC3_ID,PME_DIMENSION,PME_UNIT) VALUES('MET_346','Marketing (and sales) expenses as a percentage of new customer sales','PC2', 'DIM_6' ,'%' );
INSERT INTO PI_METRIC_FIELDS (PME_ID,PFI_ID) VALUES('MET_346','FIELD_65');
INSERT INTO PI_METRIC_FIELDS (PME_ID,PFI_ID) VALUES('MET_346','FIELD_26');
INSERT INTO PI_METRIC (PME_ID,PME_NAME,PC3_ID,PME_DIMENSION,PME_UNIT) VALUES('MET_347','???','PC2', 'DIM_10' ,'' );
INSERT INTO PI_METRIC_FIELDS (PME_ID,PFI_ID) VALUES('MET_347','FIELD_91');
INSERT INTO PI_METRIC_FIELDS (PME_ID,PFI_ID) VALUES('MET_347','FIELD_29');
INSERT INTO PI_METRIC_FIELDS (PME_ID,PFI_ID) VALUES('MET_347','FIELD_83');
INSERT INTO PI_METRIC (PME_ID,PME_NAME,PC3_ID,PME_DIMENSION,PME_UNIT) VALUES('MET_348','???','PC2', 'DIM_10' ,'' );
INSERT INTO PI_METRIC_FIELDS (PME_ID,PFI_ID) VALUES('MET_348','FIELD_251');
INSERT INTO PI_METRIC (PME_ID,PME_NAME,PC3_ID,PME_DIMENSION,PME_UNIT) VALUES('MET_349','Total value of assets dedicated to a specific proces','PC3', 'DIM_5' ,'' );
INSERT INTO PI_METRIC_FIELDS (PME_ID,PFI_ID) VALUES('MET_349','FIELD_35');
INSERT INTO PI_METRIC_FIELDS (PME_ID,PFI_ID) VALUES('MET_349','FIELD_10');
INSERT INTO PI_METRIC (PME_ID,PME_NAME,PC3_ID,PME_DIMENSION,PME_UNIT) VALUES('MET_350','???','PC3', 'DIM_6' ,'' );
INSERT INTO PI_METRIC_FIELDS (PME_ID,PFI_ID) VALUES('MET_350','FIELD_65');
INSERT INTO PI_METRIC_FIELDS (PME_ID,PFI_ID) VALUES('MET_350','FIELD_11');
INSERT INTO PI_METRIC (PME_ID,PME_NAME,PC3_ID,PME_DIMENSION,PME_UNIT) VALUES('MET_351','???','PC3', 'DIM_10' ,'' );
INSERT INTO PI_METRIC_FIELDS (PME_ID,PFI_ID) VALUES('MET_351','FIELD_91');
INSERT INTO PI_METRIC_FIELDS (PME_ID,PFI_ID) VALUES('MET_351','FIELD_9');
INSERT INTO PI_METRIC (PME_ID,PME_NAME,PC3_ID,PME_DIMENSION,PME_UNIT) VALUES('MET_352','???','PC3', 'DIM_10' ,'' );
INSERT INTO PI_METRIC_FIELDS (PME_ID,PFI_ID) VALUES('MET_352','FIELD_251');
INSERT INTO PI_METRIC (PME_ID,PME_NAME,PC3_ID,PME_DIMENSION,PME_UNIT) VALUES('MET_353','Number of prospects for new customers','PC4', 'DIM_5' ,'#' );
INSERT INTO PI_METRIC_FIELDS (PME_ID,PFI_ID) VALUES('MET_353','FIELD_35');
INSERT INTO PI_METRIC_FIELDS (PME_ID,PFI_ID) VALUES('MET_353','FIELD_76');
INSERT INTO PI_METRIC (PME_ID,PME_NAME,PC3_ID,PME_DIMENSION,PME_UNIT) VALUES('MET_354','Percent of new business done with repeat customers','PC4', 'DIM_6' ,'%' );
INSERT INTO PI_METRIC_FIELDS (PME_ID,PFI_ID) VALUES('MET_354','FIELD_65');
INSERT INTO PI_METRIC_FIELDS (PME_ID,PFI_ID) VALUES('MET_354','FIELD_76');
INSERT INTO PI_METRIC (PME_ID,PME_NAME,PC3_ID,PME_DIMENSION,PME_UNIT) VALUES('MET_355','Customer-service function expense per product','PC4', 'DIM_6' ,'' );
INSERT INTO PI_METRIC_FIELDS (PME_ID,PFI_ID) VALUES('MET_355','FIELD_65');
INSERT INTO PI_METRIC_FIELDS (PME_ID,PFI_ID) VALUES('MET_355','FIELD_76');
INSERT INTO PI_METRIC (PME_ID,PME_NAME,PC3_ID,PME_DIMENSION,PME_UNIT) VALUES('MET_356','???','PC4', 'DIM_10' ,'' );
INSERT INTO PI_METRIC_FIELDS (PME_ID,PFI_ID) VALUES('MET_356','FIELD_91');
INSERT INTO PI_METRIC_FIELDS (PME_ID,PFI_ID) VALUES('MET_356','FIELD_75');
INSERT INTO PI_METRIC (PME_ID,PME_NAME,PC3_ID,PME_DIMENSION,PME_UNIT) VALUES('MET_357','Market perceived Value','M01', 'DIM_5' ,'' );
INSERT INTO PI_METRIC_FIELDS (PME_ID,PFI_ID) VALUES('MET_357','FIELD_35');
INSERT INTO PI_METRIC_FIELDS (PME_ID,PFI_ID) VALUES('MET_357','FIELD_17');
INSERT INTO PI_METRIC (PME_ID,PME_NAME,PC3_ID,PME_DIMENSION,PME_UNIT) VALUES('MET_358','Market value','M01', 'DIM_5' ,'' );
INSERT INTO PI_METRIC_FIELDS (PME_ID,PFI_ID) VALUES('MET_358','FIELD_35');
INSERT INTO PI_METRIC_FIELDS (PME_ID,PFI_ID) VALUES('MET_358','FIELD_17');
INSERT INTO PI_METRIC (PME_ID,PME_NAME,PC3_ID,PME_DIMENSION,PME_UNIT) VALUES('MET_359','Lost business revenues compared to market average','M01', 'DIM_6' ,'' );
INSERT INTO PI_METRIC_FIELDS (PME_ID,PFI_ID) VALUES('MET_359','FIELD_65');
INSERT INTO PI_METRIC_FIELDS (PME_ID,PFI_ID) VALUES('MET_359','FIELD_17');
INSERT INTO PI_METRIC (PME_ID,PME_NAME,PC3_ID,PME_DIMENSION,PME_UNIT) VALUES('MET_360','Percent of sales of one product from customers who also bought a companion product','M01', 'DIM_6' ,'%' );
INSERT INTO PI_METRIC_FIELDS (PME_ID,PFI_ID) VALUES('MET_360','FIELD_65');
INSERT INTO PI_METRIC_FIELDS (PME_ID,PFI_ID) VALUES('MET_360','FIELD_17');
INSERT INTO PI_METRIC (PME_ID,PME_NAME,PC3_ID,PME_DIMENSION,PME_UNIT) VALUES('MET_361','Revenue generated from customer segments (e.g., new affluent; large versus small; industry; region)','M01', 'DIM_6' ,'' );
INSERT INTO PI_METRIC_FIELDS (PME_ID,PFI_ID) VALUES('MET_361','FIELD_65');
INSERT INTO PI_METRIC_FIELDS (PME_ID,PFI_ID) VALUES('MET_361','FIELD_17');
INSERT INTO PI_METRIC (PME_ID,PME_NAME,PC3_ID,PME_DIMENSION,PME_UNIT) VALUES('MET_362','EVA (Economic Value Added)','M01', 'DIM_6' ,'' );
INSERT INTO PI_METRIC_FIELDS (PME_ID,PFI_ID) VALUES('MET_362','FIELD_65');
INSERT INTO PI_METRIC_FIELDS (PME_ID,PFI_ID) VALUES('MET_362','FIELD_17');
INSERT INTO PI_METRIC (PME_ID,PME_NAME,PC3_ID,PME_DIMENSION,PME_UNIT) VALUES('MET_363','MVA (Market Value Added)','M01', 'DIM_6' ,'' );
INSERT INTO PI_METRIC_FIELDS (PME_ID,PFI_ID) VALUES('MET_363','FIELD_65');
INSERT INTO PI_METRIC_FIELDS (PME_ID,PFI_ID) VALUES('MET_363','FIELD_17');
INSERT INTO PI_METRIC (PME_ID,PME_NAME,PC3_ID,PME_DIMENSION,PME_UNIT) VALUES('MET_364','Cost versus competitors'' cost','M01', 'DIM_6' ,'$' );
INSERT INTO PI_METRIC_FIELDS (PME_ID,PFI_ID) VALUES('MET_364','FIELD_65');
INSERT INTO PI_METRIC_FIELDS (PME_ID,PFI_ID) VALUES('MET_364','FIELD_17');
INSERT INTO PI_METRIC (PME_ID,PME_NAME,PC3_ID,PME_DIMENSION,PME_UNIT) VALUES('MET_365','Indirect cost as a percent of sales','M01', 'DIM_6' ,'%' );
INSERT INTO PI_METRIC_FIELDS (PME_ID,PFI_ID) VALUES('MET_365','FIELD_65');
INSERT INTO PI_METRIC_FIELDS (PME_ID,PFI_ID) VALUES('MET_365','FIELD_17');
INSERT INTO PI_METRIC (PME_ID,PME_NAME,PC3_ID,PME_DIMENSION,PME_UNIT) VALUES('MET_366','Unit cost versus competition','M01', 'DIM_6' ,'$' );
INSERT INTO PI_METRIC_FIELDS (PME_ID,PFI_ID) VALUES('MET_366','FIELD_65');
INSERT INTO PI_METRIC_FIELDS (PME_ID,PFI_ID) VALUES('MET_366','FIELD_17');
INSERT INTO PI_METRIC (PME_ID,PME_NAME,PC3_ID,PME_DIMENSION,PME_UNIT) VALUES('MET_367','Value of working capital (e.g.: inventory, accounts receivable, etc.) reduction initiatives obtained in the current quarter resulting from Six Sigma projects','M01', 'DIM_8' ,'' );
INSERT INTO PI_METRIC_FIELDS (PME_ID,PFI_ID) VALUES('MET_367','FIELD_266');
INSERT INTO PI_METRIC_FIELDS (PME_ID,PFI_ID) VALUES('MET_367','FIELD_17');
INSERT INTO PI_METRIC (PME_ID,PME_NAME,PC3_ID,PME_DIMENSION,PME_UNIT) VALUES('MET_368','Number of new products introduced by competitors','M01', 'DIM_8' ,'#' );
INSERT INTO PI_METRIC_FIELDS (PME_ID,PFI_ID) VALUES('MET_368','FIELD_266');
INSERT INTO PI_METRIC_FIELDS (PME_ID,PFI_ID) VALUES('MET_368','FIELD_17');
INSERT INTO PI_METRIC (PME_ID,PME_NAME,PC3_ID,PME_DIMENSION,PME_UNIT) VALUES('MET_369','???','M01', 'DIM_10' ,'' );
INSERT INTO PI_METRIC_FIELDS (PME_ID,PFI_ID) VALUES('MET_369','FIELD_91');
INSERT INTO PI_METRIC_FIELDS (PME_ID,PFI_ID) VALUES('MET_369','FIELD_17');
INSERT INTO PI_METRIC (PME_ID,PME_NAME,PC3_ID,PME_DIMENSION,PME_UNIT) VALUES('MET_370','???','M02', 'DIM_5' ,'' );
INSERT INTO PI_METRIC_FIELDS (PME_ID,PFI_ID) VALUES('MET_370','FIELD_35');
INSERT INTO PI_METRIC_FIELDS (PME_ID,PFI_ID) VALUES('MET_370','FIELD_18');
INSERT INTO PI_METRIC (PME_ID,PME_NAME,PC3_ID,PME_DIMENSION,PME_UNIT) VALUES('MET_371','???','M02', 'DIM_6' ,'' );
INSERT INTO PI_METRIC_FIELDS (PME_ID,PFI_ID) VALUES('MET_371','FIELD_65');
INSERT INTO PI_METRIC_FIELDS (PME_ID,PFI_ID) VALUES('MET_371','FIELD_18');
INSERT INTO PI_METRIC (PME_ID,PME_NAME,PC3_ID,PME_DIMENSION,PME_UNIT) VALUES('MET_372','Value of cost reduction initiatives obtained in the current quarter resulting from Six Sigma projects.','M02', 'DIM_8' ,'$' );
INSERT INTO PI_METRIC_FIELDS (PME_ID,PFI_ID) VALUES('MET_372','FIELD_207');
INSERT INTO PI_METRIC_FIELDS (PME_ID,PFI_ID) VALUES('MET_372','FIELD_283');
INSERT INTO PI_METRIC_FIELDS (PME_ID,PFI_ID) VALUES('MET_372','FIELD_232');
INSERT INTO PI_METRIC (PME_ID,PME_NAME,PC3_ID,PME_DIMENSION,PME_UNIT) VALUES('MET_373','???','M02', 'DIM_10' ,'' );
INSERT INTO PI_METRIC_FIELDS (PME_ID,PFI_ID) VALUES('MET_373','FIELD_91');
INSERT INTO PI_METRIC_FIELDS (PME_ID,PFI_ID) VALUES('MET_373','FIELD_18');
INSERT INTO PI_METRIC (PME_ID,PME_NAME,PC3_ID,PME_DIMENSION,PME_UNIT) VALUES('MET_374','???','M03', 'DIM_5' ,'' );
INSERT INTO PI_METRIC_FIELDS (PME_ID,PFI_ID) VALUES('MET_374','FIELD_35');
INSERT INTO PI_METRIC_FIELDS (PME_ID,PFI_ID) VALUES('MET_374','FIELD_95');
INSERT INTO PI_METRIC (PME_ID,PME_NAME,PC3_ID,PME_DIMENSION,PME_UNIT) VALUES('MET_375','Total cost for a given process','M03', 'DIM_6' ,'$' );
INSERT INTO PI_METRIC_FIELDS (PME_ID,PFI_ID) VALUES('MET_375','FIELD_65');
INSERT INTO PI_METRIC_FIELDS (PME_ID,PFI_ID) VALUES('MET_375','FIELD_95');
INSERT INTO PI_METRIC (PME_ID,PME_NAME,PC3_ID,PME_DIMENSION,PME_UNIT) VALUES('MET_376','???','M03', 'DIM_8' ,'' );
INSERT INTO PI_METRIC_FIELDS (PME_ID,PFI_ID) VALUES('MET_376','FIELD_266');
INSERT INTO PI_METRIC_FIELDS (PME_ID,PFI_ID) VALUES('MET_376','FIELD_94');
INSERT INTO PI_METRIC (PME_ID,PME_NAME,PC3_ID,PME_DIMENSION,PME_UNIT) VALUES('MET_377','???','M03', 'DIM_1' ,'' );
INSERT INTO PI_METRIC_FIELDS (PME_ID,PFI_ID) VALUES('MET_377','FIELD_202');
INSERT INTO PI_METRIC (PME_ID,PME_NAME,PC3_ID,PME_DIMENSION,PME_UNIT) VALUES('MET_378','???','M03', 'DIM_10' ,'' );
INSERT INTO PI_METRIC_FIELDS (PME_ID,PFI_ID) VALUES('MET_378','FIELD_91');
INSERT INTO PI_METRIC_FIELDS (PME_ID,PFI_ID) VALUES('MET_378','FIELD_95');
INSERT INTO PI_METRIC (PME_ID,PME_NAME,PC3_ID,PME_DIMENSION,PME_UNIT) VALUES('MET_379','???','M04', 'DIM_5' ,'' );
INSERT INTO PI_METRIC_FIELDS (PME_ID,PFI_ID) VALUES('MET_379','FIELD_35');
INSERT INTO PI_METRIC_FIELDS (PME_ID,PFI_ID) VALUES('MET_379','FIELD_23');
INSERT INTO PI_METRIC (PME_ID,PME_NAME,PC3_ID,PME_DIMENSION,PME_UNIT) VALUES('MET_380','Total cost for a given proces','M04', 'DIM_6' ,'$' );
INSERT INTO PI_METRIC_FIELDS (PME_ID,PFI_ID) VALUES('MET_380','FIELD_65');
INSERT INTO PI_METRIC_FIELDS (PME_ID,PFI_ID) VALUES('MET_380','FIELD_23');
INSERT INTO PI_METRIC (PME_ID,PME_NAME,PC3_ID,PME_DIMENSION,PME_UNIT) VALUES('MET_381','???','M04', 'DIM_8' ,'' );
INSERT INTO PI_METRIC_FIELDS (PME_ID,PFI_ID) VALUES('MET_381','FIELD_266');
INSERT INTO PI_METRIC_FIELDS (PME_ID,PFI_ID) VALUES('MET_381','FIELD_23');
INSERT INTO PI_METRIC (PME_ID,PME_NAME,PC3_ID,PME_DIMENSION,PME_UNIT) VALUES('MET_382','???','M04', 'DIM_10' ,'' );
INSERT INTO PI_METRIC_FIELDS (PME_ID,PFI_ID) VALUES('MET_382','FIELD_91');
INSERT INTO PI_METRIC_FIELDS (PME_ID,PFI_ID) VALUES('MET_382','FIELD_23');
INSERT INTO PI_METRIC (PME_ID,PME_NAME,PC3_ID,PME_DIMENSION,PME_UNIT) VALUES('MET_383','???','M05', 'DIM_5' ,'' );
INSERT INTO PI_METRIC_FIELDS (PME_ID,PFI_ID) VALUES('MET_383','FIELD_35');
INSERT INTO PI_METRIC_FIELDS (PME_ID,PFI_ID) VALUES('MET_383','FIELD_112');
INSERT INTO PI_METRIC (PME_ID,PME_NAME,PC3_ID,PME_DIMENSION,PME_UNIT) VALUES('MET_384','???','M05', 'DIM_6' ,'' );
INSERT INTO PI_METRIC_FIELDS (PME_ID,PFI_ID) VALUES('MET_384','FIELD_65');
INSERT INTO PI_METRIC_FIELDS (PME_ID,PFI_ID) VALUES('MET_384','FIELD_112');
INSERT INTO PI_METRIC (PME_ID,PME_NAME,PC3_ID,PME_DIMENSION,PME_UNIT) VALUES('MET_385','Value of working capital (e.g.: inventory, accounts receivable, etc.) reduction initiatives obtained in the current quarter resulting from Six Sigma projects.','M05', 'DIM_8' ,'' );
INSERT INTO PI_METRIC_FIELDS (PME_ID,PFI_ID) VALUES('MET_385','FIELD_266');
INSERT INTO PI_METRIC_FIELDS (PME_ID,PFI_ID) VALUES('MET_385','FIELD_112');
INSERT INTO PI_METRIC (PME_ID,PME_NAME,PC3_ID,PME_DIMENSION,PME_UNIT) VALUES('MET_386','???','M05', 'DIM_10' ,'' );
INSERT INTO PI_METRIC_FIELDS (PME_ID,PFI_ID) VALUES('MET_386','FIELD_46');
INSERT INTO PI_METRIC (PME_ID,PME_NAME,PC3_ID,PME_DIMENSION,PME_UNIT) VALUES('MET_387','???','M06', 'DIM_5' ,'' );
INSERT INTO PI_METRIC_FIELDS (PME_ID,PFI_ID) VALUES('MET_387','FIELD_35');
INSERT INTO PI_METRIC_FIELDS (PME_ID,PFI_ID) VALUES('MET_387','FIELD_284');
INSERT INTO PI_METRIC (PME_ID,PME_NAME,PC3_ID,PME_DIMENSION,PME_UNIT) VALUES('MET_388','???','M06', 'DIM_6' ,'' );
INSERT INTO PI_METRIC_FIELDS (PME_ID,PFI_ID) VALUES('MET_388','FIELD_65');
INSERT INTO PI_METRIC_FIELDS (PME_ID,PFI_ID) VALUES('MET_388','FIELD_284');
INSERT INTO PI_METRIC (PME_ID,PME_NAME,PC3_ID,PME_DIMENSION,PME_UNIT) VALUES('MET_389','Net present value of cash outflows for development and commercialization and the inflows from sales','M06', 'DIM_8' ,'' );
INSERT INTO PI_METRIC_FIELDS (PME_ID,PFI_ID) VALUES('MET_389','FIELD_133');
INSERT INTO PI_METRIC (PME_ID,PME_NAME,PC3_ID,PME_DIMENSION,PME_UNIT) VALUES('MET_390','???','M06', 'DIM_10' ,'' );
INSERT INTO PI_METRIC_FIELDS (PME_ID,PFI_ID) VALUES('MET_390','FIELD_46');
INSERT INTO PI_METRIC (PME_ID,PME_NAME,PC3_ID,PME_DIMENSION,PME_UNIT) VALUES('MET_391','???','M07', 'DIM_5' ,'' );
INSERT INTO PI_METRIC_FIELDS (PME_ID,PFI_ID) VALUES('MET_391','FIELD_35');
INSERT INTO PI_METRIC_FIELDS (PME_ID,PFI_ID) VALUES('MET_391','FIELD_80');
INSERT INTO PI_METRIC (PME_ID,PME_NAME,PC3_ID,PME_DIMENSION,PME_UNIT) VALUES('MET_392','Total cost for a given process','M07', 'DIM_6' ,'$' );
INSERT INTO PI_METRIC_FIELDS (PME_ID,PFI_ID) VALUES('MET_392','FIELD_65');
INSERT INTO PI_METRIC_FIELDS (PME_ID,PFI_ID) VALUES('MET_392','FIELD_80');
INSERT INTO PI_METRIC (PME_ID,PME_NAME,PC3_ID,PME_DIMENSION,PME_UNIT) VALUES('MET_393','???','M07', 'DIM_8' ,'' );
INSERT INTO PI_METRIC_FIELDS (PME_ID,PFI_ID) VALUES('MET_393','FIELD_209');
INSERT INTO PI_METRIC (PME_ID,PME_NAME,PC3_ID,PME_DIMENSION,PME_UNIT) VALUES('MET_394','???','M07', 'DIM_10' ,'' );
INSERT INTO PI_METRIC_FIELDS (PME_ID,PFI_ID) VALUES('MET_394','FIELD_91');
INSERT INTO PI_METRIC_FIELDS (PME_ID,PFI_ID) VALUES('MET_394','FIELD_80');
INSERT INTO PI_METRIC (PME_ID,PME_NAME,PC3_ID,PME_DIMENSION,PME_UNIT) VALUES('MET_395','Total value of assets dedicated to a specific research process','R01', 'DIM_5' ,'' );
INSERT INTO PI_METRIC_FIELDS (PME_ID,PFI_ID) VALUES('MET_395','FIELD_35');
INSERT INTO PI_METRIC_FIELDS (PME_ID,PFI_ID) VALUES('MET_395','FIELD_104');
INSERT INTO PI_METRIC (PME_ID,PME_NAME,PC3_ID,PME_DIMENSION,PME_UNIT) VALUES('MET_396','???','R01', 'DIM_6' ,'' );
INSERT INTO PI_METRIC_FIELDS (PME_ID,PFI_ID) VALUES('MET_396','FIELD_65');
INSERT INTO PI_METRIC_FIELDS (PME_ID,PFI_ID) VALUES('MET_396','FIELD_104');
INSERT INTO PI_METRIC (PME_ID,PME_NAME,PC3_ID,PME_DIMENSION,PME_UNIT) VALUES('MET_397','???','R01', 'DIM_8' ,'' );
INSERT INTO PI_METRIC_FIELDS (PME_ID,PFI_ID) VALUES('MET_397','FIELD_266');
INSERT INTO PI_METRIC_FIELDS (PME_ID,PFI_ID) VALUES('MET_397','FIELD_103');
INSERT INTO PI_METRIC (PME_ID,PME_NAME,PC3_ID,PME_DIMENSION,PME_UNIT) VALUES('MET_398','???','R01', 'DIM_1' ,'' );
INSERT INTO PI_METRIC_FIELDS (PME_ID,PFI_ID) VALUES('MET_398','FIELD_214');
INSERT INTO PI_METRIC (PME_ID,PME_NAME,PC3_ID,PME_DIMENSION,PME_UNIT) VALUES('MET_399','???','R01', 'DIM_10' ,'' );
INSERT INTO PI_METRIC_FIELDS (PME_ID,PFI_ID) VALUES('MET_399','FIELD_91');
INSERT INTO PI_METRIC_FIELDS (PME_ID,PFI_ID) VALUES('MET_399','FIELD_104');
INSERT INTO PI_METRIC (PME_ID,PME_NAME,PC3_ID,PME_DIMENSION,PME_UNIT) VALUES('MET_400','???','R02', 'DIM_5' ,'' );
INSERT INTO PI_METRIC_FIELDS (PME_ID,PFI_ID) VALUES('MET_400','FIELD_35');
INSERT INTO PI_METRIC_FIELDS (PME_ID,PFI_ID) VALUES('MET_400','FIELD_143');
INSERT INTO PI_METRIC (PME_ID,PME_NAME,PC3_ID,PME_DIMENSION,PME_UNIT) VALUES('MET_401','Total cost for a given process','R02', 'DIM_6' ,'$' );
INSERT INTO PI_METRIC_FIELDS (PME_ID,PFI_ID) VALUES('MET_401','FIELD_65');
INSERT INTO PI_METRIC_FIELDS (PME_ID,PFI_ID) VALUES('MET_401','FIELD_143');
INSERT INTO PI_METRIC (PME_ID,PME_NAME,PC3_ID,PME_DIMENSION,PME_UNIT) VALUES('MET_402','???','R02', 'DIM_8' ,'' );
INSERT INTO PI_METRIC_FIELDS (PME_ID,PFI_ID) VALUES('MET_402','FIELD_266');
INSERT INTO PI_METRIC_FIELDS (PME_ID,PFI_ID) VALUES('MET_402','FIELD_143');
INSERT INTO PI_METRIC (PME_ID,PME_NAME,PC3_ID,PME_DIMENSION,PME_UNIT) VALUES('MET_403','???','R02', 'DIM_10' ,'' );
INSERT INTO PI_METRIC_FIELDS (PME_ID,PFI_ID) VALUES('MET_403','FIELD_91');
INSERT INTO PI_METRIC_FIELDS (PME_ID,PFI_ID) VALUES('MET_403','FIELD_143');
INSERT INTO PI_METRIC (PME_ID,PME_NAME,PC3_ID,PME_DIMENSION,PME_UNIT) VALUES('MET_404','???','R03', 'DIM_5' ,'' );
INSERT INTO PI_METRIC_FIELDS (PME_ID,PFI_ID) VALUES('MET_404','FIELD_35');
INSERT INTO PI_METRIC_FIELDS (PME_ID,PFI_ID) VALUES('MET_404','FIELD_7');
INSERT INTO PI_METRIC (PME_ID,PME_NAME,PC3_ID,PME_DIMENSION,PME_UNIT) VALUES('MET_405','???','R03', 'DIM_6' ,'' );
INSERT INTO PI_METRIC_FIELDS (PME_ID,PFI_ID) VALUES('MET_405','FIELD_35');
INSERT INTO PI_METRIC_FIELDS (PME_ID,PFI_ID) VALUES('MET_405','FIELD_7');
INSERT INTO PI_METRIC (PME_ID,PME_NAME,PC3_ID,PME_DIMENSION,PME_UNIT) VALUES('MET_406','Value of cost reduction initiatives obtained in the current quarter resulting from Six Sigma projects.','R03', 'DIM_8' ,'$' );
INSERT INTO PI_METRIC_FIELDS (PME_ID,PFI_ID) VALUES('MET_406','FIELD_266');
INSERT INTO PI_METRIC_FIELDS (PME_ID,PFI_ID) VALUES('MET_406','FIELD_7');
INSERT INTO PI_METRIC (PME_ID,PME_NAME,PC3_ID,PME_DIMENSION,PME_UNIT) VALUES('MET_407','???','R03', 'DIM_10' ,'' );
INSERT INTO PI_METRIC_FIELDS (PME_ID,PFI_ID) VALUES('MET_407','FIELD_91');
INSERT INTO PI_METRIC_FIELDS (PME_ID,PFI_ID) VALUES('MET_407','FIELD_7');
INSERT INTO PI_METRIC (PME_ID,PME_NAME,PC3_ID,PME_DIMENSION,PME_UNIT) VALUES('MET_408','Total value of assets dedicated to a specific process','R04', 'DIM_5' ,'' );
INSERT INTO PI_METRIC_FIELDS (PME_ID,PFI_ID) VALUES('MET_408','FIELD_35');
INSERT INTO PI_METRIC_FIELDS (PME_ID,PFI_ID) VALUES('MET_408','FIELD_100');
INSERT INTO PI_METRIC (PME_ID,PME_NAME,PC3_ID,PME_DIMENSION,PME_UNIT) VALUES('MET_409','???','R04', 'DIM_6' ,'' );
INSERT INTO PI_METRIC_FIELDS (PME_ID,PFI_ID) VALUES('MET_409','FIELD_65');
INSERT INTO PI_METRIC_FIELDS (PME_ID,PFI_ID) VALUES('MET_409','FIELD_100');
INSERT INTO PI_METRIC (PME_ID,PME_NAME,PC3_ID,PME_DIMENSION,PME_UNIT) VALUES('MET_410','???','R04', 'DIM_8' ,'' );
INSERT INTO PI_METRIC_FIELDS (PME_ID,PFI_ID) VALUES('MET_410','FIELD_266');
INSERT INTO PI_METRIC_FIELDS (PME_ID,PFI_ID) VALUES('MET_410','FIELD_104');
INSERT INTO PI_METRIC (PME_ID,PME_NAME,PC3_ID,PME_DIMENSION,PME_UNIT) VALUES('MET_411','???','R04', 'DIM_10' ,'' );
INSERT INTO PI_METRIC_FIELDS (PME_ID,PFI_ID) VALUES('MET_411','FIELD_91');
INSERT INTO PI_METRIC_FIELDS (PME_ID,PFI_ID) VALUES('MET_411','FIELD_100');
INSERT INTO PI_METRIC (PME_ID,PME_NAME,PC3_ID,PME_DIMENSION,PME_UNIT) VALUES('MET_412','???','R05', 'DIM_5' ,'' );
INSERT INTO PI_METRIC_FIELDS (PME_ID,PFI_ID) VALUES('MET_412','FIELD_35');
INSERT INTO PI_METRIC_FIELDS (PME_ID,PFI_ID) VALUES('MET_412','FIELD_287');
INSERT INTO PI_METRIC (PME_ID,PME_NAME,PC3_ID,PME_DIMENSION,PME_UNIT) VALUES('MET_413','Total cost for a given validate technology process','R05', 'DIM_6' ,'$' );
INSERT INTO PI_METRIC_FIELDS (PME_ID,PFI_ID) VALUES('MET_413','FIELD_65');
INSERT INTO PI_METRIC_FIELDS (PME_ID,PFI_ID) VALUES('MET_413','FIELD_287');
INSERT INTO PI_METRIC (PME_ID,PME_NAME,PC3_ID,PME_DIMENSION,PME_UNIT) VALUES('MET_414','???','R05', 'DIM_8' ,'' );
INSERT INTO PI_METRIC_FIELDS (PME_ID,PFI_ID) VALUES('MET_414','FIELD_266');
INSERT INTO PI_METRIC_FIELDS (PME_ID,PFI_ID) VALUES('MET_414','FIELD_287');
INSERT INTO PI_METRIC (PME_ID,PME_NAME,PC3_ID,PME_DIMENSION,PME_UNIT) VALUES('MET_415','???','R05', 'DIM_10' ,'' );
INSERT INTO PI_METRIC_FIELDS (PME_ID,PFI_ID) VALUES('MET_415','FIELD_91');
INSERT INTO PI_METRIC_FIELDS (PME_ID,PFI_ID) VALUES('MET_415','FIELD_287');
INSERT INTO PI_METRIC (PME_ID,PME_NAME,PC3_ID,PME_DIMENSION,PME_UNIT) VALUES('MET_416','???','R06', 'DIM_5' ,'' );
INSERT INTO PI_METRIC_FIELDS (PME_ID,PFI_ID) VALUES('MET_416','FIELD_35');
INSERT INTO PI_METRIC_FIELDS (PME_ID,PFI_ID) VALUES('MET_416','FIELD_241');
INSERT INTO PI_METRIC (PME_ID,PME_NAME,PC3_ID,PME_DIMENSION,PME_UNIT) VALUES('MET_417','???','R06', 'DIM_8' ,'' );
INSERT INTO PI_METRIC_FIELDS (PME_ID,PFI_ID) VALUES('MET_417','FIELD_212');
INSERT INTO PI_METRIC (PME_ID,PME_NAME,PC3_ID,PME_DIMENSION,PME_UNIT) VALUES('MET_418','Total elapsed cycle time for a given process','R06', 'DIM_10' ,'Time' );
INSERT INTO PI_METRIC_FIELDS (PME_ID,PFI_ID) VALUES('MET_418','FIELD_91');
INSERT INTO PI_METRIC_FIELDS (PME_ID,PFI_ID) VALUES('MET_418','FIELD_241');
INSERT INTO PI_METRIC (PME_ID,PME_NAME,PC3_ID,PME_DIMENSION,PME_UNIT) VALUES('MET_419','???','R07', 'DIM_5' ,'' );
INSERT INTO PI_METRIC_FIELDS (PME_ID,PFI_ID) VALUES('MET_419','FIELD_35');
INSERT INTO PI_METRIC_FIELDS (PME_ID,PFI_ID) VALUES('MET_419','FIELD_282');
INSERT INTO PI_METRIC (PME_ID,PME_NAME,PC3_ID,PME_DIMENSION,PME_UNIT) VALUES('MET_420','Total cost for a given transfer technology process','R07', 'DIM_6' ,'$' );
INSERT INTO PI_METRIC_FIELDS (PME_ID,PFI_ID) VALUES('MET_420','FIELD_65');
INSERT INTO PI_METRIC_FIELDS (PME_ID,PFI_ID) VALUES('MET_420','FIELD_282');
INSERT INTO PI_METRIC (PME_ID,PME_NAME,PC3_ID,PME_DIMENSION,PME_UNIT) VALUES('MET_421','???','R07', 'DIM_8' ,'' );
INSERT INTO PI_METRIC_FIELDS (PME_ID,PFI_ID) VALUES('MET_421','FIELD_266');
INSERT INTO PI_METRIC_FIELDS (PME_ID,PFI_ID) VALUES('MET_421','FIELD_282');
INSERT INTO PI_METRIC (PME_ID,PME_NAME,PC3_ID,PME_DIMENSION,PME_UNIT) VALUES('MET_422','???','R07', 'DIM_10' ,'' );
INSERT INTO PI_METRIC_FIELDS (PME_ID,PFI_ID) VALUES('MET_422','FIELD_91');
INSERT INTO PI_METRIC_FIELDS (PME_ID,PFI_ID) VALUES('MET_422','FIELD_282');
INSERT INTO PI_METRIC (PME_ID,PME_NAME,PC3_ID,PME_DIMENSION,PME_UNIT) VALUES('MET_423','???','R08', 'DIM_5' ,'' );
INSERT INTO PI_METRIC_FIELDS (PME_ID,PFI_ID) VALUES('MET_423','FIELD_35');
INSERT INTO PI_METRIC_FIELDS (PME_ID,PFI_ID) VALUES('MET_423','FIELD_187');
INSERT INTO PI_METRIC (PME_ID,PME_NAME,PC3_ID,PME_DIMENSION,PME_UNIT) VALUES('MET_424','Value of cost reduction initiatives obtained in the current quarter resulting from Six Sigma projects.','R08', 'DIM_8' ,'$' );
INSERT INTO PI_METRIC_FIELDS (PME_ID,PFI_ID) VALUES('MET_424','FIELD_266');
INSERT INTO PI_METRIC_FIELDS (PME_ID,PFI_ID) VALUES('MET_424','FIELD_187');
INSERT INTO PI_METRIC (PME_ID,PME_NAME,PC3_ID,PME_DIMENSION,PME_UNIT) VALUES('MET_425','???','R08', 'DIM_10' ,'' );
INSERT INTO PI_METRIC_FIELDS (PME_ID,PFI_ID) VALUES('MET_425','FIELD_91');
INSERT INTO PI_METRIC_FIELDS (PME_ID,PFI_ID) VALUES('MET_425','FIELD_187');
INSERT INTO PI_METRIC (PME_ID,PME_NAME,PC3_ID,PME_DIMENSION,PME_UNIT) VALUES('MET_426','Total value of assets dedicated to a product lifecycle process','D01', 'DIM_5' ,'' );
INSERT INTO PI_METRIC_FIELDS (PME_ID,PFI_ID) VALUES('MET_426','FIELD_35');
INSERT INTO PI_METRIC_FIELDS (PME_ID,PFI_ID) VALUES('MET_426','FIELD_101');
INSERT INTO PI_METRIC (PME_ID,PME_NAME,PC3_ID,PME_DIMENSION,PME_UNIT) VALUES('MET_427','???','D01', 'DIM_6' ,'' );
INSERT INTO PI_METRIC_FIELDS (PME_ID,PFI_ID) VALUES('MET_427','FIELD_65');
INSERT INTO PI_METRIC_FIELDS (PME_ID,PFI_ID) VALUES('MET_427','FIELD_102');
INSERT INTO PI_METRIC (PME_ID,PME_NAME,PC3_ID,PME_DIMENSION,PME_UNIT) VALUES('MET_428','???','D01', 'DIM_8' ,'' );
INSERT INTO PI_METRIC_FIELDS (PME_ID,PFI_ID) VALUES('MET_428','FIELD_209');
INSERT INTO PI_METRIC (PME_ID,PME_NAME,PC3_ID,PME_DIMENSION,PME_UNIT) VALUES('MET_429','???','D01', 'DIM_10' ,'' );
INSERT INTO PI_METRIC_FIELDS (PME_ID,PFI_ID) VALUES('MET_429','FIELD_91');
INSERT INTO PI_METRIC_FIELDS (PME_ID,PFI_ID) VALUES('MET_429','FIELD_102');
INSERT INTO PI_METRIC (PME_ID,PME_NAME,PC3_ID,PME_DIMENSION,PME_UNIT) VALUES('MET_430','???','D02', 'DIM_5' ,'' );
INSERT INTO PI_METRIC_FIELDS (PME_ID,PFI_ID) VALUES('MET_430','FIELD_35');
INSERT INTO PI_METRIC_FIELDS (PME_ID,PFI_ID) VALUES('MET_430','FIELD_263');
INSERT INTO PI_METRIC (PME_ID,PME_NAME,PC3_ID,PME_DIMENSION,PME_UNIT) VALUES('MET_431','???','D02', 'DIM_6' ,'' );
INSERT INTO PI_METRIC_FIELDS (PME_ID,PFI_ID) VALUES('MET_431','FIELD_65');
INSERT INTO PI_METRIC_FIELDS (PME_ID,PFI_ID) VALUES('MET_431','FIELD_263');
INSERT INTO PI_METRIC (PME_ID,PME_NAME,PC3_ID,PME_DIMENSION,PME_UNIT) VALUES('MET_432','???','D02', 'DIM_8' ,'' );
INSERT INTO PI_METRIC_FIELDS (PME_ID,PFI_ID) VALUES('MET_432','FIELD_266');
INSERT INTO PI_METRIC_FIELDS (PME_ID,PFI_ID) VALUES('MET_432','FIELD_263');
INSERT INTO PI_METRIC (PME_ID,PME_NAME,PC3_ID,PME_DIMENSION,PME_UNIT) VALUES('MET_433','Total elapsed cycle time for a given technlogy process','D02', 'DIM_10' ,'Time' );
INSERT INTO PI_METRIC_FIELDS (PME_ID,PFI_ID) VALUES('MET_433','FIELD_91');
INSERT INTO PI_METRIC_FIELDS (PME_ID,PFI_ID) VALUES('MET_433','FIELD_263');
INSERT INTO PI_METRIC (PME_ID,PME_NAME,PC3_ID,PME_DIMENSION,PME_UNIT) VALUES('MET_434','???','D03', 'DIM_3' ,'' );
INSERT INTO PI_METRIC_FIELDS (PME_ID,PFI_ID) VALUES('MET_434','FIELD_270');
INSERT INTO PI_METRIC (PME_ID,PME_NAME,PC3_ID,PME_DIMENSION,PME_UNIT) VALUES('MET_435','???','D03', 'DIM_5' ,'' );
INSERT INTO PI_METRIC_FIELDS (PME_ID,PFI_ID) VALUES('MET_435','FIELD_35');
INSERT INTO PI_METRIC_FIELDS (PME_ID,PFI_ID) VALUES('MET_435','FIELD_110');
INSERT INTO PI_METRIC (PME_ID,PME_NAME,PC3_ID,PME_DIMENSION,PME_UNIT) VALUES('MET_436','???','D03', 'DIM_6' ,'' );
INSERT INTO PI_METRIC_FIELDS (PME_ID,PFI_ID) VALUES('MET_436','FIELD_69');
INSERT INTO PI_METRIC (PME_ID,PME_NAME,PC3_ID,PME_DIMENSION,PME_UNIT) VALUES('MET_437','Average number of components per product','D03', 'DIM_8' ,'#' );
INSERT INTO PI_METRIC_FIELDS (PME_ID,PFI_ID) VALUES('MET_437','FIELD_37');
INSERT INTO PI_METRIC (PME_ID,PME_NAME,PC3_ID,PME_DIMENSION,PME_UNIT) VALUES('MET_438','???','D03', 'DIM_9' ,'' );
INSERT INTO PI_METRIC_FIELDS (PME_ID,PFI_ID) VALUES('MET_438','FIELD_211');
INSERT INTO PI_METRIC (PME_ID,PME_NAME,PC3_ID,PME_DIMENSION,PME_UNIT) VALUES('MET_439','???','D03', 'DIM_10' ,'' );
INSERT INTO PI_METRIC_FIELDS (PME_ID,PFI_ID) VALUES('MET_439','FIELD_91');
INSERT INTO PI_METRIC_FIELDS (PME_ID,PFI_ID) VALUES('MET_439','FIELD_110');
INSERT INTO PI_METRIC (PME_ID,PME_NAME,PC3_ID,PME_DIMENSION,PME_UNIT) VALUES('MET_440','Average number of components per product','D04', 'DIM_3' ,'#' );
INSERT INTO PI_METRIC_FIELDS (PME_ID,PFI_ID) VALUES('MET_440','FIELD_117');
INSERT INTO PI_METRIC (PME_ID,PME_NAME,PC3_ID,PME_DIMENSION,PME_UNIT) VALUES('MET_441','???','D04', 'DIM_5' ,'' );
INSERT INTO PI_METRIC_FIELDS (PME_ID,PFI_ID) VALUES('MET_441','FIELD_35');
INSERT INTO PI_METRIC_FIELDS (PME_ID,PFI_ID) VALUES('MET_441','FIELD_109');
INSERT INTO PI_METRIC (PME_ID,PME_NAME,PC3_ID,PME_DIMENSION,PME_UNIT) VALUES('MET_442','???','D04', 'DIM_6' ,'' );
INSERT INTO PI_METRIC_FIELDS (PME_ID,PFI_ID) VALUES('MET_442','FIELD_65');
INSERT INTO PI_METRIC_FIELDS (PME_ID,PFI_ID) VALUES('MET_442','FIELD_109');
INSERT INTO PI_METRIC (PME_ID,PME_NAME,PC3_ID,PME_DIMENSION,PME_UNIT) VALUES('MET_443','???','D04', 'DIM_8' ,'' );
INSERT INTO PI_METRIC_FIELDS (PME_ID,PFI_ID) VALUES('MET_443','FIELD_266');
INSERT INTO PI_METRIC_FIELDS (PME_ID,PFI_ID) VALUES('MET_443','FIELD_109');
INSERT INTO PI_METRIC (PME_ID,PME_NAME,PC3_ID,PME_DIMENSION,PME_UNIT) VALUES('MET_444','???','D04', 'DIM_9' ,'' );
INSERT INTO PI_METRIC_FIELDS (PME_ID,PFI_ID) VALUES('MET_444','FIELD_294');
INSERT INTO PI_METRIC (PME_ID,PME_NAME,PC3_ID,PME_DIMENSION,PME_UNIT) VALUES('MET_445','???','D04', 'DIM_10' ,'' );
INSERT INTO PI_METRIC_FIELDS (PME_ID,PFI_ID) VALUES('MET_445','FIELD_91');
INSERT INTO PI_METRIC_FIELDS (PME_ID,PFI_ID) VALUES('MET_445','FIELD_109');
INSERT INTO PI_METRIC (PME_ID,PME_NAME,PC3_ID,PME_DIMENSION,PME_UNIT) VALUES('MET_446','???','D05', 'DIM_5' ,'' );
INSERT INTO PI_METRIC_FIELDS (PME_ID,PFI_ID) VALUES('MET_446','FIELD_35');
INSERT INTO PI_METRIC_FIELDS (PME_ID,PFI_ID) VALUES('MET_446','FIELD_286');
INSERT INTO PI_METRIC (PME_ID,PME_NAME,PC3_ID,PME_DIMENSION,PME_UNIT) VALUES('MET_447','???','D05', 'DIM_6' ,'' );
INSERT INTO PI_METRIC_FIELDS (PME_ID,PFI_ID) VALUES('MET_447','FIELD_65');
INSERT INTO PI_METRIC_FIELDS (PME_ID,PFI_ID) VALUES('MET_447','FIELD_285');
INSERT INTO PI_METRIC (PME_ID,PME_NAME,PC3_ID,PME_DIMENSION,PME_UNIT) VALUES('MET_448','???','D05', 'DIM_8' ,'' );
INSERT INTO PI_METRIC_FIELDS (PME_ID,PFI_ID) VALUES('MET_448','FIELD_220');
INSERT INTO PI_METRIC (PME_ID,PME_NAME,PC3_ID,PME_DIMENSION,PME_UNIT) VALUES('MET_449','Number of failures during product validation','D05', 'DIM_9' ,'#' );
INSERT INTO PI_METRIC_FIELDS (PME_ID,PFI_ID) VALUES('MET_449','FIELD_39');
INSERT INTO PI_METRIC (PME_ID,PME_NAME,PC3_ID,PME_DIMENSION,PME_UNIT) VALUES('MET_450','???','D05', 'DIM_10' ,'' );
INSERT INTO PI_METRIC_FIELDS (PME_ID,PFI_ID) VALUES('MET_450','FIELD_91');
INSERT INTO PI_METRIC_FIELDS (PME_ID,PFI_ID) VALUES('MET_450','FIELD_285');
INSERT INTO PI_METRIC (PME_ID,PME_NAME,PC3_ID,PME_DIMENSION,PME_UNIT) VALUES('MET_451','???','D06', 'DIM_5' ,'' );
INSERT INTO PI_METRIC_FIELDS (PME_ID,PFI_ID) VALUES('MET_451','FIELD_35');
INSERT INTO PI_METRIC_FIELDS (PME_ID,PFI_ID) VALUES('MET_451','FIELD_16');
INSERT INTO PI_METRIC (PME_ID,PME_NAME,PC3_ID,PME_DIMENSION,PME_UNIT) VALUES('MET_452','Total cost for value chain process','D06', 'DIM_6' ,'$' );
INSERT INTO PI_METRIC_FIELDS (PME_ID,PFI_ID) VALUES('MET_452','FIELD_65');
INSERT INTO PI_METRIC_FIELDS (PME_ID,PFI_ID) VALUES('MET_452','FIELD_16');
INSERT INTO PI_METRIC (PME_ID,PME_NAME,PC3_ID,PME_DIMENSION,PME_UNIT) VALUES('MET_453','Patents issued','D06', 'DIM_8' ,'' );
INSERT INTO PI_METRIC_FIELDS (PME_ID,PFI_ID) VALUES('MET_453','FIELD_266');
INSERT INTO PI_METRIC_FIELDS (PME_ID,PFI_ID) VALUES('MET_453','FIELD_16');
INSERT INTO PI_METRIC (PME_ID,PME_NAME,PC3_ID,PME_DIMENSION,PME_UNIT) VALUES('MET_454','???','D06', 'DIM_10' ,'' );
INSERT INTO PI_METRIC_FIELDS (PME_ID,PFI_ID) VALUES('MET_454','FIELD_91');
INSERT INTO PI_METRIC_FIELDS (PME_ID,PFI_ID) VALUES('MET_454','FIELD_16');
INSERT INTO PI_METRIC (PME_ID,PME_NAME,PC3_ID,PME_DIMENSION,PME_UNIT) VALUES('MET_455','Total value of assets dedicated to a product lifecycle process','D07', 'DIM_5' ,'' );
INSERT INTO PI_METRIC_FIELDS (PME_ID,PFI_ID) VALUES('MET_455','FIELD_35');
INSERT INTO PI_METRIC_FIELDS (PME_ID,PFI_ID) VALUES('MET_455','FIELD_101');
INSERT INTO PI_METRIC (PME_ID,PME_NAME,PC3_ID,PME_DIMENSION,PME_UNIT) VALUES('MET_456','???','D07', 'DIM_6' ,'' );
INSERT INTO PI_METRIC_FIELDS (PME_ID,PFI_ID) VALUES('MET_456','FIELD_65');
INSERT INTO PI_METRIC_FIELDS (PME_ID,PFI_ID) VALUES('MET_456','FIELD_101');
INSERT INTO PI_METRIC (PME_ID,PME_NAME,PC3_ID,PME_DIMENSION,PME_UNIT) VALUES('MET_457','???','D07', 'DIM_8' ,'' );
INSERT INTO PI_METRIC_FIELDS (PME_ID,PFI_ID) VALUES('MET_457','FIELD_266');
INSERT INTO PI_METRIC_FIELDS (PME_ID,PFI_ID) VALUES('MET_457','FIELD_101');
INSERT INTO PI_METRIC (PME_ID,PME_NAME,PC3_ID,PME_DIMENSION,PME_UNIT) VALUES('MET_458','???','D07', 'DIM_10' ,'' );
INSERT INTO PI_METRIC_FIELDS (PME_ID,PFI_ID) VALUES('MET_458','FIELD_91');
INSERT INTO PI_METRIC_FIELDS (PME_ID,PFI_ID) VALUES('MET_458','FIELD_101');
INSERT INTO PI_METRIC (PME_ID,PME_NAME,PC3_ID,PME_DIMENSION,PME_UNIT) VALUES('MET_459','???','D08', 'DIM_5' ,'' );
INSERT INTO PI_METRIC_FIELDS (PME_ID,PFI_ID) VALUES('MET_459','FIELD_35');
INSERT INTO PI_METRIC_FIELDS (PME_ID,PFI_ID) VALUES('MET_459','FIELD_195');
INSERT INTO PI_METRIC (PME_ID,PME_NAME,PC3_ID,PME_DIMENSION,PME_UNIT) VALUES('MET_460','???','D08', 'DIM_6' ,'' );
INSERT INTO PI_METRIC_FIELDS (PME_ID,PFI_ID) VALUES('MET_460','FIELD_65');
INSERT INTO PI_METRIC_FIELDS (PME_ID,PFI_ID) VALUES('MET_460','FIELD_195');
INSERT INTO PI_METRIC (PME_ID,PME_NAME,PC3_ID,PME_DIMENSION,PME_UNIT) VALUES('MET_461','Number of customer complaints per day','D08', 'DIM_7' ,'#' );
INSERT INTO PI_METRIC_FIELDS (PME_ID,PFI_ID) VALUES('MET_461','FIELD_208');
INSERT INTO PI_METRIC (PME_ID,PME_NAME,PC3_ID,PME_DIMENSION,PME_UNIT) VALUES('MET_462','???','D08', 'DIM_8' ,'' );
INSERT INTO PI_METRIC_FIELDS (PME_ID,PFI_ID) VALUES('MET_462','FIELD_139');
INSERT INTO PI_METRIC (PME_ID,PME_NAME,PC3_ID,PME_DIMENSION,PME_UNIT) VALUES('MET_463','???','D08', 'DIM_9' ,'' );
INSERT INTO PI_METRIC_FIELDS (PME_ID,PFI_ID) VALUES('MET_463','FIELD_233');
INSERT INTO PI_METRIC (PME_ID,PME_NAME,PC3_ID,PME_DIMENSION,PME_UNIT) VALUES('MET_464','???','D08', 'DIM_10' ,'' );
INSERT INTO PI_METRIC_FIELDS (PME_ID,PFI_ID) VALUES('MET_464','FIELD_91');
INSERT INTO PI_METRIC_FIELDS (PME_ID,PFI_ID) VALUES('MET_464','FIELD_195');
INSERT INTO PI_METRIC (PME_ID,PME_NAME,PC3_ID,PME_DIMENSION,PME_UNIT) VALUES('MET_465','???','A01', 'DIM_5' ,'' );
INSERT INTO PI_METRIC_FIELDS (PME_ID,PFI_ID) VALUES('MET_465','FIELD_35');
INSERT INTO PI_METRIC_FIELDS (PME_ID,PFI_ID) VALUES('MET_465','FIELD_243');
INSERT INTO PI_METRIC (PME_ID,PME_NAME,PC3_ID,PME_DIMENSION,PME_UNIT) VALUES('MET_466','???','A01', 'DIM_6' ,'' );
INSERT INTO PI_METRIC_FIELDS (PME_ID,PFI_ID) VALUES('MET_466','FIELD_65');
INSERT INTO PI_METRIC_FIELDS (PME_ID,PFI_ID) VALUES('MET_466','FIELD_243');
INSERT INTO PI_METRIC (PME_ID,PME_NAME,PC3_ID,PME_DIMENSION,PME_UNIT) VALUES('MET_467','???','A01', 'DIM_8' ,'' );
INSERT INTO PI_METRIC_FIELDS (PME_ID,PFI_ID) VALUES('MET_467','FIELD_266');
INSERT INTO PI_METRIC_FIELDS (PME_ID,PFI_ID) VALUES('MET_467','FIELD_243');
INSERT INTO PI_METRIC (PME_ID,PME_NAME,PC3_ID,PME_DIMENSION,PME_UNIT) VALUES('MET_468','???','A01', 'DIM_10' ,'' );
INSERT INTO PI_METRIC_FIELDS (PME_ID,PFI_ID) VALUES('MET_468','FIELD_91');
INSERT INTO PI_METRIC_FIELDS (PME_ID,PFI_ID) VALUES('MET_468','FIELD_243');
INSERT INTO PI_METRIC (PME_ID,PME_NAME,PC3_ID,PME_DIMENSION,PME_UNIT) VALUES('MET_469','???','A02', 'DIM_5' ,'' );
INSERT INTO PI_METRIC_FIELDS (PME_ID,PFI_ID) VALUES('MET_469','FIELD_35');
INSERT INTO PI_METRIC_FIELDS (PME_ID,PFI_ID) VALUES('MET_469','FIELD_193');
INSERT INTO PI_METRIC (PME_ID,PME_NAME,PC3_ID,PME_DIMENSION,PME_UNIT) VALUES('MET_470','Cost related to the identification of potential suppliers in order to build or provide services to the end customers.','A02', 'DIM_6' ,'$' );
INSERT INTO PI_METRIC_FIELDS (PME_ID,PFI_ID) VALUES('MET_470','FIELD_65');
INSERT INTO PI_METRIC_FIELDS (PME_ID,PFI_ID) VALUES('MET_470','FIELD_193');
INSERT INTO PI_METRIC (PME_ID,PME_NAME,PC3_ID,PME_DIMENSION,PME_UNIT) VALUES('MET_471','???','A02', 'DIM_8' ,'' );
INSERT INTO PI_METRIC_FIELDS (PME_ID,PFI_ID) VALUES('MET_471','FIELD_266');
INSERT INTO PI_METRIC_FIELDS (PME_ID,PFI_ID) VALUES('MET_471','FIELD_193');
INSERT INTO PI_METRIC (PME_ID,PME_NAME,PC3_ID,PME_DIMENSION,PME_UNIT) VALUES('MET_472','???','A02', 'DIM_10' ,'' );
INSERT INTO PI_METRIC_FIELDS (PME_ID,PFI_ID) VALUES('MET_472','FIELD_91');
INSERT INTO PI_METRIC_FIELDS (PME_ID,PFI_ID) VALUES('MET_472','FIELD_193');
INSERT INTO PI_METRIC (PME_ID,PME_NAME,PC3_ID,PME_DIMENSION,PME_UNIT) VALUES('MET_473','???','A03', 'DIM_5' ,'' );
INSERT INTO PI_METRIC_FIELDS (PME_ID,PFI_ID) VALUES('MET_473','FIELD_35');
INSERT INTO PI_METRIC_FIELDS (PME_ID,PFI_ID) VALUES('MET_473','FIELD_128');
INSERT INTO PI_METRIC (PME_ID,PME_NAME,PC3_ID,PME_DIMENSION,PME_UNIT) VALUES('MET_474','Cost for Customer training process','A03', 'DIM_6' ,'$' );
INSERT INTO PI_METRIC_FIELDS (PME_ID,PFI_ID) VALUES('MET_474','FIELD_65');
INSERT INTO PI_METRIC_FIELDS (PME_ID,PFI_ID) VALUES('MET_474','FIELD_128');
INSERT INTO PI_METRIC (PME_ID,PME_NAME,PC3_ID,PME_DIMENSION,PME_UNIT) VALUES('MET_475','???','A03', 'DIM_8' ,'' );
INSERT INTO PI_METRIC_FIELDS (PME_ID,PFI_ID) VALUES('MET_475','FIELD_266');
INSERT INTO PI_METRIC_FIELDS (PME_ID,PFI_ID) VALUES('MET_475','FIELD_128');
INSERT INTO PI_METRIC (PME_ID,PME_NAME,PC3_ID,PME_DIMENSION,PME_UNIT) VALUES('MET_476','???','A03', 'DIM_9' ,'' );
INSERT INTO PI_METRIC_FIELDS (PME_ID,PFI_ID) VALUES('MET_476','FIELD_273');
INSERT INTO PI_METRIC (PME_ID,PME_NAME,PC3_ID,PME_DIMENSION,PME_UNIT) VALUES('MET_477','???','A03', 'DIM_10' ,'' );
INSERT INTO PI_METRIC_FIELDS (PME_ID,PFI_ID) VALUES('MET_477','FIELD_91');
INSERT INTO PI_METRIC_FIELDS (PME_ID,PFI_ID) VALUES('MET_477','FIELD_128');
INSERT INTO PI_METRIC (PME_ID,PME_NAME,PC3_ID,PME_DIMENSION,PME_UNIT) VALUES('MET_478','???','A04', 'DIM_2' ,'' );
INSERT INTO PI_METRIC_FIELDS (PME_ID,PFI_ID) VALUES('MET_478','FIELD_242');
INSERT INTO PI_METRIC (PME_ID,PME_NAME,PC3_ID,PME_DIMENSION,PME_UNIT) VALUES('MET_479','???','A04', 'DIM_5' ,'' );
INSERT INTO PI_METRIC_FIELDS (PME_ID,PFI_ID) VALUES('MET_479','FIELD_35');
INSERT INTO PI_METRIC_FIELDS (PME_ID,PFI_ID) VALUES('MET_479','FIELD_203');
INSERT INTO PI_METRIC (PME_ID,PME_NAME,PC3_ID,PME_DIMENSION,PME_UNIT) VALUES('MET_480','???','A04', 'DIM_6' ,'' );
INSERT INTO PI_METRIC_FIELDS (PME_ID,PFI_ID) VALUES('MET_480','FIELD_65');
INSERT INTO PI_METRIC_FIELDS (PME_ID,PFI_ID) VALUES('MET_480','FIELD_203');
INSERT INTO PI_METRIC (PME_ID,PME_NAME,PC3_ID,PME_DIMENSION,PME_UNIT) VALUES('MET_481','???','A04', 'DIM_8' ,'' );
INSERT INTO PI_METRIC_FIELDS (PME_ID,PFI_ID) VALUES('MET_481','FIELD_266');
INSERT INTO PI_METRIC_FIELDS (PME_ID,PFI_ID) VALUES('MET_481','FIELD_203');
INSERT INTO PI_METRIC (PME_ID,PME_NAME,PC3_ID,PME_DIMENSION,PME_UNIT) VALUES('MET_482','Number of negotiated agreements with customer without error/change.','A04', 'DIM_9' ,'#' );
INSERT INTO PI_METRIC_FIELDS (PME_ID,PFI_ID) VALUES('MET_482','FIELD_204');
INSERT INTO PI_METRIC (PME_ID,PME_NAME,PC3_ID,PME_DIMENSION,PME_UNIT) VALUES('MET_483','???','A04', 'DIM_10' ,'' );
INSERT INTO PI_METRIC_FIELDS (PME_ID,PFI_ID) VALUES('MET_483','FIELD_91');
INSERT INTO PI_METRIC_FIELDS (PME_ID,PFI_ID) VALUES('MET_483','FIELD_203');
INSERT INTO PI_METRIC (PME_ID,PME_NAME,PC3_ID,PME_DIMENSION,PME_UNIT) VALUES('MET_484','Total number of days engineering changes impacts the delivery date.','A05', 'DIM_2' ,'Days' );
INSERT INTO PI_METRIC_FIELDS (PME_ID,PFI_ID) VALUES('MET_484','FIELD_126');
INSERT INTO PI_METRIC (PME_ID,PME_NAME,PC3_ID,PME_DIMENSION,PME_UNIT) VALUES('MET_485','???','A05', 'DIM_5' ,'' );
INSERT INTO PI_METRIC_FIELDS (PME_ID,PFI_ID) VALUES('MET_485','FIELD_35');
INSERT INTO PI_METRIC_FIELDS (PME_ID,PFI_ID) VALUES('MET_485','FIELD_221');
INSERT INTO PI_METRIC (PME_ID,PME_NAME,PC3_ID,PME_DIMENSION,PME_UNIT) VALUES('MET_486','???','A05', 'DIM_6' ,'' );
INSERT INTO PI_METRIC_FIELDS (PME_ID,PFI_ID) VALUES('MET_486','FIELD_65');
INSERT INTO PI_METRIC_FIELDS (PME_ID,PFI_ID) VALUES('MET_486','FIELD_221');
INSERT INTO PI_METRIC (PME_ID,PME_NAME,PC3_ID,PME_DIMENSION,PME_UNIT) VALUES('MET_487','???','A05', 'DIM_8' ,'' );
INSERT INTO PI_METRIC_FIELDS (PME_ID,PFI_ID) VALUES('MET_487','FIELD_266');
INSERT INTO PI_METRIC_FIELDS (PME_ID,PFI_ID) VALUES('MET_487','FIELD_221');
INSERT INTO PI_METRIC (PME_ID,PME_NAME,PC3_ID,PME_DIMENSION,PME_UNIT) VALUES('MET_488','???','A05', 'DIM_10' ,'' );
INSERT INTO PI_METRIC_FIELDS (PME_ID,PFI_ID) VALUES('MET_488','FIELD_91');
INSERT INTO PI_METRIC_FIELDS (PME_ID,PFI_ID) VALUES('MET_488','FIELD_221');
INSERT INTO PI_METRIC (PME_ID,PME_NAME,PC3_ID,PME_DIMENSION,PME_UNIT) VALUES('MET_489','???','A06', 'DIM_5' ,'' );
INSERT INTO PI_METRIC_FIELDS (PME_ID,PFI_ID) VALUES('MET_489','FIELD_35');
INSERT INTO PI_METRIC_FIELDS (PME_ID,PFI_ID) VALUES('MET_489','FIELD_248');
INSERT INTO PI_METRIC (PME_ID,PME_NAME,PC3_ID,PME_DIMENSION,PME_UNIT) VALUES('MET_490','???','A06', 'DIM_6' ,'' );
INSERT INTO PI_METRIC_FIELDS (PME_ID,PFI_ID) VALUES('MET_490','FIELD_65');
INSERT INTO PI_METRIC_FIELDS (PME_ID,PFI_ID) VALUES('MET_490','FIELD_248');
INSERT INTO PI_METRIC (PME_ID,PME_NAME,PC3_ID,PME_DIMENSION,PME_UNIT) VALUES('MET_491','???','A06', 'DIM_8' ,'' );
INSERT INTO PI_METRIC_FIELDS (PME_ID,PFI_ID) VALUES('MET_491','FIELD_266');
INSERT INTO PI_METRIC_FIELDS (PME_ID,PFI_ID) VALUES('MET_491','FIELD_248');
INSERT INTO PI_METRIC (PME_ID,PME_NAME,PC3_ID,PME_DIMENSION,PME_UNIT) VALUES('MET_492','The percentage of orders or order lines received without error by supplier or location.','A06', 'DIM_9' ,'%' );
INSERT INTO PI_METRIC_FIELDS (PME_ID,PFI_ID) VALUES('MET_492','FIELD_82');
INSERT INTO PI_METRIC (PME_ID,PME_NAME,PC3_ID,PME_DIMENSION,PME_UNIT) VALUES('MET_493','???','A06', 'DIM_10' ,'' );
INSERT INTO PI_METRIC_FIELDS (PME_ID,PFI_ID) VALUES('MET_493','FIELD_6');
INSERT INTO PI_METRIC (PME_ID,PME_NAME,PC3_ID,PME_DIMENSION,PME_UNIT) VALUES('MET_494','???','A07', 'DIM_5' ,'' );
INSERT INTO PI_METRIC_FIELDS (PME_ID,PFI_ID) VALUES('MET_494','FIELD_35');
INSERT INTO PI_METRIC_FIELDS (PME_ID,PFI_ID) VALUES('MET_494','FIELD_290');
INSERT INTO PI_METRIC (PME_ID,PME_NAME,PC3_ID,PME_DIMENSION,PME_UNIT) VALUES('MET_495','???','A07', 'DIM_6' ,'' );
INSERT INTO PI_METRIC_FIELDS (PME_ID,PFI_ID) VALUES('MET_495','FIELD_65');
INSERT INTO PI_METRIC_FIELDS (PME_ID,PFI_ID) VALUES('MET_495','FIELD_290');
INSERT INTO PI_METRIC (PME_ID,PME_NAME,PC3_ID,PME_DIMENSION,PME_UNIT) VALUES('MET_496','???','A07', 'DIM_8' ,'' );
INSERT INTO PI_METRIC_FIELDS (PME_ID,PFI_ID) VALUES('MET_496','FIELD_266');
INSERT INTO PI_METRIC_FIELDS (PME_ID,PFI_ID) VALUES('MET_496','FIELD_290');
INSERT INTO PI_METRIC (PME_ID,PME_NAME,PC3_ID,PME_DIMENSION,PME_UNIT) VALUES('MET_497','Cycle time of product quality validation process','A07', 'DIM_10' ,'Time' );
INSERT INTO PI_METRIC_FIELDS (PME_ID,PFI_ID) VALUES('MET_497','FIELD_91');
INSERT INTO PI_METRIC_FIELDS (PME_ID,PFI_ID) VALUES('MET_497','FIELD_290');
INSERT INTO PI_METRIC (PME_ID,PME_NAME,PC3_ID,PME_DIMENSION,PME_UNIT) VALUES('MET_498','???','A08', 'DIM_5' ,'' );
INSERT INTO PI_METRIC_FIELDS (PME_ID,PFI_ID) VALUES('MET_498','FIELD_35');
INSERT INTO PI_METRIC_FIELDS (PME_ID,PFI_ID) VALUES('MET_498','FIELD_281');
INSERT INTO PI_METRIC (PME_ID,PME_NAME,PC3_ID,PME_DIMENSION,PME_UNIT) VALUES('MET_499','Cost of space used for storage of production materials.','A08', 'DIM_6' ,'$' );
INSERT INTO PI_METRIC_FIELDS (PME_ID,PFI_ID) VALUES('MET_499','FIELD_65');
INSERT INTO PI_METRIC_FIELDS (PME_ID,PFI_ID) VALUES('MET_499','FIELD_281');
INSERT INTO PI_METRIC (PME_ID,PME_NAME,PC3_ID,PME_DIMENSION,PME_UNIT) VALUES('MET_500','???','A08', 'DIM_8' ,'' );
INSERT INTO PI_METRIC_FIELDS (PME_ID,PFI_ID) VALUES('MET_500','FIELD_266');
INSERT INTO PI_METRIC_FIELDS (PME_ID,PFI_ID) VALUES('MET_500','FIELD_281');
INSERT INTO PI_METRIC (PME_ID,PME_NAME,PC3_ID,PME_DIMENSION,PME_UNIT) VALUES('MET_501','???','A08', 'DIM_9' ,'' );
INSERT INTO PI_METRIC_FIELDS (PME_ID,PFI_ID) VALUES('MET_501','FIELD_59');
INSERT INTO PI_METRIC (PME_ID,PME_NAME,PC3_ID,PME_DIMENSION,PME_UNIT) VALUES('MET_502','???','A08', 'DIM_10' ,'' );
INSERT INTO PI_METRIC_FIELDS (PME_ID,PFI_ID) VALUES('MET_502','FIELD_91');
INSERT INTO PI_METRIC_FIELDS (PME_ID,PFI_ID) VALUES('MET_502','FIELD_281');
INSERT INTO PI_METRIC (PME_ID,PME_NAME,PC3_ID,PME_DIMENSION,PME_UNIT) VALUES('MET_503','???','A09', 'DIM_5' ,'' );
INSERT INTO PI_METRIC_FIELDS (PME_ID,PFI_ID) VALUES('MET_503','FIELD_35');
INSERT INTO PI_METRIC_FIELDS (PME_ID,PFI_ID) VALUES('MET_503','FIELD_36');
INSERT INTO PI_METRIC (PME_ID,PME_NAME,PC3_ID,PME_DIMENSION,PME_UNIT) VALUES('MET_504','???','A09', 'DIM_6' ,'' );
INSERT INTO PI_METRIC_FIELDS (PME_ID,PFI_ID) VALUES('MET_504','FIELD_72');
INSERT INTO PI_METRIC_FIELDS (PME_ID,PFI_ID) VALUES('MET_504','FIELD_272');
INSERT INTO PI_METRIC (PME_ID,PME_NAME,PC3_ID,PME_DIMENSION,PME_UNIT) VALUES('MET_505','???','A09', 'DIM_8' ,'' );
INSERT INTO PI_METRIC_FIELDS (PME_ID,PFI_ID) VALUES('MET_505','FIELD_266');
INSERT INTO PI_METRIC_FIELDS (PME_ID,PFI_ID) VALUES('MET_505','FIELD_36');
INSERT INTO PI_METRIC (PME_ID,PME_NAME,PC3_ID,PME_DIMENSION,PME_UNIT) VALUES('MET_506','A company''s average payable period','A09', 'DIM_10' ,'' );
INSERT INTO PI_METRIC_FIELDS (PME_ID,PFI_ID) VALUES('MET_506','FIELD_5');
INSERT INTO PI_METRIC_FIELDS (PME_ID,PFI_ID) VALUES('MET_506','FIELD_92');
INSERT INTO PI_METRIC (PME_ID,PME_NAME,PC3_ID,PME_DIMENSION,PME_UNIT) VALUES('MET_507','Actual machine output as a percentage of output specifications','B01', 'DIM_5' ,'%' );
INSERT INTO PI_METRIC_FIELDS (PME_ID,PFI_ID) VALUES('MET_507','FIELD_35');
INSERT INTO PI_METRIC_FIELDS (PME_ID,PFI_ID) VALUES('MET_507','FIELD_260');
INSERT INTO PI_METRIC (PME_ID,PME_NAME,PC3_ID,PME_DIMENSION,PME_UNIT) VALUES('MET_508','Total cost for a given proces','B01', 'DIM_6' ,'$' );
INSERT INTO PI_METRIC_FIELDS (PME_ID,PFI_ID) VALUES('MET_508','FIELD_65');
INSERT INTO PI_METRIC_FIELDS (PME_ID,PFI_ID) VALUES('MET_508','FIELD_260');
INSERT INTO PI_METRIC (PME_ID,PME_NAME,PC3_ID,PME_DIMENSION,PME_UNIT) VALUES('MET_509','???','B01', 'DIM_8' ,'' );
INSERT INTO PI_METRIC_FIELDS (PME_ID,PFI_ID) VALUES('MET_509','FIELD_266');
INSERT INTO PI_METRIC_FIELDS (PME_ID,PFI_ID) VALUES('MET_509','FIELD_260');
INSERT INTO PI_METRIC (PME_ID,PME_NAME,PC3_ID,PME_DIMENSION,PME_UNIT) VALUES('MET_510','???','B01', 'DIM_9' ,'' );
INSERT INTO PI_METRIC_FIELDS (PME_ID,PFI_ID) VALUES('MET_510','FIELD_234');
INSERT INTO PI_METRIC (PME_ID,PME_NAME,PC3_ID,PME_DIMENSION,PME_UNIT) VALUES('MET_511','???','B01', 'DIM_10' ,'' );
INSERT INTO PI_METRIC_FIELDS (PME_ID,PFI_ID) VALUES('MET_511','FIELD_91');
INSERT INTO PI_METRIC_FIELDS (PME_ID,PFI_ID) VALUES('MET_511','FIELD_260');
INSERT INTO PI_METRIC (PME_ID,PME_NAME,PC3_ID,PME_DIMENSION,PME_UNIT) VALUES('MET_512','Total management cost for work in process inventory','B02', 'DIM_5' ,'$' );
INSERT INTO PI_METRIC_FIELDS (PME_ID,PFI_ID) VALUES('MET_512','FIELD_35');
INSERT INTO PI_METRIC_FIELDS (PME_ID,PFI_ID) VALUES('MET_512','FIELD_192');
INSERT INTO PI_METRIC (PME_ID,PME_NAME,PC3_ID,PME_DIMENSION,PME_UNIT) VALUES('MET_513','???','B02', 'DIM_6' ,'' );
INSERT INTO PI_METRIC_FIELDS (PME_ID,PFI_ID) VALUES('MET_513','FIELD_65');
INSERT INTO PI_METRIC_FIELDS (PME_ID,PFI_ID) VALUES('MET_513','FIELD_192');
INSERT INTO PI_METRIC (PME_ID,PME_NAME,PC3_ID,PME_DIMENSION,PME_UNIT) VALUES('MET_514','???','B02', 'DIM_8' ,'' );
INSERT INTO PI_METRIC_FIELDS (PME_ID,PFI_ID) VALUES('MET_514','FIELD_266');
INSERT INTO PI_METRIC_FIELDS (PME_ID,PFI_ID) VALUES('MET_514','FIELD_192');
INSERT INTO PI_METRIC (PME_ID,PME_NAME,PC3_ID,PME_DIMENSION,PME_UNIT) VALUES('MET_515','???','B02', 'DIM_9' ,'' );
INSERT INTO PI_METRIC_FIELDS (PME_ID,PFI_ID) VALUES('MET_515','FIELD_213');
INSERT INTO PI_METRIC_FIELDS (PME_ID,PFI_ID) VALUES('MET_515','FIELD_272');
INSERT INTO PI_METRIC (PME_ID,PME_NAME,PC3_ID,PME_DIMENSION,PME_UNIT) VALUES('MET_516','???','B02', 'DIM_10' ,'' );
INSERT INTO PI_METRIC_FIELDS (PME_ID,PFI_ID) VALUES('MET_516','FIELD_91');
INSERT INTO PI_METRIC_FIELDS (PME_ID,PFI_ID) VALUES('MET_516','FIELD_192');
INSERT INTO PI_METRIC (PME_ID,PME_NAME,PC3_ID,PME_DIMENSION,PME_UNIT) VALUES('MET_517','???','B03', 'DIM_2' ,'' );
INSERT INTO PI_METRIC_FIELDS (PME_ID,PFI_ID) VALUES('MET_517','FIELD_121');
INSERT INTO PI_METRIC (PME_ID,PME_NAME,PC3_ID,PME_DIMENSION,PME_UNIT) VALUES('MET_518','Actual machine output as a percentage of output specifications','B03', 'DIM_5' ,'%' );
INSERT INTO PI_METRIC_FIELDS (PME_ID,PFI_ID) VALUES('MET_518','FIELD_35');
INSERT INTO PI_METRIC_FIELDS (PME_ID,PFI_ID) VALUES('MET_518','FIELD_48');
INSERT INTO PI_METRIC (PME_ID,PME_NAME,PC3_ID,PME_DIMENSION,PME_UNIT) VALUES('MET_519','Production level variation by month (due to seasonality)','B03', 'DIM_5' ,'%' );
INSERT INTO PI_METRIC_FIELDS (PME_ID,PFI_ID) VALUES('MET_519','FIELD_35');
INSERT INTO PI_METRIC_FIELDS (PME_ID,PFI_ID) VALUES('MET_519','FIELD_48');
INSERT INTO PI_METRIC (PME_ID,PME_NAME,PC3_ID,PME_DIMENSION,PME_UNIT) VALUES('MET_520','???','B03', 'DIM_6' ,'' );
INSERT INTO PI_METRIC_FIELDS (PME_ID,PFI_ID) VALUES('MET_520','FIELD_65');
INSERT INTO PI_METRIC_FIELDS (PME_ID,PFI_ID) VALUES('MET_520','FIELD_48');
INSERT INTO PI_METRIC (PME_ID,PME_NAME,PC3_ID,PME_DIMENSION,PME_UNIT) VALUES('MET_521','???','B03', 'DIM_8' ,'' );
INSERT INTO PI_METRIC_FIELDS (PME_ID,PFI_ID) VALUES('MET_521','FIELD_266');
INSERT INTO PI_METRIC_FIELDS (PME_ID,PFI_ID) VALUES('MET_521','FIELD_48');
INSERT INTO PI_METRIC (PME_ID,PME_NAME,PC3_ID,PME_DIMENSION,PME_UNIT) VALUES('MET_522','Time used per unit reworking due to the product being','B03', 'DIM_10' ,'Time' );
INSERT INTO PI_METRIC_FIELDS (PME_ID,PFI_ID) VALUES('MET_522','FIELD_47');
INSERT INTO PI_METRIC_FIELDS (PME_ID,PFI_ID) VALUES('MET_522','FIELD_127');
INSERT INTO PI_METRIC (PME_ID,PME_NAME,PC3_ID,PME_DIMENSION,PME_UNIT) VALUES('MET_523','Products produced per day','B03', 'DIM_10' ,'' );
INSERT INTO PI_METRIC_FIELDS (PME_ID,PFI_ID) VALUES('MET_523','FIELD_47');
INSERT INTO PI_METRIC_FIELDS (PME_ID,PFI_ID) VALUES('MET_523','FIELD_127');
INSERT INTO PI_METRIC (PME_ID,PME_NAME,PC3_ID,PME_DIMENSION,PME_UNIT) VALUES('MET_524','Products produced per labor hour outside of specified parameters.','B03', 'DIM_10' ,'' );
INSERT INTO PI_METRIC_FIELDS (PME_ID,PFI_ID) VALUES('MET_524','FIELD_47');
INSERT INTO PI_METRIC_FIELDS (PME_ID,PFI_ID) VALUES('MET_524','FIELD_127');
INSERT INTO PI_METRIC (PME_ID,PME_NAME,PC3_ID,PME_DIMENSION,PME_UNIT) VALUES('MET_525','Time used per unit reworking due to the product being outside of specified parameters','B03', 'DIM_10' ,'Time' );
INSERT INTO PI_METRIC_FIELDS (PME_ID,PFI_ID) VALUES('MET_525','FIELD_47');
INSERT INTO PI_METRIC_FIELDS (PME_ID,PFI_ID) VALUES('MET_525','FIELD_127');
INSERT INTO PI_METRIC (PME_ID,PME_NAME,PC3_ID,PME_DIMENSION,PME_UNIT) VALUES('MET_526','Products produced per machine hour','B03', 'DIM_10' ,'' );
INSERT INTO PI_METRIC_FIELDS (PME_ID,PFI_ID) VALUES('MET_526','FIELD_47');
INSERT INTO PI_METRIC_FIELDS (PME_ID,PFI_ID) VALUES('MET_526','FIELD_127');
INSERT INTO PI_METRIC (PME_ID,PME_NAME,PC3_ID,PME_DIMENSION,PME_UNIT) VALUES('MET_527','???','B04', 'DIM_5' ,'' );
INSERT INTO PI_METRIC_FIELDS (PME_ID,PFI_ID) VALUES('MET_527','FIELD_35');
INSERT INTO PI_METRIC_FIELDS (PME_ID,PFI_ID) VALUES('MET_527','FIELD_291');
INSERT INTO PI_METRIC (PME_ID,PME_NAME,PC3_ID,PME_DIMENSION,PME_UNIT) VALUES('MET_528','???','B04', 'DIM_6' ,'' );
INSERT INTO PI_METRIC_FIELDS (PME_ID,PFI_ID) VALUES('MET_528','FIELD_65');
INSERT INTO PI_METRIC_FIELDS (PME_ID,PFI_ID) VALUES('MET_528','FIELD_291');
INSERT INTO PI_METRIC (PME_ID,PME_NAME,PC3_ID,PME_DIMENSION,PME_UNIT) VALUES('MET_529','???','B04', 'DIM_8' ,'' );
INSERT INTO PI_METRIC_FIELDS (PME_ID,PFI_ID) VALUES('MET_529','FIELD_266');
INSERT INTO PI_METRIC_FIELDS (PME_ID,PFI_ID) VALUES('MET_529','FIELD_291');
INSERT INTO PI_METRIC (PME_ID,PME_NAME,PC3_ID,PME_DIMENSION,PME_UNIT) VALUES('MET_530','???','B04', 'DIM_9' ,'' );
INSERT INTO PI_METRIC_FIELDS (PME_ID,PFI_ID) VALUES('MET_530','FIELD_210');
INSERT INTO PI_METRIC (PME_ID,PME_NAME,PC3_ID,PME_DIMENSION,PME_UNIT) VALUES('MET_531','Cycle time of product quality validation process.','B04', 'DIM_10' ,'Time' );
INSERT INTO PI_METRIC_FIELDS (PME_ID,PFI_ID) VALUES('MET_531','FIELD_91');
INSERT INTO PI_METRIC_FIELDS (PME_ID,PFI_ID) VALUES('MET_531','FIELD_291');
INSERT INTO PI_METRIC (PME_ID,PME_NAME,PC3_ID,PME_DIMENSION,PME_UNIT) VALUES('MET_532','???','B05', 'DIM_5' ,'' );
INSERT INTO PI_METRIC_FIELDS (PME_ID,PFI_ID) VALUES('MET_532','FIELD_35');
INSERT INTO PI_METRIC_FIELDS (PME_ID,PFI_ID) VALUES('MET_532','FIELD_217');
INSERT INTO PI_METRIC (PME_ID,PME_NAME,PC3_ID,PME_DIMENSION,PME_UNIT) VALUES('MET_533','The cost to package finished good for customer delivery.','B05', 'DIM_6' ,'$' );
INSERT INTO PI_METRIC_FIELDS (PME_ID,PFI_ID) VALUES('MET_533','FIELD_65');
INSERT INTO PI_METRIC_FIELDS (PME_ID,PFI_ID) VALUES('MET_533','FIELD_217');
INSERT INTO PI_METRIC (PME_ID,PME_NAME,PC3_ID,PME_DIMENSION,PME_UNIT) VALUES('MET_534','???','B05', 'DIM_8' ,'' );
INSERT INTO PI_METRIC_FIELDS (PME_ID,PFI_ID) VALUES('MET_534','FIELD_266');
INSERT INTO PI_METRIC_FIELDS (PME_ID,PFI_ID) VALUES('MET_534','FIELD_217');
INSERT INTO PI_METRIC (PME_ID,PME_NAME,PC3_ID,PME_DIMENSION,PME_UNIT) VALUES('MET_535','???','B05', 'DIM_10' ,'' );
INSERT INTO PI_METRIC_FIELDS (PME_ID,PFI_ID) VALUES('MET_535','FIELD_91');
INSERT INTO PI_METRIC_FIELDS (PME_ID,PFI_ID) VALUES('MET_535','FIELD_217');
INSERT INTO PI_METRIC (PME_ID,PME_NAME,PC3_ID,PME_DIMENSION,PME_UNIT) VALUES('MET_536','???','B06', 'DIM_5' ,'' );
INSERT INTO PI_METRIC_FIELDS (PME_ID,PFI_ID) VALUES('MET_536','FIELD_35');
INSERT INTO PI_METRIC_FIELDS (PME_ID,PFI_ID) VALUES('MET_536','FIELD_269');
INSERT INTO PI_METRIC (PME_ID,PME_NAME,PC3_ID,PME_DIMENSION,PME_UNIT) VALUES('MET_537','???','B06', 'DIM_6' ,'' );
INSERT INTO PI_METRIC_FIELDS (PME_ID,PFI_ID) VALUES('MET_537','FIELD_65');
INSERT INTO PI_METRIC_FIELDS (PME_ID,PFI_ID) VALUES('MET_537','FIELD_269');
INSERT INTO PI_METRIC (PME_ID,PME_NAME,PC3_ID,PME_DIMENSION,PME_UNIT) VALUES('MET_538','???','B06', 'DIM_8' ,'' );
INSERT INTO PI_METRIC_FIELDS (PME_ID,PFI_ID) VALUES('MET_538','FIELD_267');
INSERT INTO PI_METRIC_FIELDS (PME_ID,PFI_ID) VALUES('MET_538','FIELD_269');
INSERT INTO PI_METRIC (PME_ID,PME_NAME,PC3_ID,PME_DIMENSION,PME_UNIT) VALUES('MET_539','The time between the arrival of an item at a temporary holding area and its release to movement to a subsequent destination.','B06', 'DIM_10' ,'Time' );
INSERT INTO PI_METRIC_FIELDS (PME_ID,PFI_ID) VALUES('MET_539','FIELD_91');
INSERT INTO PI_METRIC_FIELDS (PME_ID,PFI_ID) VALUES('MET_539','FIELD_269');
INSERT INTO PI_METRIC (PME_ID,PME_NAME,PC3_ID,PME_DIMENSION,PME_UNIT) VALUES('MET_540','???','B07', 'DIM_5' ,'' );
INSERT INTO PI_METRIC_FIELDS (PME_ID,PFI_ID) VALUES('MET_540','FIELD_35');
INSERT INTO PI_METRIC_FIELDS (PME_ID,PFI_ID) VALUES('MET_540','FIELD_252');
INSERT INTO PI_METRIC (PME_ID,PME_NAME,PC3_ID,PME_DIMENSION,PME_UNIT) VALUES('MET_541','???','B07', 'DIM_6' ,'' );
INSERT INTO PI_METRIC_FIELDS (PME_ID,PFI_ID) VALUES('MET_541','FIELD_65');
INSERT INTO PI_METRIC_FIELDS (PME_ID,PFI_ID) VALUES('MET_541','FIELD_252');
INSERT INTO PI_METRIC (PME_ID,PME_NAME,PC3_ID,PME_DIMENSION,PME_UNIT) VALUES('MET_542','???','B07', 'DIM_8' ,'' );
INSERT INTO PI_METRIC_FIELDS (PME_ID,PFI_ID) VALUES('MET_542','FIELD_266');
INSERT INTO PI_METRIC_FIELDS (PME_ID,PFI_ID) VALUES('MET_542','FIELD_252');
INSERT INTO PI_METRIC (PME_ID,PME_NAME,PC3_ID,PME_DIMENSION,PME_UNIT) VALUES('MET_543','???','B07', 'DIM_9' ,'' );
INSERT INTO PI_METRIC_FIELDS (PME_ID,PFI_ID) VALUES('MET_543','FIELD_59');
INSERT INTO PI_METRIC (PME_ID,PME_NAME,PC3_ID,PME_DIMENSION,PME_UNIT) VALUES('MET_544','The time between request and actual delivery of an item','B07', 'DIM_10' ,'Time' );
INSERT INTO PI_METRIC_FIELDS (PME_ID,PFI_ID) VALUES('MET_544','FIELD_91');
INSERT INTO PI_METRIC_FIELDS (PME_ID,PFI_ID) VALUES('MET_544','FIELD_252');
INSERT INTO PI_METRIC (PME_ID,PME_NAME,PC3_ID,PME_DIMENSION,PME_UNIT) VALUES('MET_545','Orders per sales call','F01', 'DIM_5' ,'' );
INSERT INTO PI_METRIC_FIELDS (PME_ID,PFI_ID) VALUES('MET_545','FIELD_35');
INSERT INTO PI_METRIC_FIELDS (PME_ID,PFI_ID) VALUES('MET_545','FIELD_215');
INSERT INTO PI_METRIC (PME_ID,PME_NAME,PC3_ID,PME_DIMENSION,PME_UNIT) VALUES('MET_546','???','F01', 'DIM_6' ,'' );
INSERT INTO PI_METRIC_FIELDS (PME_ID,PFI_ID) VALUES('MET_546','FIELD_65');
INSERT INTO PI_METRIC_FIELDS (PME_ID,PFI_ID) VALUES('MET_546','FIELD_215');
INSERT INTO PI_METRIC (PME_ID,PME_NAME,PC3_ID,PME_DIMENSION,PME_UNIT) VALUES('MET_547','Order backlog','F01', 'DIM_7' ,'' );
INSERT INTO PI_METRIC_FIELDS (PME_ID,PFI_ID) VALUES('MET_547','FIELD_245');
INSERT INTO PI_METRIC (PME_ID,PME_NAME,PC3_ID,PME_DIMENSION,PME_UNIT) VALUES('MET_548','???','F01', 'DIM_8' ,'' );
INSERT INTO PI_METRIC_FIELDS (PME_ID,PFI_ID) VALUES('MET_548','FIELD_266');
INSERT INTO PI_METRIC_FIELDS (PME_ID,PFI_ID) VALUES('MET_548','FIELD_215');
INSERT INTO PI_METRIC (PME_ID,PME_NAME,PC3_ID,PME_DIMENSION,PME_UNIT) VALUES('MET_549','Customer request lead time measures how quickly a company responds to a request for a quote','F01', 'DIM_10' ,'Time' );
INSERT INTO PI_METRIC_FIELDS (PME_ID,PFI_ID) VALUES('MET_549','FIELD_89');
INSERT INTO PI_METRIC (PME_ID,PME_NAME,PC3_ID,PME_DIMENSION,PME_UNIT) VALUES('MET_550','Average response time per customer request','F01', 'DIM_10' ,'Days' );
INSERT INTO PI_METRIC_FIELDS (PME_ID,PFI_ID) VALUES('MET_550','FIELD_89');
INSERT INTO PI_METRIC (PME_ID,PME_NAME,PC3_ID,PME_DIMENSION,PME_UNIT) VALUES('MET_551','???','F02', 'DIM_2' ,'' );
INSERT INTO PI_METRIC_FIELDS (PME_ID,PFI_ID) VALUES('MET_551','FIELD_120');
INSERT INTO PI_METRIC (PME_ID,PME_NAME,PC3_ID,PME_DIMENSION,PME_UNIT) VALUES('MET_552','???','F02', 'DIM_5' ,'' );
INSERT INTO PI_METRIC_FIELDS (PME_ID,PFI_ID) VALUES('MET_552','FIELD_35');
INSERT INTO PI_METRIC_FIELDS (PME_ID,PFI_ID) VALUES('MET_552','FIELD_60');
INSERT INTO PI_METRIC (PME_ID,PME_NAME,PC3_ID,PME_DIMENSION,PME_UNIT) VALUES('MET_553','???','F02', 'DIM_6' ,'' );
INSERT INTO PI_METRIC_FIELDS (PME_ID,PFI_ID) VALUES('MET_553','FIELD_65');
INSERT INTO PI_METRIC_FIELDS (PME_ID,PFI_ID) VALUES('MET_553','FIELD_60');
INSERT INTO PI_METRIC (PME_ID,PME_NAME,PC3_ID,PME_DIMENSION,PME_UNIT) VALUES('MET_554','???','F02', 'DIM_7' ,'' );
INSERT INTO PI_METRIC_FIELDS (PME_ID,PFI_ID) VALUES('MET_554','FIELD_216');
INSERT INTO PI_METRIC_FIELDS (PME_ID,PFI_ID) VALUES('MET_554','FIELD_278');
INSERT INTO PI_METRIC (PME_ID,PME_NAME,PC3_ID,PME_DIMENSION,PME_UNIT) VALUES('MET_555','???','F02', 'DIM_8' ,'' );
INSERT INTO PI_METRIC_FIELDS (PME_ID,PFI_ID) VALUES('MET_555','FIELD_266');
INSERT INTO PI_METRIC_FIELDS (PME_ID,PFI_ID) VALUES('MET_555','FIELD_60');
INSERT INTO PI_METRIC (PME_ID,PME_NAME,PC3_ID,PME_DIMENSION,PME_UNIT) VALUES('MET_556','Time in calendar days from order release to manufacturing to customer shipment.','F02', 'DIM_10' ,'Days' );
INSERT INTO PI_METRIC_FIELDS (PME_ID,PFI_ID) VALUES('MET_556','FIELD_91');
INSERT INTO PI_METRIC_FIELDS (PME_ID,PFI_ID) VALUES('MET_556','FIELD_60');
INSERT INTO PI_METRIC (PME_ID,PME_NAME,PC3_ID,PME_DIMENSION,PME_UNIT) VALUES('MET_557','???','F03', 'DIM_5' ,'' );
INSERT INTO PI_METRIC_FIELDS (PME_ID,PFI_ID) VALUES('MET_557','FIELD_35');
INSERT INTO PI_METRIC_FIELDS (PME_ID,PFI_ID) VALUES('MET_557','FIELD_222');
INSERT INTO PI_METRIC (PME_ID,PME_NAME,PC3_ID,PME_DIMENSION,PME_UNIT) VALUES('MET_558','Total cost for a given process','F03', 'DIM_6' ,'$' );
INSERT INTO PI_METRIC_FIELDS (PME_ID,PFI_ID) VALUES('MET_558','FIELD_65');
INSERT INTO PI_METRIC_FIELDS (PME_ID,PFI_ID) VALUES('MET_558','FIELD_222');
INSERT INTO PI_METRIC (PME_ID,PME_NAME,PC3_ID,PME_DIMENSION,PME_UNIT) VALUES('MET_559','???','F03', 'DIM_8' ,'' );
INSERT INTO PI_METRIC_FIELDS (PME_ID,PFI_ID) VALUES('MET_559','FIELD_266');
INSERT INTO PI_METRIC_FIELDS (PME_ID,PFI_ID) VALUES('MET_559','FIELD_222');
INSERT INTO PI_METRIC (PME_ID,PME_NAME,PC3_ID,PME_DIMENSION,PME_UNIT) VALUES('MET_560','Sales versus first request date','F03', 'DIM_10' ,'' );
INSERT INTO PI_METRIC_FIELDS (PME_ID,PFI_ID) VALUES('MET_560','FIELD_91');
INSERT INTO PI_METRIC_FIELDS (PME_ID,PFI_ID) VALUES('MET_560','FIELD_222');
INSERT INTO PI_METRIC (PME_ID,PME_NAME,PC3_ID,PME_DIMENSION,PME_UNIT) VALUES('MET_561','???','F04', 'DIM_5' ,'' );
INSERT INTO PI_METRIC_FIELDS (PME_ID,PFI_ID) VALUES('MET_561','FIELD_35');
INSERT INTO PI_METRIC_FIELDS (PME_ID,PFI_ID) VALUES('MET_561','FIELD_249');
INSERT INTO PI_METRIC (PME_ID,PME_NAME,PC3_ID,PME_DIMENSION,PME_UNIT) VALUES('MET_562','???','F04', 'DIM_6' ,'' );
INSERT INTO PI_METRIC_FIELDS (PME_ID,PFI_ID) VALUES('MET_562','FIELD_65');
INSERT INTO PI_METRIC_FIELDS (PME_ID,PFI_ID) VALUES('MET_562','FIELD_249');
INSERT INTO PI_METRIC (PME_ID,PME_NAME,PC3_ID,PME_DIMENSION,PME_UNIT) VALUES('MET_563','???','F04', 'DIM_8' ,'' );
INSERT INTO PI_METRIC_FIELDS (PME_ID,PFI_ID) VALUES('MET_563','FIELD_266');
INSERT INTO PI_METRIC_FIELDS (PME_ID,PFI_ID) VALUES('MET_563','FIELD_249');
INSERT INTO PI_METRIC (PME_ID,PME_NAME,PC3_ID,PME_DIMENSION,PME_UNIT) VALUES('MET_564','The average time required to move inventory from receipt to internal storage or to an outbound carrier for crossdock operations.','F04', 'DIM_10' ,'Time' );
INSERT INTO PI_METRIC_FIELDS (PME_ID,PFI_ID) VALUES('MET_564','FIELD_91');
INSERT INTO PI_METRIC_FIELDS (PME_ID,PFI_ID) VALUES('MET_564','FIELD_249');
INSERT INTO PI_METRIC (PME_ID,PME_NAME,PC3_ID,PME_DIMENSION,PME_UNIT) VALUES('MET_565','Responses rate (responses as a percentage of those exposed)','F05', 'DIM_3' ,'%' );
INSERT INTO PI_METRIC_FIELDS (PME_ID,PFI_ID) VALUES('MET_565','FIELD_120');
INSERT INTO PI_METRIC (PME_ID,PME_NAME,PC3_ID,PME_DIMENSION,PME_UNIT) VALUES('MET_566','???','F05', 'DIM_5' ,'' );
INSERT INTO PI_METRIC_FIELDS (PME_ID,PFI_ID) VALUES('MET_566','FIELD_35');
INSERT INTO PI_METRIC_FIELDS (PME_ID,PFI_ID) VALUES('MET_566','FIELD_137');
INSERT INTO PI_METRIC (PME_ID,PME_NAME,PC3_ID,PME_DIMENSION,PME_UNIT) VALUES('MET_567','The cost to package finished good for customer delivery.','F05', 'DIM_6' ,'$' );
INSERT INTO PI_METRIC_FIELDS (PME_ID,PFI_ID) VALUES('MET_567','FIELD_38');
INSERT INTO PI_METRIC (PME_ID,PME_NAME,PC3_ID,PME_DIMENSION,PME_UNIT) VALUES('MET_568','???','F05', 'DIM_8' ,'' );
INSERT INTO PI_METRIC_FIELDS (PME_ID,PFI_ID) VALUES('MET_568','FIELD_266');
INSERT INTO PI_METRIC_FIELDS (PME_ID,PFI_ID) VALUES('MET_568','FIELD_137');
INSERT INTO PI_METRIC (PME_ID,PME_NAME,PC3_ID,PME_DIMENSION,PME_UNIT) VALUES('MET_569','Errors in order fulfilment, Such as wrong items shipped, shipment not made, Incorrect billings','F05', 'DIM_9' ,'' );
INSERT INTO PI_METRIC_FIELDS (PME_ID,PFI_ID) VALUES('MET_569','FIELD_135');
INSERT INTO PI_METRIC_FIELDS (PME_ID,PFI_ID) VALUES('MET_569','FIELD_83');
INSERT INTO PI_METRIC (PME_ID,PME_NAME,PC3_ID,PME_DIMENSION,PME_UNIT) VALUES('MET_570','???','F05', 'DIM_10' ,'' );
INSERT INTO PI_METRIC_FIELDS (PME_ID,PFI_ID) VALUES('MET_570','FIELD_91');
INSERT INTO PI_METRIC_FIELDS (PME_ID,PFI_ID) VALUES('MET_570','FIELD_137');
INSERT INTO PI_METRIC (PME_ID,PME_NAME,PC3_ID,PME_DIMENSION,PME_UNIT) VALUES('MET_571','???','F06', 'DIM_3' ,'' );
INSERT INTO PI_METRIC_FIELDS (PME_ID,PFI_ID) VALUES('MET_571','FIELD_122');
INSERT INTO PI_METRIC (PME_ID,PME_NAME,PC3_ID,PME_DIMENSION,PME_UNIT) VALUES('MET_572','Orders shipped','F06', 'DIM_5' ,'' );
INSERT INTO PI_METRIC_FIELDS (PME_ID,PFI_ID) VALUES('MET_572','FIELD_35');
INSERT INTO PI_METRIC_FIELDS (PME_ID,PFI_ID) VALUES('MET_572','FIELD_265');
INSERT INTO PI_METRIC (PME_ID,PME_NAME,PC3_ID,PME_DIMENSION,PME_UNIT) VALUES('MET_573','???','F06', 'DIM_6' ,'' );
INSERT INTO PI_METRIC_FIELDS (PME_ID,PFI_ID) VALUES('MET_573','FIELD_38');
INSERT INTO PI_METRIC (PME_ID,PME_NAME,PC3_ID,PME_DIMENSION,PME_UNIT) VALUES('MET_574','???','F06', 'DIM_7' ,'' );
INSERT INTO PI_METRIC_FIELDS (PME_ID,PFI_ID) VALUES('MET_574','FIELD_227');
INSERT INTO PI_METRIC (PME_ID,PME_NAME,PC3_ID,PME_DIMENSION,PME_UNIT) VALUES('MET_575','???','F06', 'DIM_8' ,'' );
INSERT INTO PI_METRIC_FIELDS (PME_ID,PFI_ID) VALUES('MET_575','FIELD_266');
INSERT INTO PI_METRIC_FIELDS (PME_ID,PFI_ID) VALUES('MET_575','FIELD_265');
INSERT INTO PI_METRIC (PME_ID,PME_NAME,PC3_ID,PME_DIMENSION,PME_UNIT) VALUES('MET_576','Minimized delays in-transit caused by customs intervention','F06', 'DIM_9' ,'' );
INSERT INTO PI_METRIC_FIELDS (PME_ID,PFI_ID) VALUES('MET_576','FIELD_82');
INSERT INTO PI_METRIC (PME_ID,PME_NAME,PC3_ID,PME_DIMENSION,PME_UNIT) VALUES('MET_577','???','F06', 'DIM_10' ,'' );
INSERT INTO PI_METRIC_FIELDS (PME_ID,PFI_ID) VALUES('MET_577','FIELD_51');
INSERT INTO PI_METRIC (PME_ID,PME_NAME,PC3_ID,PME_DIMENSION,PME_UNIT) VALUES('MET_578','???','F07', 'DIM_3' ,'' );
INSERT INTO PI_METRIC_FIELDS (PME_ID,PFI_ID) VALUES('MET_578','FIELD_118');
INSERT INTO PI_METRIC (PME_ID,PME_NAME,PC3_ID,PME_DIMENSION,PME_UNIT) VALUES('MET_579','???','F07', 'DIM_5' ,'' );
INSERT INTO PI_METRIC_FIELDS (PME_ID,PFI_ID) VALUES('MET_579','FIELD_35');
INSERT INTO PI_METRIC_FIELDS (PME_ID,PFI_ID) VALUES('MET_579','FIELD_105');
INSERT INTO PI_METRIC (PME_ID,PME_NAME,PC3_ID,PME_DIMENSION,PME_UNIT) VALUES('MET_580','???','F07', 'DIM_6' ,'' );
INSERT INTO PI_METRIC_FIELDS (PME_ID,PFI_ID) VALUES('MET_580','FIELD_38');
INSERT INTO PI_METRIC (PME_ID,PME_NAME,PC3_ID,PME_DIMENSION,PME_UNIT) VALUES('MET_581','???','F07', 'DIM_8' ,'' );
INSERT INTO PI_METRIC_FIELDS (PME_ID,PFI_ID) VALUES('MET_581','FIELD_266');
INSERT INTO PI_METRIC_FIELDS (PME_ID,PFI_ID) VALUES('MET_581','FIELD_105');
INSERT INTO PI_METRIC (PME_ID,PME_NAME,PC3_ID,PME_DIMENSION,PME_UNIT) VALUES('MET_582','Total Number of orders delivered to customer in a given time period','F07', 'DIM_9' ,'#' );
INSERT INTO PI_METRIC_FIELDS (PME_ID,PFI_ID) VALUES('MET_582','FIELD_93');
INSERT INTO PI_METRIC (PME_ID,PME_NAME,PC3_ID,PME_DIMENSION,PME_UNIT) VALUES('MET_583','Frequency (number of sales transactions)','F07', 'DIM_9' ,'#' );
INSERT INTO PI_METRIC_FIELDS (PME_ID,PFI_ID) VALUES('MET_583','FIELD_1');
INSERT INTO PI_METRIC (PME_ID,PME_NAME,PC3_ID,PME_DIMENSION,PME_UNIT) VALUES('MET_584','Time span from order taking to delivery, measured in days or as a percent of standard','F07', 'DIM_10' ,'Days or %' );
INSERT INTO PI_METRIC_FIELDS (PME_ID,PFI_ID) VALUES('MET_584','FIELD_91');
INSERT INTO PI_METRIC_FIELDS (PME_ID,PFI_ID) VALUES('MET_584','FIELD_105');
INSERT INTO PI_METRIC (PME_ID,PME_NAME,PC3_ID,PME_DIMENSION,PME_UNIT) VALUES('MET_585','???','F08', 'DIM_5' ,'' );
INSERT INTO PI_METRIC_FIELDS (PME_ID,PFI_ID) VALUES('MET_585','FIELD_35');
INSERT INTO PI_METRIC_FIELDS (PME_ID,PFI_ID) VALUES('MET_585','FIELD_292');
INSERT INTO PI_METRIC (PME_ID,PME_NAME,PC3_ID,PME_DIMENSION,PME_UNIT) VALUES('MET_586','???','F08', 'DIM_6' ,'' );
INSERT INTO PI_METRIC_FIELDS (PME_ID,PFI_ID) VALUES('MET_586','FIELD_65');
INSERT INTO PI_METRIC_FIELDS (PME_ID,PFI_ID) VALUES('MET_586','FIELD_292');
INSERT INTO PI_METRIC (PME_ID,PME_NAME,PC3_ID,PME_DIMENSION,PME_UNIT) VALUES('MET_587','???','F08', 'DIM_8' ,'' );
INSERT INTO PI_METRIC_FIELDS (PME_ID,PFI_ID) VALUES('MET_587','FIELD_266');
INSERT INTO PI_METRIC_FIELDS (PME_ID,PFI_ID) VALUES('MET_587','FIELD_292');
INSERT INTO PI_METRIC (PME_ID,PME_NAME,PC3_ID,PME_DIMENSION,PME_UNIT) VALUES('MET_588','Total elapsed cycle time for a given process','F08', 'DIM_10' ,'Time' );
INSERT INTO PI_METRIC_FIELDS (PME_ID,PFI_ID) VALUES('MET_588','FIELD_91');
INSERT INTO PI_METRIC_FIELDS (PME_ID,PFI_ID) VALUES('MET_588','FIELD_292');
INSERT INTO PI_METRIC (PME_ID,PME_NAME,PC3_ID,PME_DIMENSION,PME_UNIT) VALUES('MET_589','???','F09', 'DIM_3' ,'' );
INSERT INTO PI_METRIC_FIELDS (PME_ID,PFI_ID) VALUES('MET_589','FIELD_119');
INSERT INTO PI_METRIC (PME_ID,PME_NAME,PC3_ID,PME_DIMENSION,PME_UNIT) VALUES('MET_590','???','F09', 'DIM_5' ,'' );
INSERT INTO PI_METRIC_FIELDS (PME_ID,PFI_ID) VALUES('MET_590','FIELD_35');
INSERT INTO PI_METRIC_FIELDS (PME_ID,PFI_ID) VALUES('MET_590','FIELD_186');
INSERT INTO PI_METRIC (PME_ID,PME_NAME,PC3_ID,PME_DIMENSION,PME_UNIT) VALUES('MET_591','Total cost for product installation at the customer site.','F09', 'DIM_6' ,'$' );
INSERT INTO PI_METRIC_FIELDS (PME_ID,PFI_ID) VALUES('MET_591','FIELD_65');
INSERT INTO PI_METRIC_FIELDS (PME_ID,PFI_ID) VALUES('MET_591','FIELD_186');
INSERT INTO PI_METRIC (PME_ID,PME_NAME,PC3_ID,PME_DIMENSION,PME_UNIT) VALUES('MET_592','???','F09', 'DIM_8' ,'' );
INSERT INTO PI_METRIC_FIELDS (PME_ID,PFI_ID) VALUES('MET_592','FIELD_266');
INSERT INTO PI_METRIC_FIELDS (PME_ID,PFI_ID) VALUES('MET_592','FIELD_186');
INSERT INTO PI_METRIC (PME_ID,PME_NAME,PC3_ID,PME_DIMENSION,PME_UNIT) VALUES('MET_593','???','F09', 'DIM_9' ,'' );
INSERT INTO PI_METRIC_FIELDS (PME_ID,PFI_ID) VALUES('MET_593','FIELD_218');
INSERT INTO PI_METRIC (PME_ID,PME_NAME,PC3_ID,PME_DIMENSION,PME_UNIT) VALUES('MET_594','???','F09', 'DIM_10' ,'' );
INSERT INTO PI_METRIC_FIELDS (PME_ID,PFI_ID) VALUES('MET_594','FIELD_91');
INSERT INTO PI_METRIC_FIELDS (PME_ID,PFI_ID) VALUES('MET_594','FIELD_186');
INSERT INTO PI_METRIC (PME_ID,PME_NAME,PC3_ID,PME_DIMENSION,PME_UNIT) VALUES('MET_595','???','F10', 'DIM_5' ,'' );
INSERT INTO PI_METRIC_FIELDS (PME_ID,PFI_ID) VALUES('MET_595','FIELD_35');
INSERT INTO PI_METRIC_FIELDS (PME_ID,PFI_ID) VALUES('MET_595','FIELD_189');
INSERT INTO PI_METRIC (PME_ID,PME_NAME,PC3_ID,PME_DIMENSION,PME_UNIT) VALUES('MET_596','Includes costs for invoicing, processing customer payments, and verifying customer satisfaction.','F10', 'DIM_6' ,'$' );
INSERT INTO PI_METRIC_FIELDS (PME_ID,PFI_ID) VALUES('MET_596','FIELD_191');
INSERT INTO PI_METRIC (PME_ID,PME_NAME,PC3_ID,PME_DIMENSION,PME_UNIT) VALUES('MET_597','???','F10', 'DIM_8' ,'' );
INSERT INTO PI_METRIC_FIELDS (PME_ID,PFI_ID) VALUES('MET_597','FIELD_267');
INSERT INTO PI_METRIC_FIELDS (PME_ID,PFI_ID) VALUES('MET_597','FIELD_189');
INSERT INTO PI_METRIC (PME_ID,PME_NAME,PC3_ID,PME_DIMENSION,PME_UNIT) VALUES('MET_598','???','F10', 'DIM_9' ,'' );
INSERT INTO PI_METRIC_FIELDS (PME_ID,PFI_ID) VALUES('MET_598','FIELD_216');
INSERT INTO PI_METRIC_FIELDS (PME_ID,PFI_ID) VALUES('MET_598','FIELD_190');
INSERT INTO PI_METRIC (PME_ID,PME_NAME,PC3_ID,PME_DIMENSION,PME_UNIT) VALUES('MET_599','???','F10', 'DIM_10' ,'' );
INSERT INTO PI_METRIC_FIELDS (PME_ID,PFI_ID) VALUES('MET_599','FIELD_91');
INSERT INTO PI_METRIC_FIELDS (PME_ID,PFI_ID) VALUES('MET_599','FIELD_189');
INSERT INTO PI_METRIC (PME_ID,PME_NAME,PC3_ID,PME_DIMENSION,PME_UNIT) VALUES('MET_600','Number of people who are exposed to the ads (available from the newspaper, magazine or other medium that carries the advertisement)','N01', 'DIM_5' ,'#' );
INSERT INTO PI_METRIC_FIELDS (PME_ID,PFI_ID) VALUES('MET_600','FIELD_35');
INSERT INTO PI_METRIC_FIELDS (PME_ID,PFI_ID) VALUES('MET_600','FIELD_99');
INSERT INTO PI_METRIC (PME_ID,PME_NAME,PC3_ID,PME_DIMENSION,PME_UNIT) VALUES('MET_601','Total cost for marketing process','N01', 'DIM_6' ,'$' );
INSERT INTO PI_METRIC_FIELDS (PME_ID,PFI_ID) VALUES('MET_601','FIELD_65');
INSERT INTO PI_METRIC_FIELDS (PME_ID,PFI_ID) VALUES('MET_601','FIELD_98');
INSERT INTO PI_METRIC (PME_ID,PME_NAME,PC3_ID,PME_DIMENSION,PME_UNIT) VALUES('MET_602','???','N01', 'DIM_8' ,'' );
INSERT INTO PI_METRIC_FIELDS (PME_ID,PFI_ID) VALUES('MET_602','FIELD_266');
INSERT INTO PI_METRIC_FIELDS (PME_ID,PFI_ID) VALUES('MET_602','FIELD_97');
INSERT INTO PI_METRIC (PME_ID,PME_NAME,PC3_ID,PME_DIMENSION,PME_UNIT) VALUES('MET_603','???','N01', 'DIM_10' ,'' );
INSERT INTO PI_METRIC_FIELDS (PME_ID,PFI_ID) VALUES('MET_603','FIELD_91');
INSERT INTO PI_METRIC_FIELDS (PME_ID,PFI_ID) VALUES('MET_603','FIELD_98');
INSERT INTO PI_METRIC (PME_ID,PME_NAME,PC3_ID,PME_DIMENSION,PME_UNIT) VALUES('MET_604','Total value of assets dedicated to a market process','N02', 'DIM_5' ,'' );
INSERT INTO PI_METRIC_FIELDS (PME_ID,PFI_ID) VALUES('MET_604','FIELD_35');
INSERT INTO PI_METRIC_FIELDS (PME_ID,PFI_ID) VALUES('MET_604','FIELD_96');
INSERT INTO PI_METRIC (PME_ID,PME_NAME,PC3_ID,PME_DIMENSION,PME_UNIT) VALUES('MET_605','???','N02', 'DIM_6' ,'' );
INSERT INTO PI_METRIC_FIELDS (PME_ID,PFI_ID) VALUES('MET_605','FIELD_65');
INSERT INTO PI_METRIC_FIELDS (PME_ID,PFI_ID) VALUES('MET_605','FIELD_96');
INSERT INTO PI_METRIC (PME_ID,PME_NAME,PC3_ID,PME_DIMENSION,PME_UNIT) VALUES('MET_606','???','N02', 'DIM_8' ,'' );
INSERT INTO PI_METRIC_FIELDS (PME_ID,PFI_ID) VALUES('MET_606','FIELD_266');
INSERT INTO PI_METRIC_FIELDS (PME_ID,PFI_ID) VALUES('MET_606','FIELD_96');
INSERT INTO PI_METRIC (PME_ID,PME_NAME,PC3_ID,PME_DIMENSION,PME_UNIT) VALUES('MET_607','???','N02', 'DIM_10' ,'' );
INSERT INTO PI_METRIC_FIELDS (PME_ID,PFI_ID) VALUES('MET_607','FIELD_91');
INSERT INTO PI_METRIC_FIELDS (PME_ID,PFI_ID) VALUES('MET_607','FIELD_96');
INSERT INTO PI_METRIC (PME_ID,PME_NAME,PC3_ID,PME_DIMENSION,PME_UNIT) VALUES('MET_608','???','N03', 'DIM_5' ,'' );
INSERT INTO PI_METRIC_FIELDS (PME_ID,PFI_ID) VALUES('MET_608','FIELD_35');
INSERT INTO PI_METRIC_FIELDS (PME_ID,PFI_ID) VALUES('MET_608','FIELD_262');
INSERT INTO PI_METRIC (PME_ID,PME_NAME,PC3_ID,PME_DIMENSION,PME_UNIT) VALUES('MET_609','Total cost for select market chamnnel process','N03', 'DIM_6' ,'$' );
INSERT INTO PI_METRIC_FIELDS (PME_ID,PFI_ID) VALUES('MET_609','FIELD_65');
INSERT INTO PI_METRIC_FIELDS (PME_ID,PFI_ID) VALUES('MET_609','FIELD_262');
INSERT INTO PI_METRIC (PME_ID,PME_NAME,PC3_ID,PME_DIMENSION,PME_UNIT) VALUES('MET_610','???','N03', 'DIM_8' ,'' );
INSERT INTO PI_METRIC_FIELDS (PME_ID,PFI_ID) VALUES('MET_610','FIELD_266');
INSERT INTO PI_METRIC_FIELDS (PME_ID,PFI_ID) VALUES('MET_610','FIELD_261');
INSERT INTO PI_METRIC (PME_ID,PME_NAME,PC3_ID,PME_DIMENSION,PME_UNIT) VALUES('MET_611','???','N03', 'DIM_8' ,'' );
INSERT INTO PI_METRIC_FIELDS (PME_ID,PFI_ID) VALUES('MET_611','FIELD_56');
INSERT INTO PI_METRIC (PME_ID,PME_NAME,PC3_ID,PME_DIMENSION,PME_UNIT) VALUES('MET_612','???','N03', 'DIM_10' ,'' );
INSERT INTO PI_METRIC_FIELDS (PME_ID,PFI_ID) VALUES('MET_612','FIELD_91');
INSERT INTO PI_METRIC_FIELDS (PME_ID,PFI_ID) VALUES('MET_612','FIELD_262');
INSERT INTO PI_METRIC (PME_ID,PME_NAME,PC3_ID,PME_DIMENSION,PME_UNIT) VALUES('MET_613','???','N04', 'DIM_5' ,'' );
INSERT INTO PI_METRIC_FIELDS (PME_ID,PFI_ID) VALUES('MET_613','FIELD_35');
INSERT INTO PI_METRIC_FIELDS (PME_ID,PFI_ID) VALUES('MET_613','FIELD_22');
INSERT INTO PI_METRIC (PME_ID,PME_NAME,PC3_ID,PME_DIMENSION,PME_UNIT) VALUES('MET_614','???','N04', 'DIM_6' ,'' );
INSERT INTO PI_METRIC_FIELDS (PME_ID,PFI_ID) VALUES('MET_614','FIELD_65');
INSERT INTO PI_METRIC_FIELDS (PME_ID,PFI_ID) VALUES('MET_614','FIELD_22');
INSERT INTO PI_METRIC (PME_ID,PME_NAME,PC3_ID,PME_DIMENSION,PME_UNIT) VALUES('MET_615','The share of a business''s cash flow that can be attributed to the brand alone.','N04', 'DIM_8' ,'' );
INSERT INTO PI_METRIC_FIELDS (PME_ID,PFI_ID) VALUES('MET_615','FIELD_45');
INSERT INTO PI_METRIC (PME_ID,PME_NAME,PC3_ID,PME_DIMENSION,PME_UNIT) VALUES('MET_616','???','N04', 'DIM_10' ,'' );
INSERT INTO PI_METRIC_FIELDS (PME_ID,PFI_ID) VALUES('MET_616','FIELD_91');
INSERT INTO PI_METRIC_FIELDS (PME_ID,PFI_ID) VALUES('MET_616','FIELD_22');
INSERT INTO PI_METRIC (PME_ID,PME_NAME,PC3_ID,PME_DIMENSION,PME_UNIT) VALUES('MET_617','???','N05', 'DIM_5' ,'' );
INSERT INTO PI_METRIC_FIELDS (PME_ID,PFI_ID) VALUES('MET_617','FIELD_35');
INSERT INTO PI_METRIC_FIELDS (PME_ID,PFI_ID) VALUES('MET_617','FIELD_289');
INSERT INTO PI_METRIC (PME_ID,PME_NAME,PC3_ID,PME_DIMENSION,PME_UNIT) VALUES('MET_618','Total cost for verify market Roadmap process','N05', 'DIM_6' ,'$' );
INSERT INTO PI_METRIC_FIELDS (PME_ID,PFI_ID) VALUES('MET_618','FIELD_65');
INSERT INTO PI_METRIC_FIELDS (PME_ID,PFI_ID) VALUES('MET_618','FIELD_289');
INSERT INTO PI_METRIC (PME_ID,PME_NAME,PC3_ID,PME_DIMENSION,PME_UNIT) VALUES('MET_619','Total advertising or marketing costs','N05', 'DIM_6' ,'$' );
INSERT INTO PI_METRIC_FIELDS (PME_ID,PFI_ID) VALUES('MET_619','FIELD_65');
INSERT INTO PI_METRIC_FIELDS (PME_ID,PFI_ID) VALUES('MET_619','FIELD_289');
INSERT INTO PI_METRIC (PME_ID,PME_NAME,PC3_ID,PME_DIMENSION,PME_UNIT) VALUES('MET_620','???','N05', 'DIM_8' ,'' );
INSERT INTO PI_METRIC_FIELDS (PME_ID,PFI_ID) VALUES('MET_620','FIELD_44');
INSERT INTO PI_METRIC (PME_ID,PME_NAME,PC3_ID,PME_DIMENSION,PME_UNIT) VALUES('MET_621','???','N05', 'DIM_10' ,'' );
INSERT INTO PI_METRIC_FIELDS (PME_ID,PFI_ID) VALUES('MET_621','FIELD_91');
INSERT INTO PI_METRIC_FIELDS (PME_ID,PFI_ID) VALUES('MET_621','FIELD_289');
INSERT INTO PI_METRIC (PME_ID,PME_NAME,PC3_ID,PME_DIMENSION,PME_UNIT) VALUES('MET_622','Total value of assets dedicated to a specific process','N06', 'DIM_5' ,'' );
INSERT INTO PI_METRIC_FIELDS (PME_ID,PFI_ID) VALUES('MET_622','FIELD_35');
INSERT INTO PI_METRIC_FIELDS (PME_ID,PFI_ID) VALUES('MET_622','FIELD_199');
INSERT INTO PI_METRIC (PME_ID,PME_NAME,PC3_ID,PME_DIMENSION,PME_UNIT) VALUES('MET_623','???','N06', 'DIM_6' ,'' );
INSERT INTO PI_METRIC_FIELDS (PME_ID,PFI_ID) VALUES('MET_623','FIELD_65');
INSERT INTO PI_METRIC_FIELDS (PME_ID,PFI_ID) VALUES('MET_623','FIELD_199');
INSERT INTO PI_METRIC (PME_ID,PME_NAME,PC3_ID,PME_DIMENSION,PME_UNIT) VALUES('MET_624','???','N06', 'DIM_8' ,'' );
INSERT INTO PI_METRIC_FIELDS (PME_ID,PFI_ID) VALUES('MET_624','FIELD_266');
INSERT INTO PI_METRIC_FIELDS (PME_ID,PFI_ID) VALUES('MET_624','FIELD_240');
INSERT INTO PI_METRIC (PME_ID,PME_NAME,PC3_ID,PME_DIMENSION,PME_UNIT) VALUES('MET_625','???','N06', 'DIM_10' ,'' );
INSERT INTO PI_METRIC_FIELDS (PME_ID,PFI_ID) VALUES('MET_625','FIELD_91');
INSERT INTO PI_METRIC_FIELDS (PME_ID,PFI_ID) VALUES('MET_625','FIELD_199');
INSERT INTO PI_METRIC (PME_ID,PME_NAME,PC3_ID,PME_DIMENSION,PME_UNIT) VALUES('MET_626','???','N07', 'DIM_5' ,'' );
INSERT INTO PI_METRIC_FIELDS (PME_ID,PFI_ID) VALUES('MET_626','FIELD_35');
INSERT INTO PI_METRIC_FIELDS (PME_ID,PFI_ID) VALUES('MET_626','FIELD_28');
INSERT INTO PI_METRIC (PME_ID,PME_NAME,PC3_ID,PME_DIMENSION,PME_UNIT) VALUES('MET_627','???','N07', 'DIM_6' ,'' );
INSERT INTO PI_METRIC_FIELDS (PME_ID,PFI_ID) VALUES('MET_627','FIELD_65');
INSERT INTO PI_METRIC_FIELDS (PME_ID,PFI_ID) VALUES('MET_627','FIELD_28');
INSERT INTO PI_METRIC (PME_ID,PME_NAME,PC3_ID,PME_DIMENSION,PME_UNIT) VALUES('MET_628','???','N07', 'DIM_8' ,'' );
INSERT INTO PI_METRIC_FIELDS (PME_ID,PFI_ID) VALUES('MET_628','FIELD_266');
INSERT INTO PI_METRIC_FIELDS (PME_ID,PFI_ID) VALUES('MET_628','FIELD_27');
INSERT INTO PI_METRIC (PME_ID,PME_NAME,PC3_ID,PME_DIMENSION,PME_UNIT) VALUES('MET_629','???','N07', 'DIM_8' ,'' );
INSERT INTO PI_METRIC_FIELDS (PME_ID,PFI_ID) VALUES('MET_629','FIELD_50');
INSERT INTO PI_METRIC (PME_ID,PME_NAME,PC3_ID,PME_DIMENSION,PME_UNIT) VALUES('MET_630','Total elapsed cycle time for a given process','N07', 'DIM_10' ,'Time' );
INSERT INTO PI_METRIC_FIELDS (PME_ID,PFI_ID) VALUES('MET_630','FIELD_91');
INSERT INTO PI_METRIC_FIELDS (PME_ID,PFI_ID) VALUES('MET_630','FIELD_28');
INSERT INTO PI_METRIC (PME_ID,PME_NAME,PC3_ID,PME_DIMENSION,PME_UNIT) VALUES('MET_631','Number of industry trade shows attended','N08', 'DIM_5' ,'#' );
INSERT INTO PI_METRIC_FIELDS (PME_ID,PFI_ID) VALUES('MET_631','FIELD_35');
INSERT INTO PI_METRIC_FIELDS (PME_ID,PFI_ID) VALUES('MET_631','FIELD_74');
INSERT INTO PI_METRIC (PME_ID,PME_NAME,PC3_ID,PME_DIMENSION,PME_UNIT) VALUES('MET_632','Number of presentations made','N08', 'DIM_5' ,'#' );
INSERT INTO PI_METRIC_FIELDS (PME_ID,PFI_ID) VALUES('MET_632','FIELD_35');
INSERT INTO PI_METRIC_FIELDS (PME_ID,PFI_ID) VALUES('MET_632','FIELD_74');
INSERT INTO PI_METRIC (PME_ID,PME_NAME,PC3_ID,PME_DIMENSION,PME_UNIT) VALUES('MET_633','Marketing cost per new customer obtained','N08', 'DIM_6' ,'$' );
INSERT INTO PI_METRIC_FIELDS (PME_ID,PFI_ID) VALUES('MET_633','FIELD_65');
INSERT INTO PI_METRIC_FIELDS (PME_ID,PFI_ID) VALUES('MET_633','FIELD_74');
INSERT INTO PI_METRIC (PME_ID,PME_NAME,PC3_ID,PME_DIMENSION,PME_UNIT) VALUES('MET_634','Marketing cost as a percent of sales','N08', 'DIM_6' ,'$' );
INSERT INTO PI_METRIC_FIELDS (PME_ID,PFI_ID) VALUES('MET_634','FIELD_65');
INSERT INTO PI_METRIC_FIELDS (PME_ID,PFI_ID) VALUES('MET_634','FIELD_74');
INSERT INTO PI_METRIC (PME_ID,PME_NAME,PC3_ID,PME_DIMENSION,PME_UNIT) VALUES('MET_635','???','N08', 'DIM_8' ,'' );
INSERT INTO PI_METRIC_FIELDS (PME_ID,PFI_ID) VALUES('MET_635','FIELD_266');
INSERT INTO PI_METRIC_FIELDS (PME_ID,PFI_ID) VALUES('MET_635','FIELD_73');
INSERT INTO PI_METRIC (PME_ID,PME_NAME,PC3_ID,PME_DIMENSION,PME_UNIT) VALUES('MET_636','???','N08', 'DIM_8' ,'' );
INSERT INTO PI_METRIC_FIELDS (PME_ID,PFI_ID) VALUES('MET_636','FIELD_257');
INSERT INTO PI_METRIC (PME_ID,PME_NAME,PC3_ID,PME_DIMENSION,PME_UNIT) VALUES('MET_637','???','N08', 'DIM_10' ,'' );
INSERT INTO PI_METRIC_FIELDS (PME_ID,PFI_ID) VALUES('MET_637','FIELD_91');
INSERT INTO PI_METRIC_FIELDS (PME_ID,PFI_ID) VALUES('MET_637','FIELD_74');
INSERT INTO PI_METRIC (PME_ID,PME_NAME,PC3_ID,PME_DIMENSION,PME_UNIT) VALUES('MET_638','Number of ads placed','N09', 'DIM_5' ,'#' );
INSERT INTO PI_METRIC_FIELDS (PME_ID,PFI_ID) VALUES('MET_638','FIELD_35');
INSERT INTO PI_METRIC_FIELDS (PME_ID,PFI_ID) VALUES('MET_638','FIELD_194');
INSERT INTO PI_METRIC (PME_ID,PME_NAME,PC3_ID,PME_DIMENSION,PME_UNIT) VALUES('MET_639','???','N09', 'DIM_6' ,'' );
INSERT INTO PI_METRIC_FIELDS (PME_ID,PFI_ID) VALUES('MET_639','FIELD_65');
INSERT INTO PI_METRIC_FIELDS (PME_ID,PFI_ID) VALUES('MET_639','FIELD_194');
INSERT INTO PI_METRIC (PME_ID,PME_NAME,PC3_ID,PME_DIMENSION,PME_UNIT) VALUES('MET_640','???','N09', 'DIM_8' ,'' );
INSERT INTO PI_METRIC_FIELDS (PME_ID,PFI_ID) VALUES('MET_640','FIELD_266');
INSERT INTO PI_METRIC_FIELDS (PME_ID,PFI_ID) VALUES('MET_640','FIELD_194');
INSERT INTO PI_METRIC (PME_ID,PME_NAME,PC3_ID,PME_DIMENSION,PME_UNIT) VALUES('MET_641','???','N09', 'DIM_10' ,'' );
INSERT INTO PI_METRIC_FIELDS (PME_ID,PFI_ID) VALUES('MET_641','FIELD_91');
INSERT INTO PI_METRIC_FIELDS (PME_ID,PFI_ID) VALUES('MET_641','FIELD_194');
INSERT INTO PI_METRIC (PME_ID,PME_NAME,PC3_ID,PME_DIMENSION,PME_UNIT) VALUES('MET_642','???','S01', 'DIM_5' ,'' );
INSERT INTO PI_METRIC_FIELDS (PME_ID,PFI_ID) VALUES('MET_642','FIELD_35');
INSERT INTO PI_METRIC_FIELDS (PME_ID,PFI_ID) VALUES('MET_642','FIELD_277');
INSERT INTO PI_METRIC (PME_ID,PME_NAME,PC3_ID,PME_DIMENSION,PME_UNIT) VALUES('MET_643','The costs of damaged work in process (WIP) inventory as','S01', 'DIM_6' ,'$' );
INSERT INTO PI_METRIC_FIELDS (PME_ID,PFI_ID) VALUES('MET_643','FIELD_65');
INSERT INTO PI_METRIC_FIELDS (PME_ID,PFI_ID) VALUES('MET_643','FIELD_277');
INSERT INTO PI_METRIC (PME_ID,PME_NAME,PC3_ID,PME_DIMENSION,PME_UNIT) VALUES('MET_644','Sales to major customers a result of poor material handling practices.','S01', 'DIM_6' ,'' );
INSERT INTO PI_METRIC_FIELDS (PME_ID,PFI_ID) VALUES('MET_644','FIELD_65');
INSERT INTO PI_METRIC_FIELDS (PME_ID,PFI_ID) VALUES('MET_644','FIELD_277');
INSERT INTO PI_METRIC (PME_ID,PME_NAME,PC3_ID,PME_DIMENSION,PME_UNIT) VALUES('MET_645','???','S01', 'DIM_7' ,'' );
INSERT INTO PI_METRIC_FIELDS (PME_ID,PFI_ID) VALUES('MET_645','FIELD_2');
INSERT INTO PI_METRIC (PME_ID,PME_NAME,PC3_ID,PME_DIMENSION,PME_UNIT) VALUES('MET_646','???','S01', 'DIM_8' ,'' );
INSERT INTO PI_METRIC_FIELDS (PME_ID,PFI_ID) VALUES('MET_646','FIELD_266');
INSERT INTO PI_METRIC_FIELDS (PME_ID,PFI_ID) VALUES('MET_646','FIELD_277');
INSERT INTO PI_METRIC (PME_ID,PME_NAME,PC3_ID,PME_DIMENSION,PME_UNIT) VALUES('MET_647','???','S01', 'DIM_10' ,'' );
INSERT INTO PI_METRIC_FIELDS (PME_ID,PFI_ID) VALUES('MET_647','FIELD_91');
INSERT INTO PI_METRIC_FIELDS (PME_ID,PFI_ID) VALUES('MET_647','FIELD_277');
INSERT INTO PI_METRIC (PME_ID,PME_NAME,PC3_ID,PME_DIMENSION,PME_UNIT) VALUES('MET_648','???','S02', 'DIM_5' ,'' );
INSERT INTO PI_METRIC_FIELDS (PME_ID,PFI_ID) VALUES('MET_648','FIELD_35');
INSERT INTO PI_METRIC_FIELDS (PME_ID,PFI_ID) VALUES('MET_648','FIELD_244');
INSERT INTO PI_METRIC (PME_ID,PME_NAME,PC3_ID,PME_DIMENSION,PME_UNIT) VALUES('MET_649','???','S02', 'DIM_6' ,'' );
INSERT INTO PI_METRIC_FIELDS (PME_ID,PFI_ID) VALUES('MET_649','FIELD_65');
INSERT INTO PI_METRIC_FIELDS (PME_ID,PFI_ID) VALUES('MET_649','FIELD_244');
INSERT INTO PI_METRIC (PME_ID,PME_NAME,PC3_ID,PME_DIMENSION,PME_UNIT) VALUES('MET_650','???','S02', 'DIM_7' ,'' );
INSERT INTO PI_METRIC_FIELDS (PME_ID,PFI_ID) VALUES('MET_650','FIELD_2');
INSERT INTO PI_METRIC (PME_ID,PME_NAME,PC3_ID,PME_DIMENSION,PME_UNIT) VALUES('MET_651','???','S02', 'DIM_8' ,'' );
INSERT INTO PI_METRIC_FIELDS (PME_ID,PFI_ID) VALUES('MET_651','FIELD_266');
INSERT INTO PI_METRIC_FIELDS (PME_ID,PFI_ID) VALUES('MET_651','FIELD_244');
INSERT INTO PI_METRIC (PME_ID,PME_NAME,PC3_ID,PME_DIMENSION,PME_UNIT) VALUES('MET_652','The percentage of orders that are fulfilled on or before the original scheduled or committed date.','S02', 'DIM_10' ,'%' );
INSERT INTO PI_METRIC_FIELDS (PME_ID,PFI_ID) VALUES('MET_652','FIELD_91');
INSERT INTO PI_METRIC_FIELDS (PME_ID,PFI_ID) VALUES('MET_652','FIELD_244');
INSERT INTO PI_METRIC (PME_ID,PME_NAME,PC3_ID,PME_DIMENSION,PME_UNIT) VALUES('MET_653','???','S03', 'DIM_5' ,'' );
INSERT INTO PI_METRIC_FIELDS (PME_ID,PFI_ID) VALUES('MET_653','FIELD_35');
INSERT INTO PI_METRIC_FIELDS (PME_ID,PFI_ID) VALUES('MET_653','FIELD_223');
INSERT INTO PI_METRIC (PME_ID,PME_NAME,PC3_ID,PME_DIMENSION,PME_UNIT) VALUES('MET_654','???','S03', 'DIM_6' ,'' );
INSERT INTO PI_METRIC_FIELDS (PME_ID,PFI_ID) VALUES('MET_654','FIELD_65');
INSERT INTO PI_METRIC_FIELDS (PME_ID,PFI_ID) VALUES('MET_654','FIELD_223');
INSERT INTO PI_METRIC (PME_ID,PME_NAME,PC3_ID,PME_DIMENSION,PME_UNIT) VALUES('MET_655','The actual number of orders booked as the result of a given promotional event.','S03', 'DIM_7' ,'#' );
INSERT INTO PI_METRIC_FIELDS (PME_ID,PFI_ID) VALUES('MET_655','FIELD_259');
INSERT INTO PI_METRIC (PME_ID,PME_NAME,PC3_ID,PME_DIMENSION,PME_UNIT) VALUES('MET_656','???','S03', 'DIM_8' ,'' );
INSERT INTO PI_METRIC_FIELDS (PME_ID,PFI_ID) VALUES('MET_656','FIELD_266');
INSERT INTO PI_METRIC_FIELDS (PME_ID,PFI_ID) VALUES('MET_656','FIELD_223');
INSERT INTO PI_METRIC (PME_ID,PME_NAME,PC3_ID,PME_DIMENSION,PME_UNIT) VALUES('MET_657','???','S03', 'DIM_10' ,'' );
INSERT INTO PI_METRIC_FIELDS (PME_ID,PFI_ID) VALUES('MET_657','FIELD_91');
INSERT INTO PI_METRIC_FIELDS (PME_ID,PFI_ID) VALUES('MET_657','FIELD_223');
INSERT INTO PI_METRIC (PME_ID,PME_NAME,PC3_ID,PME_DIMENSION,PME_UNIT) VALUES('MET_658','???','S04', 'DIM_6' ,'' );
INSERT INTO PI_METRIC_FIELDS (PME_ID,PFI_ID) VALUES('MET_658','FIELD_65');
INSERT INTO PI_METRIC_FIELDS (PME_ID,PFI_ID) VALUES('MET_658','FIELD_114');
INSERT INTO PI_METRIC (PME_ID,PME_NAME,PC3_ID,PME_DIMENSION,PME_UNIT) VALUES('MET_659','Number of new customer relationships with assigned manager/teams and completed customer profiles per period.','S04', 'DIM_7' ,'#' );
INSERT INTO PI_METRIC_FIELDS (PME_ID,PFI_ID) VALUES('MET_659','FIELD_206');
INSERT INTO PI_METRIC (PME_ID,PME_NAME,PC3_ID,PME_DIMENSION,PME_UNIT) VALUES('MET_660','???','S04', 'DIM_8' ,'' );
INSERT INTO PI_METRIC_FIELDS (PME_ID,PFI_ID) VALUES('MET_660','FIELD_266');
INSERT INTO PI_METRIC_FIELDS (PME_ID,PFI_ID) VALUES('MET_660','FIELD_114');
INSERT INTO PI_METRIC (PME_ID,PME_NAME,PC3_ID,PME_DIMENSION,PME_UNIT) VALUES('MET_661','???','S04', 'DIM_10' ,'' );
INSERT INTO PI_METRIC_FIELDS (PME_ID,PFI_ID) VALUES('MET_661','FIELD_91');
INSERT INTO PI_METRIC_FIELDS (PME_ID,PFI_ID) VALUES('MET_661','FIELD_114');
INSERT INTO PI_METRIC (PME_ID,PME_NAME,PC3_ID,PME_DIMENSION,PME_UNIT) VALUES('MET_662','Total value of assets dedicated to a specific process','S05', 'DIM_5' ,'' );
INSERT INTO PI_METRIC_FIELDS (PME_ID,PFI_ID) VALUES('MET_662','FIELD_35');
INSERT INTO PI_METRIC_FIELDS (PME_ID,PFI_ID) VALUES('MET_662','FIELD_26');
INSERT INTO PI_METRIC (PME_ID,PME_NAME,PC3_ID,PME_DIMENSION,PME_UNIT) VALUES('MET_663','???','S05', 'DIM_7' ,'' );
INSERT INTO PI_METRIC_FIELDS (PME_ID,PFI_ID) VALUES('MET_663','FIELD_259');
INSERT INTO PI_METRIC (PME_ID,PME_NAME,PC3_ID,PME_DIMENSION,PME_UNIT) VALUES('MET_664','???','S05', 'DIM_8' ,'' );
INSERT INTO PI_METRIC_FIELDS (PME_ID,PFI_ID) VALUES('MET_664','FIELD_266');
INSERT INTO PI_METRIC_FIELDS (PME_ID,PFI_ID) VALUES('MET_664','FIELD_25');
INSERT INTO PI_METRIC (PME_ID,PME_NAME,PC3_ID,PME_DIMENSION,PME_UNIT) VALUES('MET_665','???','S05', 'DIM_1' ,'' );
INSERT INTO PI_METRIC_FIELDS (PME_ID,PFI_ID) VALUES('MET_665','FIELD_202');
INSERT INTO PI_METRIC (PME_ID,PME_NAME,PC3_ID,PME_DIMENSION,PME_UNIT) VALUES('MET_666','???','S05', 'DIM_10' ,'' );
INSERT INTO PI_METRIC_FIELDS (PME_ID,PFI_ID) VALUES('MET_666','FIELD_91');
INSERT INTO PI_METRIC_FIELDS (PME_ID,PFI_ID) VALUES('MET_666','FIELD_26');
INSERT INTO PI_METRIC (PME_ID,PME_NAME,PC3_ID,PME_DIMENSION,PME_UNIT) VALUES('MET_667','???','S06', 'DIM_5' ,'' );
INSERT INTO PI_METRIC_FIELDS (PME_ID,PFI_ID) VALUES('MET_667','FIELD_35');
INSERT INTO PI_METRIC_FIELDS (PME_ID,PFI_ID) VALUES('MET_667','FIELD_113');
INSERT INTO PI_METRIC (PME_ID,PME_NAME,PC3_ID,PME_DIMENSION,PME_UNIT) VALUES('MET_668','???','S06', 'DIM_6' ,'' );
INSERT INTO PI_METRIC_FIELDS (PME_ID,PFI_ID) VALUES('MET_668','FIELD_65');
INSERT INTO PI_METRIC_FIELDS (PME_ID,PFI_ID) VALUES('MET_668','FIELD_113');
INSERT INTO PI_METRIC (PME_ID,PME_NAME,PC3_ID,PME_DIMENSION,PME_UNIT) VALUES('MET_669','???','S06', 'DIM_7' ,'' );
INSERT INTO PI_METRIC_FIELDS (PME_ID,PFI_ID) VALUES('MET_669','FIELD_85');
INSERT INTO PI_METRIC (PME_ID,PME_NAME,PC3_ID,PME_DIMENSION,PME_UNIT) VALUES('MET_670','???','S06', 'DIM_8' ,'' );
INSERT INTO PI_METRIC_FIELDS (PME_ID,PFI_ID) VALUES('MET_670','FIELD_266');
INSERT INTO PI_METRIC_FIELDS (PME_ID,PFI_ID) VALUES('MET_670','FIELD_113');
INSERT INTO PI_METRIC (PME_ID,PME_NAME,PC3_ID,PME_DIMENSION,PME_UNIT) VALUES('MET_671','The actual number of solutions proposed to prospective customers in a given accounting period.','S06', 'DIM_9' ,'#' );
INSERT INTO PI_METRIC_FIELDS (PME_ID,PFI_ID) VALUES('MET_671','FIELD_239');
INSERT INTO PI_METRIC (PME_ID,PME_NAME,PC3_ID,PME_DIMENSION,PME_UNIT) VALUES('MET_672','???','S06', 'DIM_10' ,'' );
INSERT INTO PI_METRIC_FIELDS (PME_ID,PFI_ID) VALUES('MET_672','FIELD_91');
INSERT INTO PI_METRIC_FIELDS (PME_ID,PFI_ID) VALUES('MET_672','FIELD_113');
INSERT INTO PI_METRIC (PME_ID,PME_NAME,PC3_ID,PME_DIMENSION,PME_UNIT) VALUES('MET_673','???','S07', 'DIM_5' ,'' );
INSERT INTO PI_METRIC_FIELDS (PME_ID,PFI_ID) VALUES('MET_673','FIELD_35');
INSERT INTO PI_METRIC_FIELDS (PME_ID,PFI_ID) VALUES('MET_673','FIELD_224');
INSERT INTO PI_METRIC (PME_ID,PME_NAME,PC3_ID,PME_DIMENSION,PME_UNIT) VALUES('MET_674','???','S07', 'DIM_6' ,'' );
INSERT INTO PI_METRIC_FIELDS (PME_ID,PFI_ID) VALUES('MET_674','FIELD_65');
INSERT INTO PI_METRIC_FIELDS (PME_ID,PFI_ID) VALUES('MET_674','FIELD_224');
INSERT INTO PI_METRIC (PME_ID,PME_NAME,PC3_ID,PME_DIMENSION,PME_UNIT) VALUES('MET_675','???','S07', 'DIM_7' ,'' );
INSERT INTO PI_METRIC_FIELDS (PME_ID,PFI_ID) VALUES('MET_675','FIELD_238');
INSERT INTO PI_METRIC (PME_ID,PME_NAME,PC3_ID,PME_DIMENSION,PME_UNIT) VALUES('MET_676','???','S07', 'DIM_8' ,'' );
INSERT INTO PI_METRIC_FIELDS (PME_ID,PFI_ID) VALUES('MET_676','FIELD_266');
INSERT INTO PI_METRIC_FIELDS (PME_ID,PFI_ID) VALUES('MET_676','FIELD_224');
INSERT INTO PI_METRIC (PME_ID,PME_NAME,PC3_ID,PME_DIMENSION,PME_UNIT) VALUES('MET_677','The actual number of solutions proposed to prospective customers in a given accounting period.','S07', 'DIM_9' ,'#' );
INSERT INTO PI_METRIC_FIELDS (PME_ID,PFI_ID) VALUES('MET_677','FIELD_239');
INSERT INTO PI_METRIC (PME_ID,PME_NAME,PC3_ID,PME_DIMENSION,PME_UNIT) VALUES('MET_678','???','S07', 'DIM_10' ,'' );
INSERT INTO PI_METRIC_FIELDS (PME_ID,PFI_ID) VALUES('MET_678','FIELD_91');
INSERT INTO PI_METRIC_FIELDS (PME_ID,PFI_ID) VALUES('MET_678','FIELD_224');
INSERT INTO PI_METRIC (PME_ID,PME_NAME,PC3_ID,PME_DIMENSION,PME_UNIT) VALUES('MET_679','???','S08', 'DIM_5' ,'' );
INSERT INTO PI_METRIC_FIELDS (PME_ID,PFI_ID) VALUES('MET_679','FIELD_35');
INSERT INTO PI_METRIC_FIELDS (PME_ID,PFI_ID) VALUES('MET_679','FIELD_138');
INSERT INTO PI_METRIC (PME_ID,PME_NAME,PC3_ID,PME_DIMENSION,PME_UNIT) VALUES('MET_680','???','S08', 'DIM_6' ,'' );
INSERT INTO PI_METRIC_FIELDS (PME_ID,PFI_ID) VALUES('MET_680','FIELD_65');
INSERT INTO PI_METRIC_FIELDS (PME_ID,PFI_ID) VALUES('MET_680','FIELD_138');
INSERT INTO PI_METRIC (PME_ID,PME_NAME,PC3_ID,PME_DIMENSION,PME_UNIT) VALUES('MET_681','???','S08', 'DIM_7' ,'' );
INSERT INTO PI_METRIC_FIELDS (PME_ID,PFI_ID) VALUES('MET_681','FIELD_58');
INSERT INTO PI_METRIC (PME_ID,PME_NAME,PC3_ID,PME_DIMENSION,PME_UNIT) VALUES('MET_682','???','S08', 'DIM_8' ,'' );
INSERT INTO PI_METRIC_FIELDS (PME_ID,PFI_ID) VALUES('MET_682','FIELD_266');
INSERT INTO PI_METRIC_FIELDS (PME_ID,PFI_ID) VALUES('MET_682','FIELD_138');
INSERT INTO PI_METRIC (PME_ID,PME_NAME,PC3_ID,PME_DIMENSION,PME_UNIT) VALUES('MET_683','Number of negotiated agreements with customer without error/change','S08', 'DIM_9' ,'#' );
INSERT INTO PI_METRIC_FIELDS (PME_ID,PFI_ID) VALUES('MET_683','FIELD_204');
INSERT INTO PI_METRIC (PME_ID,PME_NAME,PC3_ID,PME_DIMENSION,PME_UNIT) VALUES('MET_684','???','S08', 'DIM_10' ,'' );
INSERT INTO PI_METRIC_FIELDS (PME_ID,PFI_ID) VALUES('MET_684','FIELD_91');
INSERT INTO PI_METRIC_FIELDS (PME_ID,PFI_ID) VALUES('MET_684','FIELD_138');
INSERT INTO PI_METRIC (PME_ID,PME_NAME,PC3_ID,PME_DIMENSION,PME_UNIT) VALUES('MET_685','???','S09', 'DIM_5' ,'' );
INSERT INTO PI_METRIC_FIELDS (PME_ID,PFI_ID) VALUES('MET_685','FIELD_35');
INSERT INTO PI_METRIC_FIELDS (PME_ID,PFI_ID) VALUES('MET_685','FIELD_256');
INSERT INTO PI_METRIC (PME_ID,PME_NAME,PC3_ID,PME_DIMENSION,PME_UNIT) VALUES('MET_686','Total Fulfill cost to comply with regulatory requirements','S09', 'DIM_6' ,'$' );
INSERT INTO PI_METRIC_FIELDS (PME_ID,PFI_ID) VALUES('MET_686','FIELD_65');
INSERT INTO PI_METRIC_FIELDS (PME_ID,PFI_ID) VALUES('MET_686','FIELD_256');
INSERT INTO PI_METRIC (PME_ID,PME_NAME,PC3_ID,PME_DIMENSION,PME_UNIT) VALUES('MET_687','???','S09', 'DIM_7' ,'' );
INSERT INTO PI_METRIC_FIELDS (PME_ID,PFI_ID) VALUES('MET_687','FIELD_197');
INSERT INTO PI_METRIC (PME_ID,PME_NAME,PC3_ID,PME_DIMENSION,PME_UNIT) VALUES('MET_688','???','S09', 'DIM_8' ,'' );
INSERT INTO PI_METRIC_FIELDS (PME_ID,PFI_ID) VALUES('MET_688','FIELD_266');
INSERT INTO PI_METRIC_FIELDS (PME_ID,PFI_ID) VALUES('MET_688','FIELD_256');
INSERT INTO PI_METRIC (PME_ID,PME_NAME,PC3_ID,PME_DIMENSION,PME_UNIT) VALUES('MET_689','???','S09', 'DIM_10' ,'' );
INSERT INTO PI_METRIC_FIELDS (PME_ID,PFI_ID) VALUES('MET_689','FIELD_91');
INSERT INTO PI_METRIC_FIELDS (PME_ID,PFI_ID) VALUES('MET_689','FIELD_256');
INSERT INTO PI_METRIC (PME_ID,PME_NAME,PC3_ID,PME_DIMENSION,PME_UNIT) VALUES('MET_690','Total value of assets dedicated to a specific process','U01', 'DIM_5' ,'' );
INSERT INTO PI_METRIC_FIELDS (PME_ID,PFI_ID) VALUES('MET_690','FIELD_35');
INSERT INTO PI_METRIC_FIELDS (PME_ID,PFI_ID) VALUES('MET_690','FIELD_250');
INSERT INTO PI_METRIC (PME_ID,PME_NAME,PC3_ID,PME_DIMENSION,PME_UNIT) VALUES('MET_691','???','U01', 'DIM_8' ,'' );
INSERT INTO PI_METRIC_FIELDS (PME_ID,PFI_ID) VALUES('MET_691','FIELD_266');
INSERT INTO PI_METRIC_FIELDS (PME_ID,PFI_ID) VALUES('MET_691','FIELD_250');
INSERT INTO PI_METRIC (PME_ID,PME_NAME,PC3_ID,PME_DIMENSION,PME_UNIT) VALUES('MET_692','???','U01', 'DIM_10' ,'' );
INSERT INTO PI_METRIC_FIELDS (PME_ID,PFI_ID) VALUES('MET_692','FIELD_91');
INSERT INTO PI_METRIC_FIELDS (PME_ID,PFI_ID) VALUES('MET_692','FIELD_250');
INSERT INTO PI_METRIC (PME_ID,PME_NAME,PC3_ID,PME_DIMENSION,PME_UNIT) VALUES('MET_693','???','U02', 'DIM_5' ,'' );
INSERT INTO PI_METRIC_FIELDS (PME_ID,PFI_ID) VALUES('MET_693','FIELD_35');
INSERT INTO PI_METRIC_FIELDS (PME_ID,PFI_ID) VALUES('MET_693','FIELD_198');
INSERT INTO PI_METRIC (PME_ID,PME_NAME,PC3_ID,PME_DIMENSION,PME_UNIT) VALUES('MET_694','???','U02', 'DIM_6' ,'' );
INSERT INTO PI_METRIC_FIELDS (PME_ID,PFI_ID) VALUES('MET_694','FIELD_68');
INSERT INTO PI_METRIC (PME_ID,PME_NAME,PC3_ID,PME_DIMENSION,PME_UNIT) VALUES('MET_695','???','U02', 'DIM_7' ,'' );
INSERT INTO PI_METRIC_FIELDS (PME_ID,PFI_ID) VALUES('MET_695','FIELD_2');
INSERT INTO PI_METRIC (PME_ID,PME_NAME,PC3_ID,PME_DIMENSION,PME_UNIT) VALUES('MET_696','???','U02', 'DIM_8' ,'' );
INSERT INTO PI_METRIC_FIELDS (PME_ID,PFI_ID) VALUES('MET_696','FIELD_266');
INSERT INTO PI_METRIC_FIELDS (PME_ID,PFI_ID) VALUES('MET_696','FIELD_198');
INSERT INTO PI_METRIC (PME_ID,PME_NAME,PC3_ID,PME_DIMENSION,PME_UNIT) VALUES('MET_697','Percent of customer support inquiries which are resolve on the first contact','U02', 'DIM_9' ,'%' );
INSERT INTO PI_METRIC_FIELDS (PME_ID,PFI_ID) VALUES('MET_697','FIELD_20');
INSERT INTO PI_METRIC (PME_ID,PME_NAME,PC3_ID,PME_DIMENSION,PME_UNIT) VALUES('MET_698','Rate of responses exceeding specified time frame (for example, 24 hours)','U02', 'DIM_9' ,'Hours' );
INSERT INTO PI_METRIC_FIELDS (PME_ID,PFI_ID) VALUES('MET_698','FIELD_20');
INSERT INTO PI_METRIC (PME_ID,PME_NAME,PC3_ID,PME_DIMENSION,PME_UNIT) VALUES('MET_699','???','U02', 'DIM_10' ,'' );
INSERT INTO PI_METRIC_FIELDS (PME_ID,PFI_ID) VALUES('MET_699','FIELD_91');
INSERT INTO PI_METRIC_FIELDS (PME_ID,PFI_ID) VALUES('MET_699','FIELD_198');
INSERT INTO PI_METRIC (PME_ID,PME_NAME,PC3_ID,PME_DIMENSION,PME_UNIT) VALUES('MET_700','Customer complaints resolved','U03', 'DIM_5' ,'' );
INSERT INTO PI_METRIC_FIELDS (PME_ID,PFI_ID) VALUES('MET_700','FIELD_35');
INSERT INTO PI_METRIC_FIELDS (PME_ID,PFI_ID) VALUES('MET_700','FIELD_253');
INSERT INTO PI_METRIC (PME_ID,PME_NAME,PC3_ID,PME_DIMENSION,PME_UNIT) VALUES('MET_701','???','U03', 'DIM_6' ,'' );
INSERT INTO PI_METRIC_FIELDS (PME_ID,PFI_ID) VALUES('MET_701','FIELD_68');
INSERT INTO PI_METRIC (PME_ID,PME_NAME,PC3_ID,PME_DIMENSION,PME_UNIT) VALUES('MET_702','number of assist solutions delivered each period, Customer Compliants','U03', 'DIM_7' ,'#' );
INSERT INTO PI_METRIC_FIELDS (PME_ID,PFI_ID) VALUES('MET_702','FIELD_2');
INSERT INTO PI_METRIC (PME_ID,PME_NAME,PC3_ID,PME_DIMENSION,PME_UNIT) VALUES('MET_703','???','U03', 'DIM_8' ,'' );
INSERT INTO PI_METRIC_FIELDS (PME_ID,PFI_ID) VALUES('MET_703','FIELD_266');
INSERT INTO PI_METRIC_FIELDS (PME_ID,PFI_ID) VALUES('MET_703','FIELD_253');
INSERT INTO PI_METRIC (PME_ID,PME_NAME,PC3_ID,PME_DIMENSION,PME_UNIT) VALUES('MET_704','Rate of responses exceeding specified time frame (for example, 24 hours)','U03', 'DIM_9' ,'Hours' );
INSERT INTO PI_METRIC_FIELDS (PME_ID,PFI_ID) VALUES('MET_704','FIELD_20');
INSERT INTO PI_METRIC (PME_ID,PME_NAME,PC3_ID,PME_DIMENSION,PME_UNIT) VALUES('MET_705','Average response time to solve customer problems','U03', 'DIM_10' ,'Time' );
INSERT INTO PI_METRIC_FIELDS (PME_ID,PFI_ID) VALUES('MET_705','FIELD_91');
INSERT INTO PI_METRIC_FIELDS (PME_ID,PFI_ID) VALUES('MET_705','FIELD_253');
INSERT INTO PI_METRIC (PME_ID,PME_NAME,PC3_ID,PME_DIMENSION,PME_UNIT) VALUES('MET_706','Number of customer complaints resolved on the first contact','U03', 'DIM_10' ,'#' );
INSERT INTO PI_METRIC_FIELDS (PME_ID,PFI_ID) VALUES('MET_706','FIELD_91');
INSERT INTO PI_METRIC_FIELDS (PME_ID,PFI_ID) VALUES('MET_706','FIELD_253');
INSERT INTO PI_METRIC (PME_ID,PME_NAME,PC3_ID,PME_DIMENSION,PME_UNIT) VALUES('MET_707','Percentage of customer problems solved within stated time frame (say, 48 hours)','U03', 'DIM_10' ,'%' );
INSERT INTO PI_METRIC_FIELDS (PME_ID,PFI_ID) VALUES('MET_707','FIELD_91');
INSERT INTO PI_METRIC_FIELDS (PME_ID,PFI_ID) VALUES('MET_707','FIELD_253');
INSERT INTO PI_METRIC (PME_ID,PME_NAME,PC3_ID,PME_DIMENSION,PME_UNIT) VALUES('MET_708','Total value of assets dedicated to a specific process','U04', 'DIM_5' ,'' );
INSERT INTO PI_METRIC_FIELDS (PME_ID,PFI_ID) VALUES('MET_708','FIELD_35');
INSERT INTO PI_METRIC_FIELDS (PME_ID,PFI_ID) VALUES('MET_708','FIELD_225');
INSERT INTO PI_METRIC (PME_ID,PME_NAME,PC3_ID,PME_DIMENSION,PME_UNIT) VALUES('MET_709','Frequency of returned purchases','U04', 'DIM_5' ,'' );
INSERT INTO PI_METRIC_FIELDS (PME_ID,PFI_ID) VALUES('MET_709','FIELD_35');
INSERT INTO PI_METRIC_FIELDS (PME_ID,PFI_ID) VALUES('MET_709','FIELD_225');
INSERT INTO PI_METRIC (PME_ID,PME_NAME,PC3_ID,PME_DIMENSION,PME_UNIT) VALUES('MET_710','Ratio of rejects to total items purchased','U04', 'DIM_5' ,'%' );
INSERT INTO PI_METRIC_FIELDS (PME_ID,PFI_ID) VALUES('MET_710','FIELD_35');
INSERT INTO PI_METRIC_FIELDS (PME_ID,PFI_ID) VALUES('MET_710','FIELD_225');
INSERT INTO PI_METRIC (PME_ID,PME_NAME,PC3_ID,PME_DIMENSION,PME_UNIT) VALUES('MET_711','???','U04', 'DIM_6' ,'' );
INSERT INTO PI_METRIC_FIELDS (PME_ID,PFI_ID) VALUES('MET_711','FIELD_65');
INSERT INTO PI_METRIC_FIELDS (PME_ID,PFI_ID) VALUES('MET_711','FIELD_253');
INSERT INTO PI_METRIC (PME_ID,PME_NAME,PC3_ID,PME_DIMENSION,PME_UNIT) VALUES('MET_712','???','U04', 'DIM_8' ,'' );
INSERT INTO PI_METRIC_FIELDS (PME_ID,PFI_ID) VALUES('MET_712','FIELD_266');
INSERT INTO PI_METRIC_FIELDS (PME_ID,PFI_ID) VALUES('MET_712','FIELD_225');
INSERT INTO PI_METRIC (PME_ID,PME_NAME,PC3_ID,PME_DIMENSION,PME_UNIT) VALUES('MET_713','???','U04', 'DIM_10' ,'' );
INSERT INTO PI_METRIC_FIELDS (PME_ID,PFI_ID) VALUES('MET_713','FIELD_91');
INSERT INTO PI_METRIC_FIELDS (PME_ID,PFI_ID) VALUES('MET_713','FIELD_225');
INSERT INTO PI_METRIC (PME_ID,PME_NAME,PC3_ID,PME_DIMENSION,PME_UNIT) VALUES('MET_714','???','U05', 'DIM_5' ,'' );
INSERT INTO PI_METRIC_FIELDS (PME_ID,PFI_ID) VALUES('MET_714','FIELD_35');
INSERT INTO PI_METRIC_FIELDS (PME_ID,PFI_ID) VALUES('MET_714','FIELD_124');
INSERT INTO PI_METRIC (PME_ID,PME_NAME,PC3_ID,PME_DIMENSION,PME_UNIT) VALUES('MET_715','Total cost for a given process','U05', 'DIM_6' ,'$' );
INSERT INTO PI_METRIC_FIELDS (PME_ID,PFI_ID) VALUES('MET_715','FIELD_65');
INSERT INTO PI_METRIC_FIELDS (PME_ID,PFI_ID) VALUES('MET_715','FIELD_124');
INSERT INTO PI_METRIC (PME_ID,PME_NAME,PC3_ID,PME_DIMENSION,PME_UNIT) VALUES('MET_716','???','U05', 'DIM_8' ,'' );
INSERT INTO PI_METRIC_FIELDS (PME_ID,PFI_ID) VALUES('MET_716','FIELD_266');
INSERT INTO PI_METRIC_FIELDS (PME_ID,PFI_ID) VALUES('MET_716','FIELD_124');
INSERT INTO PI_METRIC (PME_ID,PME_NAME,PC3_ID,PME_DIMENSION,PME_UNIT) VALUES('MET_717','???','U05', 'DIM_10' ,'' );
INSERT INTO PI_METRIC_FIELDS (PME_ID,PFI_ID) VALUES('MET_717','FIELD_91');
INSERT INTO PI_METRIC_FIELDS (PME_ID,PFI_ID) VALUES('MET_717','FIELD_124');
INSERT INTO PI_METRIC (PME_ID,PME_NAME,PC3_ID,PME_DIMENSION,PME_UNIT) VALUES('MET_718','Percent of delivery deadlines met','U06', 'DIM_5' ,'%' );
INSERT INTO PI_METRIC_FIELDS (PME_ID,PFI_ID) VALUES('MET_718','FIELD_35');
INSERT INTO PI_METRIC_FIELDS (PME_ID,PFI_ID) VALUES('MET_718','FIELD_106');
INSERT INTO PI_METRIC (PME_ID,PME_NAME,PC3_ID,PME_DIMENSION,PME_UNIT) VALUES('MET_719','Rejects per shipment received','U06', 'DIM_5' ,'' );
INSERT INTO PI_METRIC_FIELDS (PME_ID,PFI_ID) VALUES('MET_719','FIELD_35');
INSERT INTO PI_METRIC_FIELDS (PME_ID,PFI_ID) VALUES('MET_719','FIELD_106');
INSERT INTO PI_METRIC (PME_ID,PME_NAME,PC3_ID,PME_DIMENSION,PME_UNIT) VALUES('MET_720','Average cost/ distributor','U06', 'DIM_6' ,'$' );
INSERT INTO PI_METRIC_FIELDS (PME_ID,PFI_ID) VALUES('MET_720','FIELD_65');
INSERT INTO PI_METRIC_FIELDS (PME_ID,PFI_ID) VALUES('MET_720','FIELD_106');
INSERT INTO PI_METRIC (PME_ID,PME_NAME,PC3_ID,PME_DIMENSION,PME_UNIT) VALUES('MET_721','Average delivery cost per truckload shipment','U06', 'DIM_6' ,'$' );
INSERT INTO PI_METRIC_FIELDS (PME_ID,PFI_ID) VALUES('MET_721','FIELD_65');
INSERT INTO PI_METRIC_FIELDS (PME_ID,PFI_ID) VALUES('MET_721','FIELD_106');
INSERT INTO PI_METRIC (PME_ID,PME_NAME,PC3_ID,PME_DIMENSION,PME_UNIT) VALUES('MET_722','???','U06', 'DIM_8' ,'' );
INSERT INTO PI_METRIC_FIELDS (PME_ID,PFI_ID) VALUES('MET_722','FIELD_266');
INSERT INTO PI_METRIC_FIELDS (PME_ID,PFI_ID) VALUES('MET_722','FIELD_106');
INSERT INTO PI_METRIC (PME_ID,PME_NAME,PC3_ID,PME_DIMENSION,PME_UNIT) VALUES('MET_723','Number of on-site visits meeting scheduled commit time expressed as a percentage','U06', 'DIM_9' ,'%' );
INSERT INTO PI_METRIC_FIELDS (PME_ID,PFI_ID) VALUES('MET_723','FIELD_84');
INSERT INTO PI_METRIC (PME_ID,PME_NAME,PC3_ID,PME_DIMENSION,PME_UNIT) VALUES('MET_724','Percent of delivery deadlines met','U06', 'DIM_9' ,'%' );
INSERT INTO PI_METRIC_FIELDS (PME_ID,PFI_ID) VALUES('MET_724','FIELD_84');
INSERT INTO PI_METRIC (PME_ID,PME_NAME,PC3_ID,PME_DIMENSION,PME_UNIT) VALUES('MET_725','Time span from order taking to delivery, measured in days or as a percent of standard','U06', 'DIM_10' ,'Days or %' );
INSERT INTO PI_METRIC_FIELDS (PME_ID,PFI_ID) VALUES('MET_725','FIELD_91');
INSERT INTO PI_METRIC_FIELDS (PME_ID,PFI_ID) VALUES('MET_725','FIELD_106');
INSERT INTO PI_METRIC (PME_ID,PME_NAME,PC3_ID,PME_DIMENSION,PME_UNIT) VALUES('MET_726','Frequency of performance evaluations','U07', 'DIM_5' ,'' );
INSERT INTO PI_METRIC_FIELDS (PME_ID,PFI_ID) VALUES('MET_726','FIELD_35');
INSERT INTO PI_METRIC_FIELDS (PME_ID,PFI_ID) VALUES('MET_726','FIELD_201');
INSERT INTO PI_METRIC (PME_ID,PME_NAME,PC3_ID,PME_DIMENSION,PME_UNIT) VALUES('MET_727','Warranty claims as a percentage of sales or shipments','U07', 'DIM_6' ,'%' );
INSERT INTO PI_METRIC_FIELDS (PME_ID,PFI_ID) VALUES('MET_727','FIELD_65');
INSERT INTO PI_METRIC_FIELDS (PME_ID,PFI_ID) VALUES('MET_727','FIELD_201');
INSERT INTO PI_METRIC (PME_ID,PME_NAME,PC3_ID,PME_DIMENSION,PME_UNIT) VALUES('MET_728','Customer-service function expense per customer','U07', 'DIM_6' ,'' );
INSERT INTO PI_METRIC_FIELDS (PME_ID,PFI_ID) VALUES('MET_728','FIELD_65');
INSERT INTO PI_METRIC_FIELDS (PME_ID,PFI_ID) VALUES('MET_728','FIELD_201');
INSERT INTO PI_METRIC (PME_ID,PME_NAME,PC3_ID,PME_DIMENSION,PME_UNIT) VALUES('MET_729','Number of customer complaints per day','U07', 'DIM_7' ,'#' );
INSERT INTO PI_METRIC_FIELDS (PME_ID,PFI_ID) VALUES('MET_729','FIELD_208');
INSERT INTO PI_METRIC (PME_ID,PME_NAME,PC3_ID,PME_DIMENSION,PME_UNIT) VALUES('MET_730','# of Warranty claims','U07', 'DIM_7' ,'#' );
INSERT INTO PI_METRIC_FIELDS (PME_ID,PFI_ID) VALUES('MET_730','FIELD_208');
INSERT INTO PI_METRIC (PME_ID,PME_NAME,PC3_ID,PME_DIMENSION,PME_UNIT) VALUES('MET_731','???','U07', 'DIM_8' ,'' );
INSERT INTO PI_METRIC_FIELDS (PME_ID,PFI_ID) VALUES('MET_731','FIELD_266');
INSERT INTO PI_METRIC_FIELDS (PME_ID,PFI_ID) VALUES('MET_731','FIELD_201');
INSERT INTO PI_METRIC (PME_ID,PME_NAME,PC3_ID,PME_DIMENSION,PME_UNIT) VALUES('MET_732','???','U07', 'DIM_10' ,'' );
INSERT INTO PI_METRIC_FIELDS (PME_ID,PFI_ID) VALUES('MET_732','FIELD_91');
INSERT INTO PI_METRIC_FIELDS (PME_ID,PFI_ID) VALUES('MET_732','FIELD_201');
