-- MySQL dump 10.13  Distrib 5.6.24, for Win64 (x86_64)
--
-- Host: localhost    Database: osmose_service_svil
-- ------------------------------------------------------
-- Server version	5.5.44

/*!40101 SET @OLD_CHARACTER_SET_CLIENT=@@CHARACTER_SET_CLIENT */;
/*!40101 SET @OLD_CHARACTER_SET_RESULTS=@@CHARACTER_SET_RESULTS */;
/*!40101 SET @OLD_COLLATION_CONNECTION=@@COLLATION_CONNECTION */;
/*!40101 SET NAMES utf8 */;
/*!40103 SET @OLD_TIME_ZONE=@@TIME_ZONE */;
/*!40103 SET TIME_ZONE='+00:00' */;
/*!40014 SET @OLD_UNIQUE_CHECKS=@@UNIQUE_CHECKS, UNIQUE_CHECKS=0 */;
/*!40014 SET @OLD_FOREIGN_KEY_CHECKS=@@FOREIGN_KEY_CHECKS, FOREIGN_KEY_CHECKS=0 */;
/*!40101 SET @OLD_SQL_MODE=@@SQL_MODE, SQL_MODE='NO_AUTO_VALUE_ON_ZERO' */;
/*!40111 SET @OLD_SQL_NOTES=@@SQL_NOTES, SQL_NOTES=0 */;

--
-- Table structure for table `domain`
--

DROP TABLE IF EXISTS `domain`;
/*!40101 SET @saved_cs_client     = @@character_set_client */;
/*!40101 SET character_set_client = utf8 */;
CREATE TABLE `domain` (
  `idDomain` int(11) NOT NULL AUTO_INCREMENT,
  `name` varchar(45) COLLATE utf8_unicode_ci NOT NULL,
  PRIMARY KEY (`idDomain`)
) ENGINE=InnoDB DEFAULT CHARSET=utf8 COLLATE=utf8_unicode_ci;
/*!40101 SET character_set_client = @saved_cs_client */;

--
-- Dumping data for table `domain`
--

LOCK TABLES `domain` WRITE;
/*!40000 ALTER TABLE `domain` DISABLE KEYS */;
/*!40000 ALTER TABLE `domain` ENABLE KEYS */;
UNLOCK TABLES;

--
-- Table structure for table `domainfunc`
--

DROP TABLE IF EXISTS `domainfunc`;
/*!40101 SET @saved_cs_client     = @@character_set_client */;
/*!40101 SET character_set_client = utf8 */;
CREATE TABLE `domainfunc` (
  `idDomainFunc` int(11) NOT NULL AUTO_INCREMENT,
  `domainid` int(11) DEFAULT NULL,
  `funcid` int(11) DEFAULT NULL,
  PRIMARY KEY (`idDomainFunc`),
  KEY `domain_idx` (`domainid`),
  KEY `func_idx` (`funcid`)
) ENGINE=InnoDB DEFAULT CHARSET=utf8 COLLATE=utf8_unicode_ci;
/*!40101 SET character_set_client = @saved_cs_client */;

--
-- Dumping data for table `domainfunc`
--

LOCK TABLES `domainfunc` WRITE;
/*!40000 ALTER TABLE `domainfunc` DISABLE KEYS */;
/*!40000 ALTER TABLE `domainfunc` ENABLE KEYS */;
UNLOCK TABLES;

--
-- Table structure for table `epc_comments`
--

DROP TABLE IF EXISTS `epc_comments`;
/*!40101 SET @saved_cs_client     = @@character_set_client */;
/*!40101 SET character_set_client = utf8 */;
CREATE TABLE `epc_comments` (
  `id` int(11) NOT NULL AUTO_INCREMENT,
  `objectID` varchar(50) NOT NULL DEFAULT '0',
  `comment` varchar(250) NOT NULL DEFAULT '0',
  `worker` varchar(10) NOT NULL DEFAULT '0',
  `commentdate` timestamp NOT NULL DEFAULT CURRENT_TIMESTAMP ON UPDATE CURRENT_TIMESTAMP,
  PRIMARY KEY (`id`)
) ENGINE=MyISAM DEFAULT CHARSET=latin1;
/*!40101 SET character_set_client = @saved_cs_client */;

--
-- Dumping data for table `epc_comments`
--

LOCK TABLES `epc_comments` WRITE;
/*!40000 ALTER TABLE `epc_comments` DISABLE KEYS */;
/*!40000 ALTER TABLE `epc_comments` ENABLE KEYS */;
UNLOCK TABLES;

--
-- Table structure for table `epc_history`
--

DROP TABLE IF EXISTS `epc_history`;
/*!40101 SET @saved_cs_client     = @@character_set_client */;
/*!40101 SET character_set_client = utf8 */;
CREATE TABLE `epc_history` (
  `idEPC_History` int(11) NOT NULL AUTO_INCREMENT,
  `objectid` varchar(45) COLLATE utf8_unicode_ci DEFAULT NULL,
  `description` longtext COLLATE utf8_unicode_ci,
  `create_date` timestamp NULL DEFAULT NULL,
  PRIMARY KEY (`idEPC_History`),
  KEY `obj_idx` (`objectid`)
) ENGINE=InnoDB DEFAULT CHARSET=utf8 COLLATE=utf8_unicode_ci;
/*!40101 SET character_set_client = @saved_cs_client */;

--
-- Dumping data for table `epc_history`
--

LOCK TABLES `epc_history` WRITE;
/*!40000 ALTER TABLE `epc_history` DISABLE KEYS */;
/*!40000 ALTER TABLE `epc_history` ENABLE KEYS */;
UNLOCK TABLES;

--
-- Table structure for table `epc_mediaattachment`
--

DROP TABLE IF EXISTS `epc_mediaattachment`;
/*!40101 SET @saved_cs_client     = @@character_set_client */;
/*!40101 SET character_set_client = utf8 */;
CREATE TABLE `epc_mediaattachment` (
  `idEPC_Docs` int(11) NOT NULL AUTO_INCREMENT,
  `objectid` varchar(45) COLLATE utf8_unicode_ci DEFAULT NULL,
  `description` longtext COLLATE utf8_unicode_ci,
  `create_date` timestamp NULL DEFAULT NULL,
  `url` varchar(255) COLLATE utf8_unicode_ci DEFAULT NULL,
  `media_type` int(11) DEFAULT NULL,
  `filename` varchar(45) COLLATE utf8_unicode_ci DEFAULT NULL,
  PRIMARY KEY (`idEPC_Docs`),
  KEY `obj_idx` (`objectid`),
  KEY `media_idx` (`media_type`)
) ENGINE=InnoDB DEFAULT CHARSET=utf8 COLLATE=utf8_unicode_ci;
/*!40101 SET character_set_client = @saved_cs_client */;

--
-- Dumping data for table `epc_mediaattachment`
--

LOCK TABLES `epc_mediaattachment` WRITE;
/*!40000 ALTER TABLE `epc_mediaattachment` DISABLE KEYS */;
/*!40000 ALTER TABLE `epc_mediaattachment` ENABLE KEYS */;
UNLOCK TABLES;

--
-- Table structure for table `epc_mediatype`
--

DROP TABLE IF EXISTS `epc_mediatype`;
/*!40101 SET @saved_cs_client     = @@character_set_client */;
/*!40101 SET character_set_client = utf8 */;
CREATE TABLE `epc_mediatype` (
  `idEPC_MediaType` int(11) NOT NULL,
  `name` varchar(45) COLLATE utf8_unicode_ci DEFAULT NULL,
  PRIMARY KEY (`idEPC_MediaType`)
) ENGINE=InnoDB DEFAULT CHARSET=utf8 COLLATE=utf8_unicode_ci;
/*!40101 SET character_set_client = @saved_cs_client */;

--
-- Dumping data for table `epc_mediatype`
--

LOCK TABLES `epc_mediatype` WRITE;
/*!40000 ALTER TABLE `epc_mediatype` DISABLE KEYS */;
/*!40000 ALTER TABLE `epc_mediatype` ENABLE KEYS */;
UNLOCK TABLES;

--
-- Table structure for table `epc_objects`
--

DROP TABLE IF EXISTS `epc_objects`;
/*!40101 SET @saved_cs_client     = @@character_set_client */;
/*!40101 SET character_set_client = utf8 */;
CREATE TABLE `epc_objects` (
  `EPC_idObject` int(11) NOT NULL AUTO_INCREMENT,
  `statusid` int(11) DEFAULT NULL,
  `objectid` varchar(45) COLLATE utf8_unicode_ci DEFAULT NULL,
  `lotid` varchar(50) COLLATE utf8_unicode_ci DEFAULT NULL,
  `workerid` varchar(50) COLLATE utf8_unicode_ci DEFAULT NULL,
  `productiondate` timestamp NULL DEFAULT NULL,
  PRIMARY KEY (`EPC_idObject`),
  KEY `status_idx` (`statusid`)
) ENGINE=InnoDB DEFAULT CHARSET=utf8 COLLATE=utf8_unicode_ci;
/*!40101 SET character_set_client = @saved_cs_client */;

--
-- Dumping data for table `epc_objects`
--

LOCK TABLES `epc_objects` WRITE;
/*!40000 ALTER TABLE `epc_objects` DISABLE KEYS */;
/*!40000 ALTER TABLE `epc_objects` ENABLE KEYS */;
UNLOCK TABLES;

--
-- Table structure for table `epc_status`
--

DROP TABLE IF EXISTS `epc_status`;
/*!40101 SET @saved_cs_client     = @@character_set_client */;
/*!40101 SET character_set_client = utf8 */;
CREATE TABLE `epc_status` (
  `idEPC_Status` int(11) NOT NULL AUTO_INCREMENT,
  `name` varchar(20) COLLATE utf8_unicode_ci DEFAULT NULL COMMENT 'Bisogna pensare se serve anche la "storia" del cambio stato',
  PRIMARY KEY (`idEPC_Status`)
) ENGINE=InnoDB DEFAULT CHARSET=utf8 COLLATE=utf8_unicode_ci;
/*!40101 SET character_set_client = @saved_cs_client */;

--
-- Dumping data for table `epc_status`
--

LOCK TABLES `epc_status` WRITE;
/*!40000 ALTER TABLE `epc_status` DISABLE KEYS */;
/*!40000 ALTER TABLE `epc_status` ENABLE KEYS */;
UNLOCK TABLES;

--
-- Table structure for table `foldertaxonomy`
--

DROP TABLE IF EXISTS `foldertaxonomy`;
/*!40101 SET @saved_cs_client     = @@character_set_client */;
/*!40101 SET character_set_client = utf8 */;
CREATE TABLE `foldertaxonomy` (
  `ID` int(11) NOT NULL AUTO_INCREMENT,
  `Name` varchar(45) COLLATE utf8_unicode_ci NOT NULL,
  `ParentID` int(11) DEFAULT NULL,
  `DomainID` int(11) NOT NULL,
  PRIMARY KEY (`ID`)
) ENGINE=InnoDB DEFAULT CHARSET=utf8 COLLATE=utf8_unicode_ci;
/*!40101 SET character_set_client = @saved_cs_client */;

--
-- Dumping data for table `foldertaxonomy`
--

LOCK TABLES `foldertaxonomy` WRITE;
/*!40000 ALTER TABLE `foldertaxonomy` DISABLE KEYS */;
/*!40000 ALTER TABLE `foldertaxonomy` ENABLE KEYS */;
UNLOCK TABLES;

--
-- Table structure for table `functionalities`
--

DROP TABLE IF EXISTS `functionalities`;
/*!40101 SET @saved_cs_client     = @@character_set_client */;
/*!40101 SET character_set_client = utf8 */;
CREATE TABLE `functionalities` (
  `idFunc` int(11) NOT NULL AUTO_INCREMENT,
  `name` varchar(45) COLLATE utf8_unicode_ci NOT NULL,
  PRIMARY KEY (`idFunc`)
) ENGINE=InnoDB DEFAULT CHARSET=utf8 COLLATE=utf8_unicode_ci;
/*!40101 SET character_set_client = @saved_cs_client */;

--
-- Dumping data for table `functionalities`
--

LOCK TABLES `functionalities` WRITE;
/*!40000 ALTER TABLE `functionalities` DISABLE KEYS */;
/*!40000 ALTER TABLE `functionalities` ENABLE KEYS */;
UNLOCK TABLES;

--
-- Table structure for table `notifications`
--

DROP TABLE IF EXISTS `notifications`;
/*!40101 SET @saved_cs_client     = @@character_set_client */;
/*!40101 SET character_set_client = utf8 */;
CREATE TABLE `notifications` (
  `idNotifications` int(11) NOT NULL AUTO_INCREMENT,
  `domainid` int(11) DEFAULT NULL,
  `userid` int(11) DEFAULT NULL,
  `funcid` int(11) DEFAULT NULL,
  `objid` varchar(45) COLLATE utf8_unicode_ci DEFAULT NULL,
  `read` tinyint(1) DEFAULT '0',
  `create_date` timestamp NULL DEFAULT CURRENT_TIMESTAMP,
  `read_date` timestamp NULL DEFAULT NULL,
  PRIMARY KEY (`idNotifications`),
  KEY `domain_idx` (`domainid`),
  KEY `user_idx` (`userid`),
  KEY `func_idx` (`funcid`)
) ENGINE=InnoDB DEFAULT CHARSET=utf8 COLLATE=utf8_unicode_ci;
/*!40101 SET character_set_client = @saved_cs_client */;

--
-- Dumping data for table `notifications`
--

LOCK TABLES `notifications` WRITE;
/*!40000 ALTER TABLE `notifications` DISABLE KEYS */;
/*!40000 ALTER TABLE `notifications` ENABLE KEYS */;
UNLOCK TABLES;

--
-- Table structure for table `od_attribute`
--

DROP TABLE IF EXISTS `od_attribute`;
/*!40101 SET @saved_cs_client     = @@character_set_client */;
/*!40101 SET character_set_client = utf8 */;
CREATE TABLE `od_attribute` (
  `AttributeId` int(11) NOT NULL AUTO_INCREMENT,
  `Name` varchar(50) NOT NULL DEFAULT '0',
  `Type` char(1) NOT NULL DEFAULT '0' COMMENT 'N/T/L Numeber/Test/Link',
  PRIMARY KEY (`AttributeId`)
) ENGINE=MyISAM AUTO_INCREMENT=8 DEFAULT CHARSET=latin1;
/*!40101 SET character_set_client = @saved_cs_client */;

--
-- Dumping data for table `od_attribute`
--

LOCK TABLES `od_attribute` WRITE;
/*!40000 ALTER TABLE `od_attribute` DISABLE KEYS */;
INSERT INTO `od_attribute` VALUES (1,'Themperature','N'),(2,'Panic','N'),(3,'Pressure','N'),(4,'Gas','N'),(5,'AxelSimX','N'),(6,'AxelSimY','N'),(7,'Humidity','N');
/*!40000 ALTER TABLE `od_attribute` ENABLE KEYS */;
UNLOCK TABLES;

--
-- Table structure for table `od_attributevalue`
--

DROP TABLE IF EXISTS `od_attributevalue`;
/*!40101 SET @saved_cs_client     = @@character_set_client */;
/*!40101 SET character_set_client = utf8 */;
CREATE TABLE `od_attributevalue` (
  `RecordId` int(11) NOT NULL AUTO_INCREMENT,
  `ItemId` int(11) NOT NULL DEFAULT '0',
  `AttributeId` int(11) NOT NULL DEFAULT '0',
  `Value` varchar(150) NOT NULL DEFAULT '0',
  `Time` timestamp NOT NULL DEFAULT CURRENT_TIMESTAMP,
  PRIMARY KEY (`RecordId`)
) ENGINE=MyISAM AUTO_INCREMENT=1163 DEFAULT CHARSET=latin1;
/*!40101 SET character_set_client = @saved_cs_client */;

--
-- Dumping data for table `od_attributevalue`
--

LOCK TABLES `od_attributevalue` WRITE;
/*!40000 ALTER TABLE `od_attributevalue` DISABLE KEYS */;
INSERT INTO `od_attributevalue` VALUES (1,1,1,'100','2016-09-29 13:03:30'),(2,1,2,'45','2016-09-29 13:03:56'),(3,1,3,'37','2016-09-29 13:04:10'),(4,1,4,'0','2016-09-29 13:04:24'),(5,1,2,'55','2016-09-29 13:04:56'),(6,1,1,'20','2016-09-30 10:38:53'),(7,1,1,'20','2016-09-30 10:55:54'),(8,1,4,'0','2016-09-30 10:55:54'),(9,1,1,'20','2016-09-30 10:56:57'),(10,1,4,'0','2016-09-30 10:56:57'),(11,1,1,'20','2016-09-30 10:59:00'),(12,1,4,'0','2016-09-30 10:59:00'),(13,1,1,'25','2016-09-30 11:19:08'),(14,1,4,'0','2016-09-30 11:19:08'),(15,1,1,'29','2016-09-30 13:18:42'),(16,1,4,'0','2016-09-30 13:18:42'),(17,1,2,'','2016-09-30 13:18:42'),(18,1,3,'1023','2016-09-30 13:18:42'),(19,1,5,'790','2016-09-30 13:18:42'),(20,1,6,'643','2016-09-30 13:18:42'),(21,1,5,'','2016-09-30 13:18:42'),(22,1,1,'4','2016-10-05 13:38:45'),(23,1,4,'','2016-10-05 13:38:45'),(24,1,2,'45','2016-10-05 13:38:45'),(25,1,3,'','2016-10-05 13:38:45'),(26,1,5,'','2016-10-05 13:38:45'),(27,1,6,'','2016-10-05 13:38:45'),(28,1,7,'67','2016-10-05 13:38:45'),(29,1,1,'20','2016-10-05 13:38:58'),(30,1,4,'0','2016-10-05 13:38:58'),(31,1,2,'','2016-10-05 13:38:58'),(32,1,3,'1023','2016-10-05 13:38:58'),(33,1,5,'790','2016-10-05 13:38:58'),(34,1,6,'643','2016-10-05 13:38:58'),(35,1,7,'','2016-10-05 13:38:58'),(36,1,1,'20','2016-10-13 11:07:38'),(37,1,4,'0','2016-10-13 11:07:38'),(38,1,2,'','2016-10-13 11:07:38'),(39,1,3,'1023','2016-10-13 11:07:38'),(40,1,5,'790','2016-10-13 11:07:38'),(41,1,6,'643','2016-10-13 11:07:38'),(42,1,7,'','2016-10-13 11:07:38'),(43,1,1,'20','2016-10-13 11:07:55'),(44,1,4,'0','2016-10-13 11:07:55'),(45,1,2,'','2016-10-13 11:07:55'),(46,1,3,'1023','2016-10-13 11:07:55'),(47,1,5,'790','2016-10-13 11:07:55'),(48,1,6,'643','2016-10-13 11:07:55'),(49,1,7,'','2016-10-13 11:07:55'),(50,1,1,'20','2016-10-13 11:07:58'),(51,1,4,'0','2016-10-13 11:07:58'),(52,1,2,'','2016-10-13 11:07:58'),(53,1,3,'1023','2016-10-13 11:07:58'),(54,1,5,'790','2016-10-13 11:07:58'),(55,1,6,'643','2016-10-13 11:07:58'),(56,1,7,'','2016-10-13 11:07:58'),(57,1,1,'20','2016-10-13 11:08:39'),(58,1,4,'0','2016-10-13 11:08:39'),(59,1,2,'','2016-10-13 11:08:39'),(60,1,3,'1023','2016-10-13 11:08:39'),(61,1,5,'790','2016-10-13 11:08:39'),(62,1,6,'643','2016-10-13 11:08:39'),(63,1,7,'','2016-10-13 11:08:39'),(64,1,1,'20','2016-10-13 11:13:06'),(65,1,4,'0','2016-10-13 11:13:06'),(66,1,2,'','2016-10-13 11:13:06'),(67,1,3,'1023','2016-10-13 11:13:06'),(68,1,5,'790','2016-10-13 11:13:06'),(69,1,6,'643','2016-10-13 11:13:06'),(70,1,7,'','2016-10-13 11:13:06'),(71,1,1,'20','2016-10-13 11:13:35'),(72,1,4,'0','2016-10-13 11:13:35'),(73,1,2,'','2016-10-13 11:13:35'),(74,1,3,'1023','2016-10-13 11:13:35'),(75,1,5,'790','2016-10-13 11:13:35'),(76,1,6,'643','2016-10-13 11:13:35'),(77,1,7,'','2016-10-13 11:13:35'),(78,1,1,'20','2016-10-13 11:15:37'),(79,1,4,'0','2016-10-13 11:15:37'),(80,1,2,'','2016-10-13 11:15:37'),(81,1,3,'1023','2016-10-13 11:15:37'),(82,1,5,'790','2016-10-13 11:15:37'),(83,1,6,'643','2016-10-13 11:15:37'),(84,1,7,'','2016-10-13 11:15:37'),(85,1,1,'20','2016-10-13 11:15:52'),(86,1,4,'0','2016-10-13 11:15:52'),(87,1,2,'','2016-10-13 11:15:52'),(88,1,3,'1023','2016-10-13 11:15:52'),(89,1,5,'790','2016-10-13 11:15:52'),(90,1,6,'643','2016-10-13 11:15:52'),(91,1,7,'','2016-10-13 11:15:52'),(92,1,1,'20','2016-10-13 11:19:22'),(93,1,4,'0','2016-10-13 11:19:22'),(94,1,2,'','2016-10-13 11:19:22'),(95,1,3,'1023','2016-10-13 11:19:22'),(96,1,5,'790','2016-10-13 11:19:22'),(97,1,6,'643','2016-10-13 11:19:22'),(98,1,7,'','2016-10-13 11:19:22'),(99,1,1,'20','2016-10-13 11:19:26'),(100,1,4,'0','2016-10-13 11:19:26'),(101,1,2,'','2016-10-13 11:19:26'),(102,1,3,'1023','2016-10-13 11:19:26'),(103,1,5,'790','2016-10-13 11:19:26'),(104,1,6,'643','2016-10-13 11:19:26'),(105,1,7,'','2016-10-13 11:19:26'),(106,1,1,'20','2016-10-13 11:20:36'),(107,1,4,'0','2016-10-13 11:20:36'),(108,1,2,'','2016-10-13 11:20:36'),(109,1,3,'1023','2016-10-13 11:20:36'),(110,1,5,'790','2016-10-13 11:20:36'),(111,1,6,'643','2016-10-13 11:20:36'),(112,1,7,'','2016-10-13 11:20:36'),(113,1,1,'20','2016-10-13 11:22:09'),(114,1,4,'0','2016-10-13 11:22:09'),(115,1,2,'','2016-10-13 11:22:09'),(116,1,3,'102','2016-10-13 11:22:09'),(117,1,5,'790','2016-10-13 11:22:09'),(118,1,6,'643','2016-10-13 11:22:09'),(119,1,7,'','2016-10-13 11:22:09'),(120,1,1,'20','2016-10-13 11:22:11'),(121,1,4,'0','2016-10-13 11:22:11'),(122,1,2,'','2016-10-13 11:22:11'),(123,1,3,'102','2016-10-13 11:22:11'),(124,1,5,'790','2016-10-13 11:22:11'),(125,1,6,'643','2016-10-13 11:22:11'),(126,1,7,'','2016-10-13 11:22:11'),(127,1,1,'20','2016-10-13 11:22:28'),(128,1,4,'0','2016-10-13 11:22:28'),(129,1,2,'','2016-10-13 11:22:28'),(130,1,3,'10','2016-10-13 11:22:28'),(131,1,5,'790','2016-10-13 11:22:28'),(132,1,6,'643','2016-10-13 11:22:28'),(133,1,7,'','2016-10-13 11:22:28'),(134,1,1,'20','2016-10-13 11:23:51'),(135,1,4,'1','2016-10-13 11:23:51'),(136,1,2,'','2016-10-13 11:23:51'),(137,1,3,'1023','2016-10-13 11:23:51'),(138,1,5,'7988','2016-10-13 11:23:51'),(139,1,6,'69','2016-10-13 11:23:51'),(140,1,7,'','2016-10-13 11:23:51'),(141,1,1,'20','2016-10-13 11:25:39'),(142,1,4,'1','2016-10-13 11:25:39'),(143,1,2,'','2016-10-13 11:25:39'),(144,1,3,'1023','2016-10-13 11:25:39'),(145,1,5,'7988','2016-10-13 11:25:39'),(146,1,6,'69','2016-10-13 11:25:39'),(147,1,7,'','2016-10-13 11:25:39'),(148,1,1,'20','2016-10-13 11:25:47'),(149,1,4,'1','2016-10-13 11:25:47'),(150,1,2,'','2016-10-13 11:25:47'),(151,1,3,'1023','2016-10-13 11:25:47'),(152,1,5,'7988','2016-10-13 11:25:47'),(153,1,6,'69','2016-10-13 11:25:47'),(154,1,7,'','2016-10-13 11:25:47'),(155,1,1,'20','2016-10-13 11:26:33'),(156,1,4,'0','2016-10-13 11:26:33'),(157,1,2,'','2016-10-13 11:26:33'),(158,1,3,'1023','2016-10-13 11:26:33'),(159,1,5,'7988','2016-10-13 11:26:33'),(160,1,6,'69','2016-10-13 11:26:33'),(161,1,7,'','2016-10-13 11:26:33'),(162,1,1,'20','2016-10-13 11:26:47'),(163,1,4,'0','2016-10-13 11:26:47'),(164,1,2,'','2016-10-13 11:26:47'),(165,1,3,'1023','2016-10-13 11:26:47'),(166,1,5,'7988','2016-10-13 11:26:47'),(167,1,6,'69','2016-10-13 11:26:47'),(168,1,7,'','2016-10-13 11:26:47'),(169,1,1,'20','2016-10-13 12:17:54'),(170,1,4,'1','2016-10-13 12:17:54'),(171,1,2,'','2016-10-13 12:17:54'),(172,1,3,'1023','2016-10-13 12:17:54'),(173,1,5,'7988','2016-10-13 12:17:54'),(174,1,6,'69','2016-10-13 12:17:54'),(175,1,7,'','2016-10-13 12:17:54'),(176,1,1,'20','2016-10-13 12:18:19'),(177,1,4,'0','2016-10-13 12:18:19'),(178,1,2,'','2016-10-13 12:18:19'),(179,1,3,'1023','2016-10-13 12:18:19'),(180,1,5,'7988','2016-10-13 12:18:19'),(181,1,6,'69','2016-10-13 12:18:19'),(182,1,7,'','2016-10-13 12:18:19'),(183,1,1,'20','2016-10-13 12:42:44'),(184,1,4,'0','2016-10-13 12:42:44'),(185,1,2,'','2016-10-13 12:42:44'),(186,1,3,'1023','2016-10-13 12:42:44'),(187,1,5,'7988','2016-10-13 12:42:44'),(188,1,6,'69','2016-10-13 12:42:44'),(189,1,7,'','2016-10-13 12:42:44'),(190,1,1,'20','2016-10-13 12:42:50'),(191,1,4,'0','2016-10-13 12:42:50'),(192,1,2,'','2016-10-13 12:42:50'),(193,1,3,'1023','2016-10-13 12:42:50'),(194,1,5,'7988','2016-10-13 12:42:50'),(195,1,6,'69','2016-10-13 12:42:50'),(196,1,7,'','2016-10-13 12:42:50'),(197,1,1,'20','2016-10-13 12:42:55'),(198,1,4,'0','2016-10-13 12:42:55'),(199,1,2,'','2016-10-13 12:42:55'),(200,1,3,'1023','2016-10-13 12:42:55'),(201,1,5,'7988','2016-10-13 12:42:55'),(202,1,6,'69','2016-10-13 12:42:55'),(203,1,7,'','2016-10-13 12:42:55'),(204,1,1,'20','2016-10-13 12:42:57'),(205,1,4,'0','2016-10-13 12:42:57'),(206,1,2,'','2016-10-13 12:42:57'),(207,1,3,'1023','2016-10-13 12:42:57'),(208,1,5,'7988','2016-10-13 12:42:57'),(209,1,6,'69','2016-10-13 12:42:57'),(210,1,7,'','2016-10-13 12:42:57'),(211,1,1,'20','2016-10-13 12:46:52'),(212,1,4,'0','2016-10-13 12:46:52'),(213,1,2,'79','2016-10-13 12:46:52'),(214,1,3,'1023','2016-10-13 12:46:52'),(215,1,5,'7988','2016-10-13 12:46:52'),(216,1,6,'69','2016-10-13 12:46:52'),(217,1,7,'20','2016-10-13 12:46:52'),(218,1,1,'20','2016-10-13 12:46:54'),(219,1,4,'0','2016-10-13 12:46:54'),(220,1,2,'79','2016-10-13 12:46:54'),(221,1,3,'1023','2016-10-13 12:46:54'),(222,1,5,'7988','2016-10-13 12:46:54'),(223,1,6,'69','2016-10-13 12:46:54'),(224,1,7,'20','2016-10-13 12:46:54'),(225,1,1,'20','2016-10-13 12:46:56'),(226,1,4,'0','2016-10-13 12:46:56'),(227,1,2,'79','2016-10-13 12:46:56'),(228,1,3,'1023','2016-10-13 12:46:56'),(229,1,5,'7988','2016-10-13 12:46:56'),(230,1,6,'69','2016-10-13 12:46:56'),(231,1,7,'20','2016-10-13 12:46:56'),(232,1,1,'20','2016-10-13 12:46:57'),(233,1,4,'0','2016-10-13 12:46:57'),(234,1,2,'79','2016-10-13 12:46:57'),(235,1,3,'1023','2016-10-13 12:46:57'),(236,1,5,'7988','2016-10-13 12:46:57'),(237,1,6,'69','2016-10-13 12:46:57'),(238,1,7,'20','2016-10-13 12:46:57'),(239,1,1,'20','2016-10-13 12:47:01'),(240,1,4,'0','2016-10-13 12:47:01'),(241,1,2,'79','2016-10-13 12:47:01'),(242,1,3,'1023','2016-10-13 12:47:01'),(243,1,5,'7988','2016-10-13 12:47:01'),(244,1,6,'29','2016-10-13 12:47:01'),(245,1,7,'20','2016-10-13 12:47:01'),(246,1,1,'20','2016-10-13 12:47:09'),(247,1,4,'0','2016-10-13 12:47:09'),(248,1,2,'79','2016-10-13 12:47:09'),(249,1,3,'1023','2016-10-13 12:47:09'),(250,1,5,'7988','2016-10-13 12:47:09'),(251,1,6,'29','2016-10-13 12:47:09'),(252,1,7,'20','2016-10-13 12:47:09'),(253,1,1,'20','2016-10-13 12:47:16'),(254,1,4,'0','2016-10-13 12:47:16'),(255,1,2,'79','2016-10-13 12:47:16'),(256,1,3,'1023','2016-10-13 12:47:16'),(257,1,5,'7988','2016-10-13 12:47:16'),(258,1,6,'29','2016-10-13 12:47:16'),(259,1,7,'2220','2016-10-13 12:47:16'),(260,1,1,'20','2016-10-13 12:47:20'),(261,1,4,'0','2016-10-13 12:47:20'),(262,1,2,'79','2016-10-13 12:47:20'),(263,1,3,'1023','2016-10-13 12:47:20'),(264,1,5,'7988','2016-10-13 12:47:20'),(265,1,6,'29','2016-10-13 12:47:20'),(266,1,7,'2220','2016-10-13 12:47:20'),(267,1,1,'20','2016-10-13 12:58:11'),(268,1,4,'0','2016-10-13 12:58:11'),(269,1,2,'79','2016-10-13 12:58:11'),(270,1,3,'1023','2016-10-13 12:58:11'),(271,1,5,'7988','2016-10-13 12:58:11'),(272,1,6,'29','2016-10-13 12:58:11'),(273,1,7,'2220','2016-10-13 12:58:11'),(274,1,1,'20','2016-10-13 12:58:14'),(275,1,4,'0','2016-10-13 12:58:14'),(276,1,2,'79','2016-10-13 12:58:14'),(277,1,3,'1023','2016-10-13 12:58:14'),(278,1,5,'7988','2016-10-13 12:58:14'),(279,1,6,'29','2016-10-13 12:58:14'),(280,1,7,'2220','2016-10-13 12:58:14'),(281,1,1,'20','2016-10-13 12:58:17'),(282,1,4,'0','2016-10-13 12:58:17'),(283,1,2,'79','2016-10-13 12:58:17'),(284,1,3,'1023','2016-10-13 12:58:17'),(285,1,5,'7988','2016-10-13 12:58:17'),(286,1,6,'29','2016-10-13 12:58:17'),(287,1,7,'2220','2016-10-13 12:58:17'),(288,1,1,'20','2016-10-13 12:58:18'),(289,1,4,'0','2016-10-13 12:58:18'),(290,1,2,'79','2016-10-13 12:58:18'),(291,1,3,'1023','2016-10-13 12:58:18'),(292,1,5,'7988','2016-10-13 12:58:18'),(293,1,6,'29','2016-10-13 12:58:18'),(294,1,7,'2220','2016-10-13 12:58:18'),(295,1,1,'20','2016-10-13 12:58:19'),(296,1,4,'0','2016-10-13 12:58:19'),(297,1,2,'79','2016-10-13 12:58:19'),(298,1,3,'1023','2016-10-13 12:58:19'),(299,1,5,'7988','2016-10-13 12:58:19'),(300,1,6,'29','2016-10-13 12:58:19'),(301,1,7,'2220','2016-10-13 12:58:19'),(302,1,1,'20','2016-10-13 12:58:27'),(303,1,4,'1','2016-10-13 12:58:27'),(304,1,2,'79','2016-10-13 12:58:27'),(305,1,3,'1023','2016-10-13 12:58:27'),(306,1,5,'7988','2016-10-13 12:58:27'),(307,1,6,'29','2016-10-13 12:58:27'),(308,1,7,'2220','2016-10-13 12:58:27'),(309,1,1,'20','2016-10-13 12:58:30'),(310,1,4,'1','2016-10-13 12:58:30'),(311,1,2,'79','2016-10-13 12:58:30'),(312,1,3,'1023','2016-10-13 12:58:30'),(313,1,5,'7988','2016-10-13 12:58:30'),(314,1,6,'29','2016-10-13 12:58:30'),(315,1,7,'2220','2016-10-13 12:58:30'),(316,1,1,'20','2016-10-13 12:58:31'),(317,1,4,'1','2016-10-13 12:58:31'),(318,1,2,'79','2016-10-13 12:58:31'),(319,1,3,'1023','2016-10-13 12:58:31'),(320,1,5,'7988','2016-10-13 12:58:31'),(321,1,6,'29','2016-10-13 12:58:31'),(322,1,7,'2220','2016-10-13 12:58:31'),(323,1,1,'20','2016-10-13 12:58:32'),(324,1,4,'1','2016-10-13 12:58:32'),(325,1,2,'79','2016-10-13 12:58:32'),(326,1,3,'1023','2016-10-13 12:58:32'),(327,1,5,'7988','2016-10-13 12:58:32'),(328,1,6,'29','2016-10-13 12:58:32'),(329,1,7,'2220','2016-10-13 12:58:32'),(330,1,1,'20','2016-10-13 12:58:32'),(331,1,4,'1','2016-10-13 12:58:32'),(332,1,2,'79','2016-10-13 12:58:32'),(333,1,3,'1023','2016-10-13 12:58:32'),(334,1,5,'7988','2016-10-13 12:58:32'),(335,1,6,'29','2016-10-13 12:58:32'),(336,1,7,'2220','2016-10-13 12:58:32'),(337,1,1,'20','2016-10-13 12:58:32'),(338,1,4,'1','2016-10-13 12:58:32'),(339,1,2,'79','2016-10-13 12:58:32'),(340,1,3,'1023','2016-10-13 12:58:32'),(341,1,5,'7988','2016-10-13 12:58:32'),(342,1,6,'29','2016-10-13 12:58:32'),(343,1,7,'2220','2016-10-13 12:58:32'),(344,1,1,'20','2016-10-13 12:58:32'),(345,1,4,'1','2016-10-13 12:58:32'),(346,1,2,'79','2016-10-13 12:58:32'),(347,1,3,'1023','2016-10-13 12:58:32'),(348,1,5,'7988','2016-10-13 12:58:32'),(349,1,6,'29','2016-10-13 12:58:32'),(350,1,7,'2220','2016-10-13 12:58:32'),(351,1,1,'20','2016-10-13 12:58:59'),(352,1,4,'1','2016-10-13 12:58:59'),(353,1,2,'79','2016-10-13 12:58:59'),(354,1,3,'1023','2016-10-13 12:58:59'),(355,1,5,'7980','2016-10-13 12:58:59'),(356,1,6,'29','2016-10-13 12:58:59'),(357,1,7,'2220','2016-10-13 12:58:59'),(358,1,1,'20','2016-10-13 12:59:13'),(359,1,4,'1','2016-10-13 12:59:13'),(360,1,2,'79','2016-10-13 12:59:13'),(361,1,3,'1023','2016-10-13 12:59:13'),(362,1,5,'7980','2016-10-13 12:59:13'),(363,1,6,'29','2016-10-13 12:59:13'),(364,1,7,'2220','2016-10-13 12:59:13'),(365,1,1,'20','2016-10-13 12:59:15'),(366,1,4,'1','2016-10-13 12:59:15'),(367,1,2,'79','2016-10-13 12:59:15'),(368,1,3,'1023','2016-10-13 12:59:15'),(369,1,5,'7980','2016-10-13 12:59:15'),(370,1,6,'29','2016-10-13 12:59:15'),(371,1,7,'2220','2016-10-13 12:59:15'),(372,1,1,'20','2016-10-13 12:59:16'),(373,1,4,'1','2016-10-13 12:59:16'),(374,1,2,'79','2016-10-13 12:59:16'),(375,1,3,'1023','2016-10-13 12:59:16'),(376,1,5,'7980','2016-10-13 12:59:16'),(377,1,6,'29','2016-10-13 12:59:16'),(378,1,7,'2220','2016-10-13 12:59:16'),(379,1,1,'20','2016-10-13 12:59:17'),(380,1,4,'1','2016-10-13 12:59:17'),(381,1,2,'79','2016-10-13 12:59:17'),(382,1,3,'1023','2016-10-13 12:59:17'),(383,1,5,'7980','2016-10-13 12:59:17'),(384,1,6,'29','2016-10-13 12:59:17'),(385,1,7,'2220','2016-10-13 12:59:17'),(386,1,1,'20','2016-10-13 12:59:18'),(387,1,4,'1','2016-10-13 12:59:18'),(388,1,2,'79','2016-10-13 12:59:18'),(389,1,3,'1023','2016-10-13 12:59:18'),(390,1,5,'7980','2016-10-13 12:59:18'),(391,1,6,'29','2016-10-13 12:59:18'),(392,1,7,'2220','2016-10-13 12:59:18'),(393,1,1,'20','2016-10-13 12:59:26'),(394,1,4,'1','2016-10-13 12:59:26'),(395,1,2,'79','2016-10-13 12:59:26'),(396,1,3,'1023','2016-10-13 12:59:26'),(397,1,5,'7980','2016-10-13 12:59:26'),(398,1,6,'29','2016-10-13 12:59:26'),(399,1,7,'2220','2016-10-13 12:59:26'),(400,1,1,'20','2016-10-13 12:59:32'),(401,1,4,'1','2016-10-13 12:59:32'),(402,1,2,'79','2016-10-13 12:59:32'),(403,1,3,'1023','2016-10-13 12:59:32'),(404,1,5,'7980','2016-10-13 12:59:32'),(405,1,6,'29','2016-10-13 12:59:32'),(406,1,7,'2220','2016-10-13 12:59:32'),(407,1,1,'20','2016-10-13 12:59:33'),(408,1,4,'1','2016-10-13 12:59:33'),(409,1,2,'79','2016-10-13 12:59:33'),(410,1,3,'1023','2016-10-13 12:59:33'),(411,1,5,'7980','2016-10-13 12:59:33'),(412,1,6,'29','2016-10-13 12:59:33'),(413,1,7,'2220','2016-10-13 12:59:33'),(414,1,1,'20','2016-10-13 12:59:34'),(415,1,4,'1','2016-10-13 12:59:34'),(416,1,2,'79','2016-10-13 12:59:34'),(417,1,3,'1023','2016-10-13 12:59:34'),(418,1,5,'7980','2016-10-13 12:59:34'),(419,1,6,'29','2016-10-13 12:59:34'),(420,1,7,'2220','2016-10-13 12:59:34'),(421,1,1,'20','2016-10-13 12:59:36'),(422,1,4,'1','2016-10-13 12:59:36'),(423,1,2,'79','2016-10-13 12:59:36'),(424,1,3,'1023','2016-10-13 12:59:36'),(425,1,5,'7980','2016-10-13 12:59:36'),(426,1,6,'29','2016-10-13 12:59:36'),(427,1,7,'2220','2016-10-13 12:59:36'),(428,1,1,'20','2016-10-13 13:02:03'),(429,1,4,'1','2016-10-13 13:02:03'),(430,1,2,'79','2016-10-13 13:02:03'),(431,1,3,'1023','2016-10-13 13:02:03'),(432,1,5,'7980','2016-10-13 13:02:03'),(433,1,6,'29','2016-10-13 13:02:03'),(434,1,7,'2220','2016-10-13 13:02:03'),(435,1,1,'20','2016-10-13 13:02:07'),(436,1,4,'1','2016-10-13 13:02:07'),(437,1,2,'79','2016-10-13 13:02:07'),(438,1,3,'1023','2016-10-13 13:02:07'),(439,1,5,'7980','2016-10-13 13:02:07'),(440,1,6,'29','2016-10-13 13:02:07'),(441,1,7,'2220','2016-10-13 13:02:07'),(442,1,1,'20','2016-10-13 13:02:15'),(443,1,4,'1','2016-10-13 13:02:15'),(444,1,2,'79','2016-10-13 13:02:15'),(445,1,3,'1023','2016-10-13 13:02:15'),(446,1,5,'7980','2016-10-13 13:02:15'),(447,1,6,'29','2016-10-13 13:02:15'),(448,1,7,'2220','2016-10-13 13:02:15'),(449,1,1,'20','2016-10-13 13:02:16'),(450,1,4,'1','2016-10-13 13:02:16'),(451,1,2,'79','2016-10-13 13:02:16'),(452,1,3,'1023','2016-10-13 13:02:16'),(453,1,5,'7980','2016-10-13 13:02:16'),(454,1,6,'29','2016-10-13 13:02:16'),(455,1,7,'2220','2016-10-13 13:02:16'),(456,1,1,'20','2016-10-13 13:06:36'),(457,1,4,'1','2016-10-13 13:06:36'),(458,1,2,'79','2016-10-13 13:06:36'),(459,1,3,'1023','2016-10-13 13:06:36'),(460,1,5,'7980','2016-10-13 13:06:36'),(461,1,6,'29','2016-10-13 13:06:36'),(462,1,7,'2220','2016-10-13 13:06:36'),(463,1,1,'20','2016-10-13 13:06:45'),(464,1,4,'1','2016-10-13 13:06:45'),(465,1,2,'79','2016-10-13 13:06:45'),(466,1,3,'1023','2016-10-13 13:06:45'),(467,1,5,'7980','2016-10-13 13:06:45'),(468,1,6,'29','2016-10-13 13:06:45'),(469,1,7,'2220','2016-10-13 13:06:45'),(470,1,1,'20','2016-10-13 13:09:07'),(471,1,4,'1','2016-10-13 13:09:07'),(472,1,2,'79','2016-10-13 13:09:07'),(473,1,3,'1023','2016-10-13 13:09:07'),(474,1,5,'7980','2016-10-13 13:09:07'),(475,1,6,'29','2016-10-13 13:09:07'),(476,1,7,'2220','2016-10-13 13:09:07'),(477,1,1,'20','2016-10-13 13:09:21'),(478,1,4,'1','2016-10-13 13:09:21'),(479,1,2,'79','2016-10-13 13:09:21'),(480,1,3,'1023','2016-10-13 13:09:21'),(481,1,5,'7980','2016-10-13 13:09:21'),(482,1,6,'29','2016-10-13 13:09:21'),(483,1,7,'2220','2016-10-13 13:09:21'),(484,1,1,'20','2016-10-13 13:13:07'),(485,1,4,'1','2016-10-13 13:13:07'),(486,1,2,'79','2016-10-13 13:13:07'),(487,1,3,'1023','2016-10-13 13:13:07'),(488,1,5,'7980','2016-10-13 13:13:07'),(489,1,6,'29','2016-10-13 13:13:07'),(490,1,7,'2220','2016-10-13 13:13:07'),(491,1,1,'20','2016-10-13 13:13:12'),(492,1,4,'1','2016-10-13 13:13:12'),(493,1,2,'79','2016-10-13 13:13:12'),(494,1,3,'1023','2016-10-13 13:13:12'),(495,1,5,'7980','2016-10-13 13:13:12'),(496,1,6,'29','2016-10-13 13:13:12'),(497,1,7,'2220','2016-10-13 13:13:12'),(498,1,1,'20','2016-10-13 13:13:15'),(499,1,4,'1','2016-10-13 13:13:15'),(500,1,2,'79','2016-10-13 13:13:15'),(501,1,3,'1023','2016-10-13 13:13:15'),(502,1,5,'7980','2016-10-13 13:13:15'),(503,1,6,'29','2016-10-13 13:13:15'),(504,1,7,'2220','2016-10-13 13:13:15'),(505,1,1,'20','2016-10-13 13:13:23'),(506,1,4,'1','2016-10-13 13:13:23'),(507,1,2,'79','2016-10-13 13:13:23'),(508,1,3,'1023','2016-10-13 13:13:23'),(509,1,5,'7987','2016-10-13 13:13:23'),(510,1,6,'29','2016-10-13 13:13:23'),(511,1,7,'2220','2016-10-13 13:13:23'),(512,1,1,'20','2016-10-13 13:13:30'),(513,1,4,'1','2016-10-13 13:13:30'),(514,1,2,'79','2016-10-13 13:13:30'),(515,1,3,'1023','2016-10-13 13:13:30'),(516,1,5,'7987','2016-10-13 13:13:30'),(517,1,6,'29','2016-10-13 13:13:30'),(518,1,7,'2220','2016-10-13 13:13:30'),(519,1,1,'20','2016-10-13 13:13:36'),(520,1,4,'1','2016-10-13 13:13:36'),(521,1,2,'79','2016-10-13 13:13:36'),(522,1,3,'1023','2016-10-13 13:13:36'),(523,1,5,'7987','2016-10-13 13:13:36'),(524,1,6,'29','2016-10-13 13:13:36'),(525,1,7,'220','2016-10-13 13:13:36'),(526,1,1,'20','2016-10-13 13:14:00'),(527,1,4,'0','2016-10-13 13:14:00'),(528,1,2,'79','2016-10-13 13:14:00'),(529,1,3,'1023','2016-10-13 13:14:00'),(530,1,5,'7987','2016-10-13 13:14:00'),(531,1,6,'29','2016-10-13 13:14:00'),(532,1,7,'220','2016-10-13 13:14:00'),(533,1,1,'20','2016-10-13 13:14:03'),(534,1,4,'0','2016-10-13 13:14:03'),(535,1,2,'79','2016-10-13 13:14:03'),(536,1,3,'1023','2016-10-13 13:14:03'),(537,1,5,'7987','2016-10-13 13:14:03'),(538,1,6,'29','2016-10-13 13:14:03'),(539,1,7,'220','2016-10-13 13:14:03'),(540,1,1,'20','2016-10-13 13:14:04'),(541,1,4,'0','2016-10-13 13:14:04'),(542,1,2,'79','2016-10-13 13:14:04'),(543,1,3,'1023','2016-10-13 13:14:04'),(544,1,5,'7987','2016-10-13 13:14:04'),(545,1,6,'29','2016-10-13 13:14:04'),(546,1,7,'220','2016-10-13 13:14:04'),(547,1,1,'20','2016-10-13 13:14:05'),(548,1,4,'0','2016-10-13 13:14:05'),(549,1,2,'79','2016-10-13 13:14:05'),(550,1,3,'1023','2016-10-13 13:14:05'),(551,1,5,'7987','2016-10-13 13:14:05'),(552,1,6,'29','2016-10-13 13:14:05'),(553,1,7,'220','2016-10-13 13:14:05'),(554,1,1,'20','2016-10-13 13:14:13'),(555,1,4,'1','2016-10-13 13:14:13'),(556,1,2,'79','2016-10-13 13:14:13'),(557,1,3,'1023','2016-10-13 13:14:13'),(558,1,5,'7987','2016-10-13 13:14:13'),(559,1,6,'29','2016-10-13 13:14:13'),(560,1,7,'220','2016-10-13 13:14:13'),(561,1,1,'20','2016-10-13 13:14:16'),(562,1,4,'1','2016-10-13 13:14:16'),(563,1,2,'79','2016-10-13 13:14:16'),(564,1,3,'1023','2016-10-13 13:14:16'),(565,1,5,'7987','2016-10-13 13:14:16'),(566,1,6,'29','2016-10-13 13:14:16'),(567,1,7,'220','2016-10-13 13:14:16'),(568,1,1,'20','2016-10-13 13:14:18'),(569,1,4,'1','2016-10-13 13:14:18'),(570,1,2,'79','2016-10-13 13:14:18'),(571,1,3,'1023','2016-10-13 13:14:18'),(572,1,5,'7987','2016-10-13 13:14:18'),(573,1,6,'29','2016-10-13 13:14:18'),(574,1,7,'220','2016-10-13 13:14:18'),(575,1,1,'20','2016-10-13 13:14:24'),(576,1,4,'1','2016-10-13 13:14:24'),(577,1,2,'19','2016-10-13 13:14:24'),(578,1,3,'1023','2016-10-13 13:14:24'),(579,1,5,'7987','2016-10-13 13:14:24'),(580,1,6,'29','2016-10-13 13:14:24'),(581,1,7,'220','2016-10-13 13:14:24'),(582,1,1,'20','2016-10-13 14:19:52'),(583,1,4,'1','2016-10-13 14:19:52'),(584,1,2,'19','2016-10-13 14:19:52'),(585,1,3,'1023','2016-10-13 14:19:52'),(586,1,5,'7987','2016-10-13 14:19:52'),(587,1,6,'29','2016-10-13 14:19:52'),(588,1,7,'220','2016-10-13 14:19:52'),(589,1,1,'20','2016-10-13 14:20:21'),(590,1,4,'1','2016-10-13 14:20:21'),(591,1,2,'19','2016-10-13 14:20:21'),(592,1,3,'1023','2016-10-13 14:20:21'),(593,1,5,'7987','2016-10-13 14:20:21'),(594,1,6,'29','2016-10-13 14:20:21'),(595,1,7,'220','2016-10-13 14:20:21'),(596,1,1,'20','2016-10-13 14:21:02'),(597,1,4,'1','2016-10-13 14:21:02'),(598,1,2,'19','2016-10-13 14:21:02'),(599,1,3,'1023','2016-10-13 14:21:02'),(600,1,5,'7987','2016-10-13 14:21:02'),(601,1,6,'29','2016-10-13 14:21:02'),(602,1,7,'220','2016-10-13 14:21:02'),(603,1,1,'20','2016-10-13 14:21:51'),(604,1,4,'1','2016-10-13 14:21:51'),(605,1,2,'19','2016-10-13 14:21:51'),(606,1,3,'1023','2016-10-13 14:21:51'),(607,1,5,'7987','2016-10-13 14:21:51'),(608,1,6,'29','2016-10-13 14:21:51'),(609,1,7,'220','2016-10-13 14:21:51'),(610,1,1,'20','2016-10-13 14:22:00'),(611,1,4,'1','2016-10-13 14:22:00'),(612,1,2,'19','2016-10-13 14:22:00'),(613,1,3,'1023','2016-10-13 14:22:00'),(614,1,5,'7987','2016-10-13 14:22:00'),(615,1,6,'29','2016-10-13 14:22:00'),(616,1,7,'220','2016-10-13 14:22:00'),(617,1,1,'20','2016-10-13 14:22:05'),(618,1,4,'1','2016-10-13 14:22:05'),(619,1,2,'19','2016-10-13 14:22:05'),(620,1,3,'1023','2016-10-13 14:22:05'),(621,1,5,'7987','2016-10-13 14:22:05'),(622,1,6,'29','2016-10-13 14:22:05'),(623,1,7,'220','2016-10-13 14:22:05'),(624,1,1,'20','2016-10-14 15:42:01'),(625,1,4,'1','2016-10-14 15:42:01'),(626,1,2,'79','2016-10-14 15:42:01'),(627,1,3,'1023','2016-10-14 15:42:01'),(628,1,5,'7987','2016-10-14 15:42:01'),(629,1,6,'29','2016-10-14 15:42:01'),(630,1,7,'220','2016-10-14 15:42:01'),(631,1,1,'20','2016-10-14 15:42:09'),(632,1,4,'1','2016-10-14 15:42:09'),(633,1,2,'79','2016-10-14 15:42:09'),(634,1,3,'1023','2016-10-14 15:42:09'),(635,1,5,'7989','2016-10-14 15:42:09'),(636,1,6,'29','2016-10-14 15:42:09'),(637,1,7,'220','2016-10-14 15:42:09'),(638,1,1,'20','2016-10-14 15:42:31'),(639,1,4,'1','2016-10-14 15:42:31'),(640,1,2,'79','2016-10-14 15:42:31'),(641,1,3,'1023','2016-10-14 15:42:31'),(642,1,5,'7989','2016-10-14 15:42:31'),(643,1,6,'29','2016-10-14 15:42:31'),(644,1,7,'220','2016-10-14 15:42:31'),(645,1,1,'20','2016-10-14 15:42:40'),(646,1,4,'1','2016-10-14 15:42:40'),(647,1,2,'79','2016-10-14 15:42:40'),(648,1,3,'1023','2016-10-14 15:42:40'),(649,1,5,'9','2016-10-14 15:42:40'),(650,1,6,'29','2016-10-14 15:42:40'),(651,1,7,'220','2016-10-14 15:42:40'),(652,1,1,'20','2016-10-14 16:10:14'),(653,1,4,'1','2016-10-14 16:10:14'),(654,1,2,'19','2016-10-14 16:10:14'),(655,1,3,'1023','2016-10-14 16:10:14'),(656,1,5,'7987','2016-10-14 16:10:14'),(657,1,6,'29','2016-10-14 16:10:14'),(658,1,7,'220','2016-10-14 16:10:14'),(659,1,1,'20','2016-10-14 16:10:25'),(660,1,4,'1','2016-10-14 16:10:25'),(661,1,2,'19','2016-10-14 16:10:25'),(662,1,3,'1023','2016-10-14 16:10:25'),(663,1,5,'78','2016-10-14 16:10:25'),(664,1,6,'29','2016-10-14 16:10:25'),(665,1,7,'220','2016-10-14 16:10:25'),(666,1,1,'20','2016-10-14 16:12:57'),(667,1,4,'1','2016-10-14 16:12:57'),(668,1,2,'19','2016-10-14 16:12:57'),(669,1,3,'1023','2016-10-14 16:12:57'),(670,1,5,'78','2016-10-14 16:12:57'),(671,1,6,'29','2016-10-14 16:12:57'),(672,1,7,'220','2016-10-14 16:12:57'),(673,1,1,'20','2016-10-14 16:13:04'),(674,1,4,'1','2016-10-14 16:13:04'),(675,1,2,'19','2016-10-14 16:13:04'),(676,1,3,'1023','2016-10-14 16:13:04'),(677,1,5,'678','2016-10-14 16:13:04'),(678,1,6,'29','2016-10-14 16:13:04'),(679,1,7,'220','2016-10-14 16:13:04'),(680,1,1,'20','2016-10-14 16:20:33'),(681,1,4,'1','2016-10-14 16:20:33'),(682,1,2,'19','2016-10-14 16:20:33'),(683,1,3,'1023','2016-10-14 16:20:33'),(684,1,5,'678','2016-10-14 16:20:33'),(685,1,6,'29','2016-10-14 16:20:33'),(686,1,7,'220','2016-10-14 16:20:33'),(687,1,1,'20','2016-10-14 16:20:46'),(688,1,4,'1','2016-10-14 16:20:46'),(689,1,2,'19','2016-10-14 16:20:46'),(690,1,3,'1023','2016-10-14 16:20:46'),(691,1,5,'543','2016-10-14 16:20:46'),(692,1,6,'29','2016-10-14 16:20:46'),(693,1,7,'220','2016-10-14 16:20:46'),(694,1,1,'20','2016-10-14 16:23:12'),(695,1,4,'1','2016-10-14 16:23:12'),(696,1,2,'19','2016-10-14 16:23:12'),(697,1,3,'1023','2016-10-14 16:23:12'),(698,1,5,'543','2016-10-14 16:23:12'),(699,1,6,'29','2016-10-14 16:23:12'),(700,1,7,'220','2016-10-14 16:23:12'),(701,1,1,'20','2016-10-14 16:23:19'),(702,1,4,'1','2016-10-14 16:23:19'),(703,1,2,'19','2016-10-14 16:23:19'),(704,1,3,'1023','2016-10-14 16:23:19'),(705,1,5,'43','2016-10-14 16:23:19'),(706,1,6,'29','2016-10-14 16:23:19'),(707,1,7,'220','2016-10-14 16:23:19'),(708,1,1,'20','2016-10-14 16:29:36'),(709,1,4,'1','2016-10-14 16:29:36'),(710,1,2,'19','2016-10-14 16:29:36'),(711,1,3,'1023','2016-10-14 16:29:36'),(712,1,5,'43','2016-10-14 16:29:36'),(713,1,6,'29','2016-10-14 16:29:36'),(714,1,7,'220','2016-10-14 16:29:36'),(715,1,1,'20','2016-10-14 16:29:42'),(716,1,4,'1','2016-10-14 16:29:42'),(717,1,2,'19','2016-10-14 16:29:42'),(718,1,3,'1023','2016-10-14 16:29:42'),(719,1,5,'143','2016-10-14 16:29:42'),(720,1,6,'29','2016-10-14 16:29:42'),(721,1,7,'220','2016-10-14 16:29:42'),(722,1,1,'20','2016-10-14 16:32:50'),(723,1,4,'1','2016-10-14 16:32:50'),(724,1,2,'19','2016-10-14 16:32:50'),(725,1,3,'1023','2016-10-14 16:32:50'),(726,1,5,'143','2016-10-14 16:32:50'),(727,1,6,'29','2016-10-14 16:32:50'),(728,1,7,'220','2016-10-14 16:32:50'),(729,1,1,'20','2016-10-18 13:36:06'),(730,1,4,'1','2016-10-18 13:36:06'),(731,1,2,'79','2016-10-18 13:36:06'),(732,1,3,'1023','2016-10-18 13:36:06'),(733,1,5,'7987','2016-10-18 13:36:06'),(734,1,6,'29','2016-10-18 13:36:06'),(735,1,7,'220','2016-10-18 13:36:06'),(736,1,1,'50','2016-10-18 13:37:05'),(737,1,4,'1','2016-10-18 13:37:05'),(738,1,2,'79','2016-10-18 13:37:05'),(739,1,3,'1023','2016-10-18 13:37:05'),(740,1,5,'7987','2016-10-18 13:37:05'),(741,1,6,'29','2016-10-18 13:37:05'),(742,1,7,'220','2016-10-18 13:37:05'),(743,1,1,'50','2016-10-18 13:37:54'),(744,1,4,'1','2016-10-18 13:37:54'),(745,1,2,'79','2016-10-18 13:37:54'),(746,1,3,'1023','2016-10-18 13:37:54'),(747,1,5,'7987','2016-10-18 13:37:54'),(748,1,6,'29','2016-10-18 13:37:54'),(749,1,7,'220','2016-10-18 13:37:54'),(750,1,1,'50','2016-10-18 13:38:19'),(751,1,4,'1','2016-10-18 13:38:19'),(752,1,2,'79','2016-10-18 13:38:19'),(753,1,3,'1023','2016-10-18 13:38:19'),(754,1,5,'7987','2016-10-18 13:38:19'),(755,1,6,'29','2016-10-18 13:38:19'),(756,1,7,'220','2016-10-18 13:38:19'),(757,1,1,'20','2016-10-25 13:25:01'),(758,1,4,'1','2016-10-25 13:25:01'),(759,1,2,'79','2016-10-25 13:25:01'),(760,1,3,'1023','2016-10-25 13:25:01'),(761,1,5,'7987','2016-10-25 13:25:01'),(762,1,6,'29','2016-10-25 13:25:01'),(763,1,7,'220','2016-10-25 13:25:01'),(764,1,1,'20','2016-10-25 13:25:20'),(765,1,4,'1','2016-10-25 13:25:20'),(766,1,2,'79','2016-10-25 13:25:20'),(767,1,3,'1023','2016-10-25 13:25:20'),(768,1,5,'7987','2016-10-25 13:25:20'),(769,1,6,'229','2016-10-25 13:25:20'),(770,1,7,'220','2016-10-25 13:25:20'),(771,1,1,'20','2016-10-25 13:26:46'),(772,1,4,'1','2016-10-25 13:26:46'),(773,1,2,'79','2016-10-25 13:26:46'),(774,1,3,'1023','2016-10-25 13:26:46'),(775,1,5,'7987','2016-10-25 13:26:46'),(776,1,6,'229','2016-10-25 13:26:46'),(777,1,7,'220','2016-10-25 13:26:46'),(778,1,1,'20','2016-10-25 13:26:52'),(779,1,4,'1','2016-10-25 13:26:52'),(780,1,2,'79','2016-10-25 13:26:52'),(781,1,3,'1023','2016-10-25 13:26:52'),(782,1,5,'9987','2016-10-25 13:26:52'),(783,1,6,'229','2016-10-25 13:26:52'),(784,1,7,'220','2016-10-25 13:26:52'),(785,1,1,'20','2016-10-25 13:35:05'),(786,1,4,'1','2016-10-25 13:35:05'),(787,1,2,'79','2016-10-25 13:35:05'),(788,1,3,'1023','2016-10-25 13:35:05'),(789,1,5,'9987','2016-10-25 13:35:05'),(790,1,6,'229','2016-10-25 13:35:05'),(791,1,7,'220','2016-10-25 13:35:05'),(792,1,1,'20','2016-10-25 13:35:18'),(793,1,4,'1','2016-10-25 13:35:18'),(794,1,2,'79','2016-10-25 13:35:18'),(795,1,3,'1023','2016-10-25 13:35:18'),(796,1,5,'9787','2016-10-25 13:35:18'),(797,1,6,'229','2016-10-25 13:35:18'),(798,1,7,'220','2016-10-25 13:35:18'),(799,1,1,'20','2016-10-25 13:37:07'),(800,1,4,'1','2016-10-25 13:37:07'),(801,1,2,'79','2016-10-25 13:37:07'),(802,1,3,'1023','2016-10-25 13:37:07'),(803,1,5,'9787','2016-10-25 13:37:07'),(804,1,6,'229','2016-10-25 13:37:07'),(805,1,7,'220','2016-10-25 13:37:07'),(806,1,1,'20','2016-10-25 13:37:12'),(807,1,4,'1','2016-10-25 13:37:12'),(808,1,2,'79','2016-10-25 13:37:12'),(809,1,3,'1023','2016-10-25 13:37:12'),(810,1,5,'78','2016-10-25 13:37:12'),(811,1,6,'229','2016-10-25 13:37:12'),(812,1,7,'220','2016-10-25 13:37:12'),(813,1,1,'20','2016-10-25 13:39:58'),(814,1,4,'1','2016-10-25 13:39:58'),(815,1,2,'79','2016-10-25 13:39:58'),(816,1,3,'1023','2016-10-25 13:39:58'),(817,1,5,'78','2016-10-25 13:39:58'),(818,1,6,'229','2016-10-25 13:39:58'),(819,1,7,'220','2016-10-25 13:39:58'),(820,1,1,'20','2016-10-25 13:40:05'),(821,1,4,'1','2016-10-25 13:40:05'),(822,1,2,'79','2016-10-25 13:40:05'),(823,1,3,'1023','2016-10-25 13:40:05'),(824,1,5,'778','2016-10-25 13:40:05'),(825,1,6,'229','2016-10-25 13:40:05'),(826,1,7,'220','2016-10-25 13:40:05'),(827,1,1,'20','2016-10-25 13:40:53'),(828,1,4,'1','2016-10-25 13:40:53'),(829,1,2,'79','2016-10-25 13:40:53'),(830,1,3,'1023','2016-10-25 13:40:53'),(831,1,5,'778','2016-10-25 13:40:53'),(832,1,6,'229','2016-10-25 13:40:53'),(833,1,7,'220','2016-10-25 13:40:53'),(834,1,1,'20','2016-10-25 13:41:04'),(835,1,4,'1','2016-10-25 13:41:04'),(836,1,2,'79','2016-10-25 13:41:04'),(837,1,3,'1023','2016-10-25 13:41:04'),(838,1,5,'1778','2016-10-25 13:41:04'),(839,1,6,'229','2016-10-25 13:41:04'),(840,1,7,'220','2016-10-25 13:41:04'),(841,1,1,'20','2016-10-25 14:49:05'),(842,1,4,'1','2016-10-25 14:49:05'),(843,1,2,'79','2016-10-25 14:49:05'),(844,1,3,'1023','2016-10-25 14:49:05'),(845,1,5,'1778','2016-10-25 14:49:05'),(846,1,6,'229','2016-10-25 14:49:05'),(847,1,7,'220','2016-10-25 14:49:05'),(848,1,1,'20','2016-10-25 14:49:07'),(849,1,4,'1','2016-10-25 14:49:07'),(850,1,2,'79','2016-10-25 14:49:07'),(851,1,3,'1023','2016-10-25 14:49:07'),(852,1,5,'1778','2016-10-25 14:49:07'),(853,1,6,'229','2016-10-25 14:49:07'),(854,1,7,'220','2016-10-25 14:49:07'),(855,1,1,'20','2016-10-25 14:49:20'),(856,1,4,'1','2016-10-25 14:49:20'),(857,1,2,'79','2016-10-25 14:49:20'),(858,1,3,'1023','2016-10-25 14:49:20'),(859,1,5,'1778','2016-10-25 14:49:20'),(860,1,6,'229','2016-10-25 14:49:20'),(861,1,7,'220','2016-10-25 14:49:20'),(862,1,1,'20','2016-10-25 15:08:41'),(863,1,4,'1','2016-10-25 15:08:41'),(864,1,2,'79','2016-10-25 15:08:41'),(865,1,3,'1023','2016-10-25 15:08:41'),(866,1,5,'1778','2016-10-25 15:08:41'),(867,1,6,'229','2016-10-25 15:08:41'),(868,1,7,'220','2016-10-25 15:08:41'),(869,1,1,'20','2016-10-25 15:08:41'),(870,1,4,'1','2016-10-25 15:08:41'),(871,1,2,'79','2016-10-25 15:08:41'),(872,1,3,'1023','2016-10-25 15:08:41'),(873,1,5,'1778','2016-10-25 15:08:41'),(874,1,6,'229','2016-10-25 15:08:41'),(875,1,7,'220','2016-10-25 15:08:41'),(876,1,1,'20','2016-10-25 15:08:49'),(877,1,4,'1','2016-10-25 15:08:49'),(878,1,2,'79','2016-10-25 15:08:49'),(879,1,3,'1023','2016-10-25 15:08:49'),(880,1,5,'778','2016-10-25 15:08:49'),(881,1,6,'229','2016-10-25 15:08:49'),(882,1,7,'220','2016-10-25 15:08:49'),(883,1,1,'20','2016-10-25 15:35:06'),(884,1,4,'1','2016-10-25 15:35:06'),(885,1,2,'79','2016-10-25 15:35:06'),(886,1,3,'1023','2016-10-25 15:35:06'),(887,1,5,'778','2016-10-25 15:35:06'),(888,1,6,'229','2016-10-25 15:35:06'),(889,1,7,'220','2016-10-25 15:35:06'),(890,1,1,'20','2016-10-25 15:35:14'),(891,1,4,'1','2016-10-25 15:35:14'),(892,1,2,'79','2016-10-25 15:35:14'),(893,1,3,'1023','2016-10-25 15:35:14'),(894,1,5,'978','2016-10-25 15:35:14'),(895,1,6,'229','2016-10-25 15:35:14'),(896,1,7,'220','2016-10-25 15:35:14'),(897,1,1,'20','2016-10-25 15:49:57'),(898,1,4,'1','2016-10-25 15:49:57'),(899,1,2,'79','2016-10-25 15:49:57'),(900,1,3,'1023','2016-10-25 15:49:57'),(901,1,5,'978','2016-10-25 15:49:57'),(902,1,6,'229','2016-10-25 15:49:57'),(903,1,7,'220','2016-10-25 15:49:57'),(904,1,1,'20','2016-10-25 15:50:05'),(905,1,4,'1','2016-10-25 15:50:05'),(906,1,2,'79','2016-10-25 15:50:05'),(907,1,3,'1023','2016-10-25 15:50:05'),(908,1,5,'278','2016-10-25 15:50:05'),(909,1,6,'229','2016-10-25 15:50:05'),(910,1,7,'220','2016-10-25 15:50:05'),(911,1,1,'20','2016-10-25 15:54:43'),(912,1,4,'1','2016-10-25 15:54:43'),(913,1,2,'79','2016-10-25 15:54:43'),(914,1,3,'1023','2016-10-25 15:54:43'),(915,1,5,'278','2016-10-25 15:54:43'),(916,1,6,'229','2016-10-25 15:54:43'),(917,1,7,'220','2016-10-25 15:54:43'),(918,1,1,'20','2016-10-25 15:54:54'),(919,1,4,'1','2016-10-25 15:54:54'),(920,1,2,'79','2016-10-25 15:54:54'),(921,1,3,'1023','2016-10-25 15:54:54'),(922,1,5,'298','2016-10-25 15:54:54'),(923,1,6,'229','2016-10-25 15:54:54'),(924,1,7,'220','2016-10-25 15:54:54'),(925,1,1,'20','2016-10-26 09:25:50'),(926,1,4,'1','2016-10-26 09:25:50'),(927,1,2,'79','2016-10-26 09:25:50'),(928,1,3,'1023','2016-10-26 09:25:50'),(929,1,5,'298','2016-10-26 09:25:50'),(930,1,6,'229','2016-10-26 09:25:50'),(931,1,7,'220','2016-10-26 09:25:50'),(932,1,1,'20','2016-10-26 09:25:52'),(933,1,4,'1','2016-10-26 09:25:52'),(934,1,2,'79','2016-10-26 09:25:52'),(935,1,3,'1023','2016-10-26 09:25:52'),(936,1,5,'298','2016-10-26 09:25:52'),(937,1,6,'229','2016-10-26 09:25:52'),(938,1,7,'220','2016-10-26 09:25:52'),(939,1,1,'20','2016-10-26 09:25:53'),(940,1,4,'1','2016-10-26 09:25:53'),(941,1,2,'79','2016-10-26 09:25:53'),(942,1,3,'1023','2016-10-26 09:25:53'),(943,1,5,'298','2016-10-26 09:25:53'),(944,1,6,'229','2016-10-26 09:25:53'),(945,1,7,'220','2016-10-26 09:25:53'),(946,1,1,'20','2016-10-26 09:25:57'),(947,1,4,'1','2016-10-26 09:25:57'),(948,1,2,'79','2016-10-26 09:25:57'),(949,1,3,'1023','2016-10-26 09:25:57'),(950,1,5,'998','2016-10-26 09:25:57'),(951,1,6,'229','2016-10-26 09:25:57'),(952,1,7,'220','2016-10-26 09:25:57'),(953,1,1,'20','2016-10-26 09:28:04'),(954,1,4,'1','2016-10-26 09:28:04'),(955,1,2,'79','2016-10-26 09:28:04'),(956,1,3,'1023','2016-10-26 09:28:04'),(957,1,5,'998','2016-10-26 09:28:04'),(958,1,6,'229','2016-10-26 09:28:04'),(959,1,7,'220','2016-10-26 09:28:04'),(960,1,1,'20','2016-10-26 09:28:12'),(961,1,4,'1','2016-10-26 09:28:12'),(962,1,2,'79','2016-10-26 09:28:12'),(963,1,3,'1023','2016-10-26 09:28:12'),(964,1,5,'995','2016-10-26 09:28:12'),(965,1,6,'229','2016-10-26 09:28:12'),(966,1,7,'220','2016-10-26 09:28:12'),(967,1,1,'20','2016-10-26 09:32:57'),(968,1,4,'1','2016-10-26 09:32:57'),(969,1,2,'79','2016-10-26 09:32:57'),(970,1,3,'1023','2016-10-26 09:32:57'),(971,1,5,'995','2016-10-26 09:32:57'),(972,1,6,'229','2016-10-26 09:32:57'),(973,1,7,'220','2016-10-26 09:32:57'),(974,1,1,'20','2016-10-26 09:32:58'),(975,1,4,'1','2016-10-26 09:32:58'),(976,1,2,'79','2016-10-26 09:32:58'),(977,1,3,'1023','2016-10-26 09:32:58'),(978,1,5,'995','2016-10-26 09:32:58'),(979,1,6,'229','2016-10-26 09:32:58'),(980,1,7,'220','2016-10-26 09:32:58'),(981,1,1,'20','2016-10-26 09:33:03'),(982,1,4,'1','2016-10-26 09:33:03'),(983,1,2,'79','2016-10-26 09:33:03'),(984,1,3,'1023','2016-10-26 09:33:03'),(985,1,5,'195','2016-10-26 09:33:03'),(986,1,6,'229','2016-10-26 09:33:03'),(987,1,7,'220','2016-10-26 09:33:03'),(988,1,1,'20','2016-10-26 09:38:46'),(989,1,4,'1','2016-10-26 09:38:46'),(990,1,2,'79','2016-10-26 09:38:46'),(991,1,3,'1023','2016-10-26 09:38:46'),(992,1,5,'195','2016-10-26 09:38:46'),(993,1,6,'229','2016-10-26 09:38:46'),(994,1,7,'220','2016-10-26 09:38:46'),(995,1,1,'20','2016-10-26 09:38:47'),(996,1,4,'1','2016-10-26 09:38:47'),(997,1,2,'79','2016-10-26 09:38:47'),(998,1,3,'1023','2016-10-26 09:38:47'),(999,1,5,'195','2016-10-26 09:38:47'),(1000,1,6,'229','2016-10-26 09:38:47'),(1001,1,7,'220','2016-10-26 09:38:47'),(1002,1,1,'20','2016-10-26 09:38:51'),(1003,1,4,'1','2016-10-26 09:38:51'),(1004,1,2,'79','2016-10-26 09:38:51'),(1005,1,3,'1023','2016-10-26 09:38:51'),(1006,1,5,'395','2016-10-26 09:38:51'),(1007,1,6,'229','2016-10-26 09:38:51'),(1008,1,7,'220','2016-10-26 09:38:51'),(1009,1,1,'20','2016-10-26 09:44:41'),(1010,1,4,'1','2016-10-26 09:44:41'),(1011,1,2,'79','2016-10-26 09:44:41'),(1012,1,3,'1023','2016-10-26 09:44:41'),(1013,1,5,'395','2016-10-26 09:44:41'),(1014,1,6,'229','2016-10-26 09:44:41'),(1015,1,7,'220','2016-10-26 09:44:41'),(1016,1,1,'20','2016-10-26 11:04:53'),(1017,1,4,'1','2016-10-26 11:04:53'),(1018,1,2,'79','2016-10-26 11:04:53'),(1019,1,3,'1023','2016-10-26 11:04:53'),(1020,1,5,'395','2016-10-26 11:04:53'),(1021,1,6,'229','2016-10-26 11:04:53'),(1022,1,7,'220','2016-10-26 11:04:53'),(1023,1,1,'20','2016-10-26 11:04:54'),(1024,1,4,'1','2016-10-26 11:04:54'),(1025,1,2,'79','2016-10-26 11:04:54'),(1026,1,3,'1023','2016-10-26 11:04:54'),(1027,1,5,'395','2016-10-26 11:04:54'),(1028,1,6,'229','2016-10-26 11:04:54'),(1029,1,7,'220','2016-10-26 11:04:54'),(1030,1,1,'20','2016-10-26 11:05:02'),(1031,1,4,'0','2016-10-26 11:05:02'),(1032,1,2,'79','2016-10-26 11:05:02'),(1033,1,3,'1023','2016-10-26 11:05:02'),(1034,1,5,'395','2016-10-26 11:05:02'),(1035,1,6,'229','2016-10-26 11:05:02'),(1036,1,7,'220','2016-10-26 11:05:02'),(1037,1,1,'20','2016-10-26 11:13:33'),(1038,1,4,'0','2016-10-26 11:13:33'),(1039,1,2,'79','2016-10-26 11:13:33'),(1040,1,3,'1023','2016-10-26 11:13:33'),(1041,1,5,'395','2016-10-26 11:13:33'),(1042,1,6,'229','2016-10-26 11:13:33'),(1043,1,7,'220','2016-10-26 11:13:33'),(1044,1,1,'20','2016-10-26 11:13:39'),(1045,1,4,'0','2016-10-26 11:13:39'),(1046,1,2,'79','2016-10-26 11:13:39'),(1047,1,3,'1023','2016-10-26 11:13:39'),(1048,1,5,'375','2016-10-26 11:13:39'),(1049,1,6,'229','2016-10-26 11:13:39'),(1050,1,7,'220','2016-10-26 11:13:39'),(1051,1,1,'20','2016-10-26 11:36:28'),(1052,1,4,'0','2016-10-26 11:36:28'),(1053,1,2,'79','2016-10-26 11:36:28'),(1054,1,3,'1023','2016-10-26 11:36:28'),(1055,1,5,'375','2016-10-26 11:36:28'),(1056,1,6,'229','2016-10-26 11:36:28'),(1057,1,7,'220','2016-10-26 11:36:28'),(1058,1,1,'20','2016-10-26 11:36:29'),(1059,1,4,'0','2016-10-26 11:36:29'),(1060,1,2,'79','2016-10-26 11:36:29'),(1061,1,3,'1023','2016-10-26 11:36:29'),(1062,1,5,'375','2016-10-26 11:36:29'),(1063,1,6,'229','2016-10-26 11:36:29'),(1064,1,7,'220','2016-10-26 11:36:29'),(1065,1,1,'20','2016-10-26 11:36:33'),(1066,1,4,'0','2016-10-26 11:36:33'),(1067,1,2,'79','2016-10-26 11:36:33'),(1068,1,3,'1023','2016-10-26 11:36:33'),(1069,1,5,'975','2016-10-26 11:36:33'),(1070,1,6,'229','2016-10-26 11:36:33'),(1071,1,7,'220','2016-10-26 11:36:33'),(1072,1,1,'20','2016-10-27 12:46:10'),(1073,1,4,'0','2016-10-27 12:46:10'),(1074,1,2,'79','2016-10-27 12:46:10'),(1075,1,3,'1023','2016-10-27 12:46:10'),(1076,1,5,'975','2016-10-27 12:46:10'),(1077,1,6,'229','2016-10-27 12:46:10'),(1078,1,7,'220','2016-10-27 12:46:10'),(1079,1,1,'20','2016-10-27 13:03:37'),(1080,1,4,'0','2016-10-27 13:03:37'),(1081,1,2,'79','2016-10-27 13:03:37'),(1082,1,3,'1023','2016-10-27 13:03:37'),(1083,1,5,'975','2016-10-27 13:03:37'),(1084,1,6,'229','2016-10-27 13:03:37'),(1085,1,7,'220','2016-10-27 13:03:37'),(1086,1,1,'20','2016-10-27 13:04:11'),(1087,1,4,'0','2016-10-27 13:04:11'),(1088,1,2,'79','2016-10-27 13:04:11'),(1089,1,3,'1023','2016-10-27 13:04:11'),(1090,1,5,'975','2016-10-27 13:04:11'),(1091,1,6,'229','2016-10-27 13:04:11'),(1092,1,7,'220','2016-10-27 13:04:11'),(1093,1,1,'20','2016-10-27 13:21:24'),(1094,1,4,'0','2016-10-27 13:21:24'),(1095,1,2,'79','2016-10-27 13:21:24'),(1096,1,3,'1023','2016-10-27 13:21:24'),(1097,1,5,'975','2016-10-27 13:21:24'),(1098,1,6,'229','2016-10-27 13:21:24'),(1099,1,7,'220','2016-10-27 13:21:24'),(1100,1,1,'20','2016-10-27 13:23:37'),(1101,1,4,'0','2016-10-27 13:23:37'),(1102,1,2,'79','2016-10-27 13:23:37'),(1103,1,3,'1023','2016-10-27 13:23:37'),(1104,1,5,'975','2016-10-27 13:23:37'),(1105,1,6,'229','2016-10-27 13:23:37'),(1106,1,7,'220','2016-10-27 13:23:37'),(1107,1,1,'20','2016-10-27 14:11:02'),(1108,1,4,'0','2016-10-27 14:11:02'),(1109,1,2,'79','2016-10-27 14:11:02'),(1110,1,3,'1023','2016-10-27 14:11:02'),(1111,1,5,'975','2016-10-27 14:11:02'),(1112,1,6,'229','2016-10-27 14:11:02'),(1113,1,7,'220','2016-10-27 14:11:02'),(1114,1,1,'20','2016-10-27 14:18:02'),(1115,1,4,'0','2016-10-27 14:18:02'),(1116,1,2,'79','2016-10-27 14:18:02'),(1117,1,3,'1023','2016-10-27 14:18:02'),(1118,1,5,'975','2016-10-27 14:18:02'),(1119,1,6,'229','2016-10-27 14:18:02'),(1120,1,7,'220','2016-10-27 14:18:02'),(1121,1,1,'20','2016-10-27 14:19:42'),(1122,1,4,'0','2016-10-27 14:19:42'),(1123,1,2,'79','2016-10-27 14:19:42'),(1124,1,3,'1023','2016-10-27 14:19:42'),(1125,1,5,'975','2016-10-27 14:19:42'),(1126,1,6,'229','2016-10-27 14:19:42'),(1127,1,7,'220','2016-10-27 14:19:42'),(1128,1,1,'20','2016-10-27 14:44:52'),(1129,1,4,'0','2016-10-27 14:44:52'),(1130,1,2,'79','2016-10-27 14:44:52'),(1131,1,3,'1023','2016-10-27 14:44:52'),(1132,1,5,'975','2016-10-27 14:44:52'),(1133,1,6,'229','2016-10-27 14:44:52'),(1134,1,7,'210','2016-10-27 14:44:52'),(1135,1,1,'20','2016-10-27 14:50:28'),(1136,1,4,'0','2016-10-27 14:50:28'),(1137,1,2,'79','2016-10-27 14:50:28'),(1138,1,3,'1023','2016-10-27 14:50:28'),(1139,1,5,'975','2016-10-27 14:50:28'),(1140,1,6,'229','2016-10-27 14:50:28'),(1141,1,7,'210','2016-10-27 14:50:28'),(1142,1,1,'20','2016-10-27 15:10:15'),(1143,1,4,'0','2016-10-27 15:10:15'),(1144,1,2,'79','2016-10-27 15:10:15'),(1145,1,3,'1023','2016-10-27 15:10:15'),(1146,1,5,'975','2016-10-27 15:10:15'),(1147,1,6,'229','2016-10-27 15:10:15'),(1148,1,7,'210','2016-10-27 15:10:15'),(1149,1,1,'20','2016-10-27 15:13:11'),(1150,1,4,'0','2016-10-27 15:13:11'),(1151,1,2,'79','2016-10-27 15:13:11'),(1152,1,3,'900','2016-10-27 15:13:11'),(1153,1,5,'975','2016-10-27 15:13:11'),(1154,1,6,'229','2016-10-27 15:13:11'),(1155,1,7,'210','2016-10-27 15:13:11'),(1156,1,1,'20','2016-10-27 15:35:08'),(1157,1,4,'0','2016-10-27 15:35:08'),(1158,1,2,'79','2016-10-27 15:35:08'),(1159,1,3,'900','2016-10-27 15:35:08'),(1160,1,5,'975','2016-10-27 15:35:08'),(1161,1,6,'229','2016-10-27 15:35:08'),(1162,1,7,'210','2016-10-27 15:35:08');
/*!40000 ALTER TABLE `od_attributevalue` ENABLE KEYS */;
UNLOCK TABLES;

--
-- Table structure for table `od_event`
--

DROP TABLE IF EXISTS `od_event`;
/*!40101 SET @saved_cs_client     = @@character_set_client */;
/*!40101 SET character_set_client = utf8 */;
CREATE TABLE `od_event` (
  `EventId` int(11) NOT NULL AUTO_INCREMENT,
  `EventTypeId` int(11) NOT NULL COMMENT 'A-Alarm, W-Warnig',
  `EventTime` timestamp NOT NULL DEFAULT CURRENT_TIMESTAMP,
  `EventStatus` char(1) NOT NULL COMMENT 'A-Active, I-Inactive',
  `ItemId` int(10) NOT NULL,
  `SubEventId` int(11) DEFAULT NULL,
  `Domain` varchar(45) DEFAULT NULL,
  PRIMARY KEY (`EventId`)
) ENGINE=MyISAM AUTO_INCREMENT=63 DEFAULT CHARSET=latin1;
/*!40101 SET character_set_client = @saved_cs_client */;

--
-- Dumping data for table `od_event`
--

LOCK TABLES `od_event` WRITE;
/*!40000 ALTER TABLE `od_event` DISABLE KEYS */;
INSERT INTO `od_event` VALUES (1,1,'2016-09-29 13:10:59','A',1,NULL,NULL),(2,17,'2016-10-10 14:14:45','A',1,NULL,'Test'),(3,16,'2016-10-10 14:15:00','A',1,NULL,'Test'),(4,11,'2016-10-10 14:15:24','A',1,NULL,'Test'),(5,2,'2016-10-14 16:29:42','A',1,NULL,'test'),(6,4,'2016-10-14 16:32:50','A',1,NULL,'test'),(7,4,'2016-10-18 13:37:05','A',1,NULL,'test'),(8,18,'2016-10-18 13:37:05','A',1,NULL,'test'),(9,19,'2016-10-18 13:37:05','A',1,NULL,'test'),(10,18,'2016-10-18 13:37:54','A',1,NULL,'test'),(11,19,'2016-10-18 13:37:54','A',1,NULL,'test'),(12,18,'2016-10-18 13:38:19','A',1,NULL,'test'),(13,19,'2016-10-18 13:38:19','A',1,NULL,'test'),(14,4,'2016-10-25 13:25:01','A',1,NULL,'test'),(15,19,'2016-10-25 13:25:01','A',1,NULL,'test'),(16,4,'2016-10-25 13:26:46','A',1,NULL,'test'),(17,19,'2016-10-25 13:26:46','A',1,NULL,'test'),(18,4,'2016-10-25 13:35:05','A',1,NULL,'test'),(19,19,'2016-10-25 13:35:05','A',1,NULL,'test'),(20,4,'2016-10-25 13:37:07','A',1,NULL,'test'),(21,19,'2016-10-25 13:37:07','A',1,NULL,'test'),(22,4,'2016-10-25 13:39:58','A',1,NULL,'test'),(23,19,'2016-10-25 13:39:58','A',1,NULL,'test'),(24,4,'2016-10-25 13:40:53','A',1,NULL,'test'),(25,19,'2016-10-25 13:40:53','A',1,NULL,'test'),(26,4,'2016-10-25 15:08:41','A',1,NULL,'test'),(27,19,'2016-10-25 15:08:41','A',1,NULL,'test'),(28,19,'2016-10-25 15:08:41','A',1,NULL,'test'),(29,4,'2016-10-25 15:35:06','A',1,NULL,'test'),(30,19,'2016-10-25 15:35:06','A',1,NULL,'test'),(31,4,'2016-10-25 15:49:57','A',1,NULL,'test'),(32,19,'2016-10-25 15:49:57','A',1,NULL,'test'),(33,4,'2016-10-25 15:54:43','A',1,NULL,'test'),(34,19,'2016-10-25 15:54:43','A',1,NULL,'test'),(35,4,'2016-10-26 09:25:50','A',1,NULL,'test'),(36,19,'2016-10-26 09:25:50','A',1,NULL,'test'),(37,19,'2016-10-26 09:25:52','A',1,NULL,'test'),(38,19,'2016-10-26 09:25:53','A',1,NULL,'test'),(39,4,'2016-10-26 09:28:04','A',1,NULL,'test'),(40,19,'2016-10-26 09:28:04','A',1,NULL,'test'),(41,4,'2016-10-26 09:32:57','A',1,NULL,'test'),(42,19,'2016-10-26 09:32:57','A',1,NULL,'test'),(43,19,'2016-10-26 09:32:58','A',1,NULL,'test'),(44,4,'2016-10-26 09:38:46','A',1,NULL,'test'),(45,19,'2016-10-26 09:38:46','A',1,NULL,'test'),(46,19,'2016-10-26 09:38:47','A',1,NULL,'test'),(47,19,'2016-10-26 11:13:33','A',1,NULL,'test'),(48,19,'2016-10-26 11:36:28','A',1,NULL,'test'),(49,19,'2016-10-26 11:36:29','A',1,NULL,'test'),(50,2,'2016-10-26 11:36:33','A',1,NULL,'test'),(51,19,'2016-10-26 11:36:33','A',1,NULL,'test'),(52,19,'2016-10-27 12:46:11','A',1,NULL,'test'),(53,19,'2016-10-27 13:03:38','A',1,NULL,'test'),(54,19,'2016-10-27 13:04:11','A',1,NULL,'test'),(55,19,'2016-10-27 13:21:24','A',1,NULL,'test'),(56,19,'2016-10-27 13:23:37','A',1,NULL,'test'),(57,19,'2016-10-27 14:11:03','A',1,NULL,'test'),(58,19,'2016-10-27 14:18:02','A',1,NULL,'test'),(59,19,'2016-10-27 14:19:43','A',1,NULL,'test'),(60,19,'2016-10-27 14:44:52','A',1,NULL,'test'),(61,19,'2016-10-27 14:50:28','A',1,NULL,'test'),(62,19,'2016-10-27 15:10:15','A',1,NULL,'test');
/*!40000 ALTER TABLE `od_event` ENABLE KEYS */;
UNLOCK TABLES;

--
-- Table structure for table `od_eventattribute`
--

DROP TABLE IF EXISTS `od_eventattribute`;
/*!40101 SET @saved_cs_client     = @@character_set_client */;
/*!40101 SET character_set_client = utf8 */;
CREATE TABLE `od_eventattribute` (
  `EventId` bigint(20) NOT NULL,
  `AttributeName` char(50) NOT NULL,
  `AttributeType` char(1) NOT NULL,
  `AttributeValue` varchar(150) NOT NULL
) ENGINE=MyISAM DEFAULT CHARSET=latin1;
/*!40101 SET character_set_client = @saved_cs_client */;

--
-- Dumping data for table `od_eventattribute`
--

LOCK TABLES `od_eventattribute` WRITE;
/*!40000 ALTER TABLE `od_eventattribute` DISABLE KEYS */;
/*!40000 ALTER TABLE `od_eventattribute` ENABLE KEYS */;
UNLOCK TABLES;

--
-- Table structure for table `od_eventtype`
--

DROP TABLE IF EXISTS `od_eventtype`;
/*!40101 SET @saved_cs_client     = @@character_set_client */;
/*!40101 SET character_set_client = utf8 */;
CREATE TABLE `od_eventtype` (
  `EventTypeId` int(11) NOT NULL AUTO_INCREMENT,
  `Name` varchar(150) NOT NULL,
  `World` char(1) NOT NULL,
  `Document` varchar(150) DEFAULT NULL,
  `Description` varchar(150) DEFAULT NULL,
  `Severity` varchar(45) DEFAULT NULL,
  `Event_Type` varchar(45) DEFAULT NULL,
  `Service` varchar(150) DEFAULT NULL,
  PRIMARY KEY (`EventTypeId`)
) ENGINE=MyISAM AUTO_INCREMENT=26 DEFAULT CHARSET=latin1;
/*!40101 SET character_set_client = @saved_cs_client */;

--
-- Dumping data for table `od_eventtype`
--

LOCK TABLES `od_eventtype` WRITE;
/*!40000 ALTER TABLE `od_eventtype` DISABLE KEYS */;
INSERT INTO `od_eventtype` VALUES (1,'Fire Alarm','R','http://www.pottersignal.com/training/manuals/8700055_firetrainingmanual.pdf','The Themperature and Gas parameter are out of the threshould','H','Alarm',NULL),(2,'Earthquake','R','http://www.conservation.ca.gov/index/Earthquakes/Pages/qh_earthquakes_what.aspx','Earthquake ','H','Alarm',NULL),(3,'Overheating','R',' http://shop.prusa3d.com/en/3d-printers/59-original-prusa-i3-mk2-kit.html','Dangerous conditions','M','Warning',NULL),(4,'Panic','R',NULL,'Dangerous conditions','H','Warning',NULL),(5,'Nozzle problem','V','http://shop.prusa3d.com/en/3d-printers/59-original-prusa-i3-mk2-kit.html','Nozzle are dierty','M','Warning',NULL),(6,'Nozzle broken','V','http://shop.prusa3d.com/en/3d-printers/59-original-prusa-i3-mk2-kit.html','Nozzle do not respond','H','Alarm',NULL),(7,'Mesh bed levelling','V','http://shop.prusa3d.com/en/3d-printers/59-original-prusa-i3-mk2-kit.html','Mesh bed levelling problem','M','Warning',NULL),(8,'Heatbed compensation','V','http://shop.prusa3d.com/en/3d-printers/59-original-prusa-i3-mk2-kit.html','Heatbed compensation corners error','M','Warning',NULL),(9,'Consumption','V','http://shop.prusa3d.com/en/3d-printers/59-original-prusa-i3-mk2-kit.html','Consumption is high','M','Warning',NULL),(10,'Calculation completed','D',NULL,'Simulation calculation is completed','L','Notification',NULL),(11,'Notify Technician','R',NULL,'Maintenance procedure need to be performed','M','Notification',NULL),(12,'Check Production Documentation','R',NULL,'Verify the malfunction from the specification','M','Notification',NULL),(13,'Adapt 3D printer PArameters','R',NULL,'Call the service to configure the printer parameters','M','Notification',NULL),(14,'Check simulation results','D',NULL,'Verify the results of the simulation','L','Notification',NULL),(15,'Print the Object','D',NULL,'Complete the printing task','L','Notification',NULL),(16,'Start monitoring','D',NULL,'Send a message to queue to start simulating program','L','Notification','http://localhost:8080/JAXRS-RESTEasy/rest/rest/start'),(17,'Notify Technician','R',NULL,'Conditions OK','L','Notification',NULL),(18,'High Temperature','R',NULL,'Temperature is too high','H','Warning',NULL),(19,'Gas Level High','R',NULL,'Level of CO2 is too high','H','Warning',NULL),(20,'Stop printer','R',NULL,'Stop printer','M','Notification',NULL),(21,'Evacuate ','R',NULL,'Evacuate factory','H','Alarm',NULL),(22,'Start augmentation','V',NULL,'Start augmentation','L','Notification',NULL),(23,'Display simulation','V',NULL,'Display simulation','L','Notification',NULL),(24,'OK','R',NULL,'Do nothing','L','Notification',NULL),(25,'Simulation completed','V',NULL,'Simulation completed','M','Notification',NULL);
/*!40000 ALTER TABLE `od_eventtype` ENABLE KEYS */;
UNLOCK TABLES;

--
-- Table structure for table `od_item`
--

DROP TABLE IF EXISTS `od_item`;
/*!40101 SET @saved_cs_client     = @@character_set_client */;
/*!40101 SET character_set_client = utf8 */;
CREATE TABLE `od_item` (
  `ItemId` int(11) NOT NULL AUTO_INCREMENT,
  `Name` varchar(50) NOT NULL,
  `Document` varchar(150) DEFAULT NULL,
  `Description` varchar(150) DEFAULT NULL,
  PRIMARY KEY (`ItemId`)
) ENGINE=MyISAM AUTO_INCREMENT=2 DEFAULT CHARSET=latin1;
/*!40101 SET character_set_client = @saved_cs_client */;

--
-- Dumping data for table `od_item`
--

LOCK TABLES `od_item` WRITE;
/*!40000 ALTER TABLE `od_item` DISABLE KEYS */;
INSERT INTO `od_item` VALUES (1,'Printer','\'http://shop.prusa3d.com/en/3d-printers/59-original-prusa-i3-mk2-kit.html\'','Printer for demo 3D');
/*!40000 ALTER TABLE `od_item` ENABLE KEYS */;
UNLOCK TABLES;

--
-- Table structure for table `od_itemattribute`
--

DROP TABLE IF EXISTS `od_itemattribute`;
/*!40101 SET @saved_cs_client     = @@character_set_client */;
/*!40101 SET character_set_client = utf8 */;
CREATE TABLE `od_itemattribute` (
  `AttributeId` bigint(20) NOT NULL,
  `ItemId` bigint(20) NOT NULL,
  `AttributeName` varchar(150) NOT NULL,
  `AttributeType` char(1) NOT NULL COMMENT 'N/T/L (Number/Text/Link)',
  `AttributeValue` varchar(150) NOT NULL
) ENGINE=MyISAM DEFAULT CHARSET=latin1;
/*!40101 SET character_set_client = @saved_cs_client */;

--
-- Dumping data for table `od_itemattribute`
--

LOCK TABLES `od_itemattribute` WRITE;
/*!40000 ALTER TABLE `od_itemattribute` DISABLE KEYS */;
INSERT INTO `od_itemattribute` VALUES (1,1,'Themperature','N','100'),(2,1,'Pressure','N','20'),(4,1,'panic','N','0'),(3,1,'gas','N','0'),(5,1,'axelerometerXaxis','N','0'),(6,1,'axelerometerYaxis','N','0'),(7,1,'humidity','N','0');
/*!40000 ALTER TABLE `od_itemattribute` ENABLE KEYS */;
UNLOCK TABLES;

--
-- Table structure for table `rw_object`
--

DROP TABLE IF EXISTS `rw_object`;
/*!40101 SET @saved_cs_client     = @@character_set_client */;
/*!40101 SET character_set_client = utf8 */;
CREATE TABLE `rw_object` (
  `RW_idObject` int(11) NOT NULL AUTO_INCREMENT,
  `RWstatusid` int(11) DEFAULT NULL,
  `RWobjectid` varchar(45) COLLATE utf8_unicode_ci DEFAULT NULL,
  `RWlotid` varchar(50) COLLATE utf8_unicode_ci DEFAULT NULL,
  `RWworkerid` varchar(50) COLLATE utf8_unicode_ci DEFAULT NULL,
  `RWdate` timestamp NULL DEFAULT NULL,
  PRIMARY KEY (`RW_idObject`),
  KEY `status_idx` (`RWstatusid`)
) ENGINE=InnoDB DEFAULT CHARSET=utf8 COLLATE=utf8_unicode_ci;
/*!40101 SET character_set_client = @saved_cs_client */;

--
-- Dumping data for table `rw_object`
--

LOCK TABLES `rw_object` WRITE;
/*!40000 ALTER TABLE `rw_object` DISABLE KEYS */;
/*!40000 ALTER TABLE `rw_object` ENABLE KEYS */;
UNLOCK TABLES;

--
-- Table structure for table `rw_simtool`
--

DROP TABLE IF EXISTS `rw_simtool`;
/*!40101 SET @saved_cs_client     = @@character_set_client */;
/*!40101 SET character_set_client = utf8 */;
CREATE TABLE `rw_simtool` (
  `simToolID` int(11) NOT NULL AUTO_INCREMENT,
  `temperature` varchar(11) COLLATE utf8_unicode_ci DEFAULT NULL,
  `humidity` varchar(45) COLLATE utf8_unicode_ci DEFAULT NULL,
  `pressure` varchar(50) COLLATE utf8_unicode_ci DEFAULT NULL,
  `axelerometerXaxis` varchar(50) COLLATE utf8_unicode_ci DEFAULT NULL,
  `axelerometerYaxis` varchar(50) COLLATE utf8_unicode_ci DEFAULT NULL,
  `gas` varchar(50) COLLATE utf8_unicode_ci DEFAULT NULL,
  `panic` varchar(20) COLLATE utf8_unicode_ci DEFAULT NULL,
  `simToolTime` varchar(20) COLLATE utf8_unicode_ci DEFAULT NULL,
  `ItemID` int(11) NOT NULL,
  PRIMARY KEY (`simToolID`)
) ENGINE=InnoDB AUTO_INCREMENT=52 DEFAULT CHARSET=utf8 COLLATE=utf8_unicode_ci;
/*!40101 SET character_set_client = @saved_cs_client */;

--
-- Dumping data for table `rw_simtool`
--

LOCK TABLES `rw_simtool` WRITE;
/*!40000 ALTER TABLE `rw_simtool` DISABLE KEYS */;
INSERT INTO `rw_simtool` VALUES (1,'20',NULL,NULL,'790','643','1023','0','2016.09.22.12.21.22',1),(2,'20',NULL,NULL,'790','643','1023','0','2016.09.22.16.46.41',1),(3,'20',NULL,NULL,'790','643','1023','0','2016.09.27.10.33.16',1),(4,'20',NULL,NULL,'790','643','1023','0','2016.09.27.10.35.36',1),(5,'20',NULL,NULL,'790','643','1023','0','2016.09.27.10.35.50',1),(6,'20',NULL,NULL,'790','643','1023','0','2016.09.27.12.14.16',1),(7,'20',NULL,NULL,'790','643','1023','0','2016.09.27.12.18.01',1),(8,'20',NULL,NULL,'790','643','1023','0','2016.09.27.12.19.15',1),(9,'20',NULL,NULL,'790','643','1023','0','2016.09.27.12.21.10',1),(10,'20',NULL,NULL,'790','643','1023','1','2016.09.27.12.25.51',1),(11,'20',NULL,NULL,'790','643','1023','1','2016.09.27.12.25.55',1),(12,'20',NULL,NULL,'790','643','1023','1','2016.09.27.12.26.03',1),(13,'20',NULL,NULL,'790','643','1023','1','2016.09.27.12.27.32',1),(14,'20',NULL,NULL,'7988','643','1023','1','2016.09.27.12.30.01',1),(15,'20',NULL,NULL,'7988','643','1023','1','2016.09.27.12.42.26',1),(16,'20',NULL,NULL,'7988','64','1023','1','2016.09.27.12.42.42',1),(17,'20',NULL,NULL,'7988','69','1023','0','2016.09.27.12.43.01',1),(18,'20',NULL,NULL,'7988','69','1023','0','2016.09.27.12.45.35',1),(19,'20',NULL,NULL,'7988','69','1023','0','2016.09.27.12.45.38',1),(20,'20',NULL,NULL,'7988','69','1023','0','2016.09.27.12.46.00',1),(21,'20',NULL,NULL,'7988','69','1023','1','2016.09.27.12.51.29',1),(22,'20',NULL,NULL,'7988','697','1023','1','2016.09.27.12.51.37',1),(23,'20',NULL,NULL,'7988','697','1023','1','2016.09.27.12.54.22',1),(24,'20',NULL,NULL,'7988','697','1023','1','2016.09.27.12.54.29',1),(25,'20',NULL,NULL,'7988','697','1023','0','2016.09.27.12.54.36',1),(26,'20',NULL,NULL,'7988','697','1023','1','2016.09.27.12.54.44',1),(27,'20',NULL,NULL,'7988','698','1023','1','2016.09.27.12.54.50',1),(28,'20',NULL,NULL,'7988','698','1023','1','2016.09.27.12.57.29',1),(29,'20',NULL,NULL,'7988','698','1023','1','2016.09.27.12.57.35',1),(30,'20',NULL,NULL,'7988','698','1023','1','2016.09.27.12.57.39',1),(31,'20',NULL,NULL,'7988','69','1023','1','2016.09.27.12.58.13',1),(32,'20',NULL,NULL,'7988','69','1023','1','2016.09.27.12.59.29',1),(33,'20',NULL,NULL,'7988','69','1023','0','2016.09.27.13.00.14',1),(34,'20',NULL,NULL,'7988','69','1023','0','2016.09.27.13.00.26',1),(35,'20',NULL,NULL,'7988','69','1023','0','2016.09.27.13.02.20',1),(36,'20',NULL,NULL,'7988','69','1023','0','2016.09.27.13.04.20',1),(37,'20',NULL,NULL,'7988','69','1023','0','2016.09.27.13.06.15',1),(38,'20',NULL,NULL,'7988','69','1023','0','2016.09.27.13.17.15',1),(39,'20',NULL,NULL,'7988','69','1023','0','2016.09.27.13.21.56',1),(40,'20',NULL,NULL,'7988','69','1023','0','2016.09.27.13.25.51',1),(41,'20',NULL,NULL,'7988','69','1023','0','2016.09.27.13.28.36',1),(42,'20',NULL,NULL,'7988','69','1023','0','2016.09.27.13.30.12',1),(43,'20',NULL,NULL,'7988','69','1023','1','2016.09.27.13.30.18',1),(44,'20',NULL,NULL,'7988','69','1023','1','2016.09.27.13.31.34',1),(45,'20',NULL,NULL,'7988','69','1023','1','2016.09.27.13.31.37',1),(46,'20',NULL,NULL,'7988','68','1023','1','2016.09.27.13.31.41',1),(47,'20',NULL,NULL,'7988','68','1023','0','2016.09.27.13.31.47',1),(48,'20',NULL,NULL,'7988','68','1023','0','2016.09.27.13.31.55',1),(49,'20',NULL,NULL,'7988','68','1023','0','2016.09.27.13.31.56',1),(50,'20',NULL,NULL,'7988','68','1023','1','2016.09.27.13.32.00',1),(51,'20',NULL,NULL,'7988','68','1023','1','2016.09.27.14.48.02',1);
/*!40000 ALTER TABLE `rw_simtool` ENABLE KEYS */;
UNLOCK TABLES;

--
-- Table structure for table `timeline`
--

DROP TABLE IF EXISTS `timeline`;
/*!40101 SET @saved_cs_client     = @@character_set_client */;
/*!40101 SET character_set_client = utf8 */;
CREATE TABLE `timeline` (
  `idTimeline` int(11) NOT NULL AUTO_INCREMENT,
  `xml` longtext COLLATE utf8_unicode_ci,
  `timestamp` timestamp NULL DEFAULT NULL,
  `objectid` varchar(45) COLLATE utf8_unicode_ci DEFAULT NULL,
  PRIMARY KEY (`idTimeline`)
) ENGINE=InnoDB DEFAULT CHARSET=utf8 COLLATE=utf8_unicode_ci;
/*!40101 SET character_set_client = @saved_cs_client */;

--
-- Dumping data for table `timeline`
--

LOCK TABLES `timeline` WRITE;
/*!40000 ALTER TABLE `timeline` DISABLE KEYS */;
/*!40000 ALTER TABLE `timeline` ENABLE KEYS */;
UNLOCK TABLES;
/*!40103 SET TIME_ZONE=@OLD_TIME_ZONE */;

/*!40101 SET SQL_MODE=@OLD_SQL_MODE */;
/*!40014 SET FOREIGN_KEY_CHECKS=@OLD_FOREIGN_KEY_CHECKS */;
/*!40014 SET UNIQUE_CHECKS=@OLD_UNIQUE_CHECKS */;
/*!40101 SET CHARACTER_SET_CLIENT=@OLD_CHARACTER_SET_CLIENT */;
/*!40101 SET CHARACTER_SET_RESULTS=@OLD_CHARACTER_SET_RESULTS */;
/*!40101 SET COLLATION_CONNECTION=@OLD_COLLATION_CONNECTION */;
/*!40111 SET SQL_NOTES=@OLD_SQL_NOTES */;

-- Dump completed on 2016-11-03 13:16:06
